true_prevalence,epsilon,seed,is_null_condition,noisy_count,noisy_proportion,ci_lower,ci_upper,detected
0.005,0.1,958958612,False,7,0.0015032662288917292,0.0,0.007987535219268331,True
0.005,0.1,118855314,False,37,0.008113132676660681,0.0016288636862840794,0.014597401667037282,True
0.005,0.1,1032749561,False,39,0.00838088198050621,0.0018966129901296092,0.014865150970882812,True
0.005,0.1,763373301,False,24,0.005133202173202309,0.0,0.011617471163578912,True
0.005,0.1,1289175743,False,36,0.007726682892799175,0.0012424139024225737,0.014210951883175777,True
0.005,0.1,1726216434,False,17,0.003727735791690558,0.0,0.01021200478206716,True
0.005,0.1,310868727,False,21,0.004613908753523901,0.0,0.011098177743900503,True
0.005,0.1,43357666,False,3,0.0007455389362396704,0.0,0.007229807926616272,True
0.005,0.1,2094958334,False,29,0.006192340829408831,0.0,0.012676609819785432,True
0.005,0.1,380770201,False,32,0.006975760732912423,0.0004914917425358212,0.013460029723289024,True
0.005,0.1,485165543,False,24,0.005130146887768393,0.0,0.011614415878144994,True
0.005,0.1,1081510317,False,27,0.005935865081437475,0.0,0.012420134071814077,True
0.005,0.1,937304369,False,24,0.005163539267904996,0.0,0.011647808258281597,True
0.005,0.1,1525966350,False,40,0.008646595134311506,0.002162326143934905,0.015130864124688108,True
0.005,0.1,1249698276,False,30,0.006490437429941029,6.168439564427364e-06,0.01297470642031763,True
0.005,0.1,181605581,False,20,0.004256847552606286,0.0,0.010741116542982886,True
0.005,0.1,1690015643,False,19,0.004120386955886252,0.0,0.010604655946262854,True
0.005,0.1,796931229,False,29,0.006301573431063962,0.0,0.012785842421440563,True
0.005,0.1,1674124897,False,15,0.0032318403703147985,0.0,0.009716109360691401,True
0.005,0.1,1491565459,False,20,0.0042870895019692466,0.0,0.010771358492345848,True
0.005,0.1,2139370443,False,34,0.007332251368500398,0.0008479823781237968,0.013816520358877,True
0.005,0.1,1677906325,False,28,0.00601017149498263,0.0,0.012494440485359231,True
0.005,0.1,604675548,False,34,0.007423108744826508,0.0009388397544499065,0.013907377735203109,True
0.005,0.1,8895751,False,21,0.004490972639903875,0.0,0.010975241630280477,True
0.005,0.1,1605658934,False,0,0.0,0.0,0.0064842689903766015,True
0.005,0.1,1045120036,False,28,0.0060486917039851195,0.0,0.01253296069436172,True
0.005,0.1,1509174427,False,50,0.010772683975154514,0.004288414984777913,0.017256952965531116,True
0.005,0.1,1724371047,False,28,0.005955030132473528,0.0,0.01243929912285013,True
0.005,0.1,1187402896,False,26,0.005696863296611322,0.0,0.012181132286987924,True
0.005,0.1,2109060386,False,17,0.0037198652903446426,0.0,0.010204134280721245,True
0.005,0.5,1612620886,False,23,0.0050057580949368855,0.003708904296861565,0.0063026118930122055,True
0.005,0.5,1653000169,False,16,0.0035111962176473496,0.0022143424195720292,0.00480805001572267,True
0.005,0.5,1574056709,False,21,0.00449093916599807,0.0031940853679227493,0.0057877929640733905,True
0.005,0.5,1765408963,False,18,0.00395862951114783,0.0026617757130725094,0.005255483309223151,True
0.005,0.5,494816964,False,16,0.0035284981020697304,0.00223164430399441,0.004825351900145051,True
0.005,0.5,1050479979,False,25,0.005385512751223119,0.004088658953147799,0.006682366549298439,True
0.005,0.5,1021569043,False,29,0.006310824663099548,0.005013970865024227,0.007607678461174869,True
0.005,0.5,987320405,False,23,0.005008843268624485,0.003711989470549165,0.006305697066699806,True
0.005,0.5,406565187,False,23,0.0050728409875995095,0.003775987189524189,0.006369694785674829,True
0.005,0.5,159658241,False,22,0.004860169699311848,0.0035633159012365277,0.006157023497387169,True
0.005,0.5,427819849,False,23,0.004884244255976618,0.0035873904579012974,0.006181098054051938,True
0.005,0.5,1176483225,False,20,0.004317503217533465,0.0030206494194581443,0.0056143570156087855,True
0.005,0.5,1280496958,False,23,0.004938830263876024,0.003641976465800704,0.006235684061951345,True
0.005,0.5,1397091622,False,23,0.00489369900098317,0.0035968452029078494,0.00619055279905849,True
0.005,0.5,445549703,False,27,0.005762041409522902,0.0044651876114475825,0.007058895207598222,True
0.005,0.5,1517447019,False,25,0.005320332063143332,0.004023478265068011,0.006617185861218653,True
0.005,0.5,1880710613,False,24,0.005244113455265667,0.003947259657190347,0.006540967253340987,True
0.005,0.5,1243427657,False,26,0.0057053877987154455,0.0044085340006401255,0.0070022415967907654,True
0.005,0.5,585625543,False,22,0.0047926200802510316,0.003495766282175711,0.006089473878326352,True
0.005,0.5,1880723309,False,24,0.005283959585985072,0.003987105787909751,0.0065808133840603925,True
0.005,0.5,1312730373,False,18,0.003902373144704642,0.0026055193466293218,0.005199226942779963,True
0.005,0.5,1243185883,False,22,0.004685672392012559,0.0033888185939372384,0.00598252619008788,True
0.005,0.5,1321736696,False,24,0.005095730092202336,0.0037988762941270154,0.006392583890277656,True
0.005,0.5,788899371,False,23,0.005025102118618121,0.0037282483205428,0.0063219559166934405,True
0.005,0.5,1487704172,False,24,0.005122994073692201,0.003826140275616881,0.006419847871767522,True
0.005,0.5,763651815,False,18,0.003961081360459525,0.0026642275623842047,0.005257935158534845,True
0.005,0.5,2009355922,False,23,0.00503473365602892,0.0037378798579535996,0.00633158745410424,True
0.005,0.5,785755220,False,24,0.005141182413663516,0.0038443286155881956,0.006438036211738836,True
0.005,0.5,1952051349,False,28,0.006142825699374773,0.004845971901299453,0.007439679497450093,True
0.005,0.5,511855343,False,22,0.004838731640987697,0.0035418778429123763,0.0061355854390630175,True
0.005,1.0,1672057569,False,21,0.004644641790253788,0.003996214891216128,0.005293068689291448,True
0.005,1.0,1784327856,False,24,0.005206134781167384,0.004557707882129724,0.005854561680205044,True
0.005,1.0,1473593715,False,23,0.005076305397379498,0.004427878498341838,0.005724732296417158,True
0.005,1.0,760508429,False,23,0.004895020368410739,0.004246593469373079,0.005543447267448399,True
0.005,1.0,176132050,False,21,0.004473745913074093,0.0038253190140364332,0.005122172812111753,True
0.005,1.0,138928264,False,23,0.004972082842576416,0.004323655943538756,0.005620509741614076,True
0.005,1.0,1472001914,False,23,0.004918245347204833,0.004269818448167173,0.005566672246242493,True
0.005,1.0,874557312,False,23,0.004962114394086061,0.004313687495048401,0.005610541293123721,True
0.005,1.0,12843229,False,22,0.004798298289528922,0.004149871390491262,0.005446725188566582,True
0.005,1.0,1456310368,False,21,0.004617613546255911,0.003969186647218251,0.005266040445293571,True
0.005,1.0,1123372723,False,23,0.005033919265292951,0.004385492366255291,0.005682346164330611,True
0.005,1.0,1427827805,False,25,0.005415804108070386,0.004767377209032726,0.006064231007108046,True
0.005,1.0,426901738,False,23,0.004963704779345693,0.004315277880308033,0.005612131678383353,True
0.005,1.0,525429630,False,23,0.005066786350808071,0.004418359451770411,0.005715213249845731,True
0.005,1.0,277597087,False,24,0.005227689712457039,0.004579262813419379,0.005876116611494699,True
0.005,1.0,1713335355,False,24,0.005239983636756016,0.004591556737718356,0.005888410535793676,True
0.005,1.0,1856059040,False,23,0.004907884831978676,0.004259457932941016,0.0055563117310163355,True
0.005,1.0,438838689,False,25,0.005372628948084992,0.004724202049047332,0.006021055847122652,True
0.005,1.0,229265289,False,23,0.004955402215394318,0.004306975316356658,0.005603829114431978,True
0.005,1.0,1646447797,False,23,0.004968661032430646,0.004320234133392986,0.005617087931468306,True
0.005,1.0,933128875,False,25,0.005354086328674476,0.004705659429636816,0.006002513227712136,True
0.005,1.0,2021632534,False,24,0.0052252152750519995,0.0045767883760143395,0.0058736421740896595,True
0.005,1.0,1597501691,False,21,0.0044710038756765585,0.0038225769766388985,0.0051194307747142185,True
0.005,1.0,1282245665,False,25,0.005481557811661289,0.004833130912623629,0.006129984710698949,True
0.005,1.0,2001646566,False,25,0.005340989992600706,0.004692563093563046,0.005989416891638366,True
0.005,1.0,2009646903,False,23,0.005039215289557566,0.004390788390519906,0.005687642188595226,True
0.005,1.0,238977158,False,22,0.004866817032520742,0.004218390133483082,0.005515243931558402,True
0.005,1.0,1198230180,False,23,0.004994450114052632,0.004346023215014972,0.005642877013090292,True
0.005,1.0,1113026626,False,22,0.0047270092569223,0.00407858235788464,0.00537543615595996,True
0.005,1.0,1047345279,False,23,0.005075309541087485,0.004426882642049825,0.005723736440125145,True
0.005,2.0,1155689697,False,22,0.004690011685929875,0.004365798236411045,0.005014225135448706,True
0.005,2.0,487395147,False,22,0.004860213054317683,0.004535999604798852,0.005184426503836513,True
0.005,2.0,885034440,False,24,0.005281806171748564,0.004957592722229734,0.005606019621267395,True
0.005,2.0,687920198,False,23,0.004927754095048937,0.0046035406455301065,0.005251967544567767,True
0.005,2.0,1252965564,False,23,0.004920458060401893,0.004596244610883062,0.005244671509920723,True
0.005,2.0,772072247,False,23,0.005047357687773173,0.004723144238254343,0.005371571137292004,True
0.005,2.0,2030802228,False,23,0.004993716618743452,0.0046695031692246215,0.005317930068262282,True
0.005,2.0,531974968,False,21,0.004644701472046468,0.004320488022527638,0.0049689149215652985,True
0.005,2.0,1314482471,False,23,0.005061749223430118,0.004737535773911288,0.0053859626729489485,True
0.005,2.0,1317586976,False,23,0.005014879542877115,0.004690666093358284,0.005339092992395945,True
0.005,2.0,783038452,False,23,0.005061922950215356,0.004737709500696526,0.005386136399734186,True
0.005,2.0,1236437028,False,23,0.004934293918523119,0.0046100804690042884,0.005258507368041949,True
0.005,2.0,1816912565,False,23,0.0050417413991902275,0.004717527949671397,0.005365954848709058,True
0.005,2.0,2140774486,False,23,0.005002933805017779,0.004678720355498949,0.00532714725453661,True
0.005,2.0,215899346,False,22,0.0047718460290432545,0.004447632579524424,0.005096059478562085,True
0.005,2.0,1462110340,False,23,0.004978477923873961,0.004654264474355131,0.0053026913733927915,True
0.005,2.0,505800901,False,24,0.005211345660186079,0.004887132210667248,0.005535559109704909,True
0.005,2.0,1257204383,False,22,0.0048591575447729735,0.004534944095254143,0.005183370994291804,True
0.005,2.0,429922018,False,25,0.005354133971112658,0.005029920521593827,0.005678347420631488,True
0.005,2.0,833784552,False,23,0.004896450892980884,0.004572237443462053,0.005220664342499714,True
0.005,2.0,454043265,False,23,0.0050724913533237975,0.004748277903804967,0.005396704802842628,True
0.005,2.0,2036142551,False,22,0.004861849564959756,0.004537636115440925,0.005186063014478586,True
0.005,2.0,309433186,False,23,0.005061312033744015,0.004737098584225184,0.005385525483262845,True
0.005,2.0,1242075376,False,23,0.005039672045284136,0.004715458595765306,0.0053638854948029665,True
0.005,2.0,278917737,False,23,0.005060558830936782,0.004736345381417951,0.005384772280455612,True
0.005,2.0,996480712,False,23,0.005033716689704338,0.004709503240185507,0.005357930139223168,True
0.005,2.0,318861156,False,23,0.004908702387313971,0.00458448893779514,0.005232915836832801,True
0.005,2.0,19570831,False,23,0.004961823480462877,0.004637610030944046,0.005286036929981707,True
0.005,2.0,2036229330,False,24,0.005091221611712305,0.0047670081621934745,0.005415435061231135,True
0.005,2.0,183950187,False,22,0.004846194597506113,0.004521981147987283,0.0051704080470249434,True
0.005,3.0,182501170,False,23,0.0049767598618759585,0.004760617562196739,0.005192902161555178,True
0.005,3.0,1199842931,False,22,0.004795699352423694,0.004579557052744474,0.005011841652102914,True
0.005,3.0,1850423615,False,23,0.004944641501849187,0.004728499202169967,0.0051607838015284065,True
0.005,3.0,205127250,False,23,0.004932066687811579,0.004715924388132359,0.005148208987490799,True
0.005,3.0,1872306093,False,23,0.004913266205852313,0.004697123906173093,0.005129408505531533,True
0.005,3.0,1867774544,False,23,0.004903931088996354,0.004687788789317134,0.005120073388675574,True
0.005,3.0,313875062,False,23,0.004955422208842689,0.004739279909163469,0.005171564508521909,True
0.005,3.0,555533723,False,23,0.005001648074512068,0.004785505774832849,0.005217790374191288,True
0.005,3.0,297394799,False,23,0.005026794906512823,0.004810652606833604,0.005242937206192043,True
0.005,3.0,776683420,False,23,0.005010318241567239,0.004794175941888019,0.005226460541246459,True
0.005,3.0,1422611561,False,23,0.004895322832617456,0.004679180532938236,0.005111465132296675,True
0.005,3.0,2083075479,False,23,0.00503685760930922,0.00482071530963,0.00525299990898844,True
0.005,3.0,1733774671,False,23,0.004972301828215018,0.004756159528535799,0.005188444127894238,True
0.005,3.0,1549172073,False,24,0.005272936331610536,0.005056794031931316,0.005489078631289755,True
0.005,3.0,556579768,False,23,0.0049651990684773,0.0047490567687980805,0.00518134136815652,True
0.005,3.0,246282878,False,23,0.004940954948152994,0.004724812648473774,0.005157097247832213,True
0.005,3.0,1140064346,False,23,0.004990929183947022,0.004774786884267803,0.005207071483626242,True
0.005,3.0,1079531178,False,23,0.00507819168876432,0.0048620493890851,0.00529433398844354,True
0.005,3.0,242745149,False,24,0.005203062245462825,0.004986919945783605,0.005419204545142045,True
0.005,3.0,681776082,False,23,0.004918598342814303,0.004702456043135083,0.005134740642493522,True
0.005,3.0,1250818454,False,23,0.004895173121472844,0.004679030821793624,0.005111315421152064,True
0.005,3.0,1768216844,False,23,0.004953117562656822,0.004736975262977602,0.005169259862336042,True
0.005,3.0,2005282576,False,22,0.0048245129093194014,0.004608370609640182,0.005040655208998621,True
0.005,3.0,1661384267,False,23,0.004982342041100869,0.004766199741421649,0.005198484340780089,True
0.005,3.0,1168422132,False,24,0.0052466016784333625,0.005030459378754143,0.005462743978112582,True
0.005,3.0,1361251442,False,23,0.005072563944621832,0.004856421644942612,0.005288706244301051,True
0.005,3.0,1609480868,False,23,0.004949963416039246,0.004733821116360027,0.005166105715718466,True
0.005,3.0,111499113,False,22,0.0047528840243384884,0.004536741724659269,0.004969026324017708,True
0.005,3.0,146190276,False,23,0.0050248394554869525,0.004808697155807733,0.005240981755166172,True
0.005,3.0,539951549,False,24,0.005150357194073229,0.0049342148943940095,0.005366499493752449,True
0.005,4.0,1943615716,False,22,0.0047062090415506954,0.00454410231679128,0.004868315766310111,True
0.005,4.0,1691228111,False,23,0.005055844874800856,0.004893738150041441,0.005217951599560271,True
0.005,4.0,655680289,False,23,0.004942892174316343,0.004780785449556928,0.005104998899075759,True
0.005,4.0,1076223968,False,23,0.0049903399338350396,0.004828233209075624,0.005152446658594455,True
0.005,4.0,1195879774,False,23,0.00498211401220977,0.004820007287450355,0.005144220736969185,True
0.005,4.0,441831728,False,23,0.004944913768978538,0.004782807044219123,0.005107020493737954,True
0.005,4.0,1175181731,False,23,0.004886042784348055,0.00472393605958864,0.005048149509107471,True
0.005,4.0,1414298440,False,23,0.005013274354528152,0.004851167629768737,0.0051753810792875676,True
0.005,4.0,306429494,False,23,0.004992437308398838,0.004830330583639423,0.0051545440331582535,True
0.005,4.0,870373330,False,23,0.004980535581117701,0.004818428856358286,0.005142642305877116,True
0.005,4.0,1049834715,False,23,0.004934308350178322,0.004772201625418907,0.005096415074937737,True
0.005,4.0,1002834722,False,22,0.004813165481425479,0.004651058756666064,0.004975272206184894,True
0.005,4.0,424425140,False,23,0.004968518350009183,0.004806411625249768,0.005130625074768598,True
0.005,4.0,1634680899,False,23,0.004994939918159472,0.004832833193400057,0.005157046642918888,True
0.005,4.0,1967421191,False,22,0.004821399869479714,0.004659293144720298,0.004983506594239129,True
0.005,4.0,1598131613,False,23,0.004983453859706803,0.004821347134947388,0.005145560584466218,True
0.005,4.0,1684894963,False,23,0.004952916393849045,0.00479080966908963,0.0051150231186084605,True
0.005,4.0,1498265033,False,23,0.004974954847796769,0.0048128481230373535,0.005137061572556184,True
0.005,4.0,1477590963,False,23,0.004972604734444156,0.004810498009684741,0.005134711459203571,True
0.005,4.0,1310964106,False,23,0.004971936442034834,0.004809829717275419,0.005134043166794249,True
0.005,4.0,774516895,False,23,0.005006751955289515,0.0048446452305301,0.0051688586800489305,True
0.005,4.0,1590395539,False,22,0.004845272873273702,0.004683166148514287,0.005007379598033117,True
0.005,4.0,369881587,False,23,0.005042698831063876,0.0048805921063044605,0.005204805555823291,True
0.005,4.0,1849190890,False,23,0.004948589322252352,0.004786482597492937,0.005110696047011767,True
0.005,4.0,1775141466,False,23,0.004936202793363241,0.004774096068603826,0.005098309518122656,True
0.005,4.0,1903565655,False,23,0.004980687107330712,0.004818580382571297,0.005142793832090127,True
0.005,4.0,372142703,False,23,0.004996862546772076,0.004834755822012661,0.005158969271531491,True
0.005,4.0,2037824009,False,22,0.004852165232472344,0.0046900585077129285,0.005014271957231759,True
0.005,4.0,926096862,False,24,0.00508937188364137,0.004927265158881955,0.005251478608400785,True
0.005,4.0,217757568,False,22,0.004821666962627638,0.004659560237868223,0.004983773687387053,True
0.005,5.0,800246603,False,23,0.004959732373487782,0.00483004699368025,0.005089417753295314,True
0.005,5.0,636178328,False,23,0.005013524386985283,0.0048838390071777515,0.005143209766792815,True
0.005,5.0,1487655498,False,23,0.0050296802316223965,0.004899994851814865,0.005159365611429928,True
0.005,5.0,663984924,False,23,0.005026441883236785,0.0048967565034292535,0.005156127263044317,True
0.005,5.0,1691532912,False,23,0.005020912078007673,0.004891226698200141,0.005150597457815205,True
0.005,5.0,576856375,False,23,0.0049601775702118565,0.004830492190404325,0.005089862950019388,True
0.005,5.0,186240487,False,23,0.004946179904133472,0.0048164945243259405,0.005075865283941004,True
0.005,5.0,1129053497,False,24,0.0051197409837864995,0.004990055603978968,0.005249426363594031,True
0.005,5.0,1740346887,False,23,0.004980833941204324,0.004851148561396792,0.005110519321011856,True
0.005,5.0,596177529,False,23,0.0049727583556823055,0.004843072975874774,0.005102443735489837,True
0.005,5.0,357691072,False,23,0.00506189941994238,0.0049322140401348484,0.005191584799749912,True
0.005,5.0,1196417333,False,23,0.005011377338245679,0.004881691958438147,0.005141062718053211,True
0.005,5.0,1818210438,False,23,0.005044099457761157,0.004914414077953625,0.005173784837568689,True
0.005,5.0,1405066951,False,23,0.004937794024550287,0.004808108644742755,0.005067479404357819,True
0.005,5.0,2121256837,False,23,0.004951507382265153,0.004821822002457621,0.0050811927620726845,True
0.005,5.0,924270760,False,23,0.005058373881163029,0.0049286885013554976,0.005188059260970561,True
0.005,5.0,1624024636,False,23,0.004918730911620831,0.0047890455318133,0.005048416291428363,True
0.005,5.0,1299046073,False,23,0.004970282571141117,0.0048405971913335856,0.005099967950948649,True
0.005,5.0,780944204,False,23,0.004969573897698122,0.00483988851789059,0.005099259277505654,True
0.005,5.0,718837163,False,23,0.005038731046825228,0.004909045667017696,0.00516841642663276,True
0.005,5.0,1905626893,False,23,0.004974622696460819,0.0048449373166532875,0.005104308076268351,True
0.005,5.0,1859359763,False,23,0.005003641741151928,0.004873956361344396,0.0051333271209594595,True
0.005,5.0,1690262166,False,23,0.00495049089407543,0.004820805514267898,0.005080176273882962,True
0.005,5.0,314202385,False,24,0.005225711330545533,0.005096025950738001,0.005355396710353065,True
0.005,5.0,2029516818,False,23,0.004961063031463184,0.004831377651655653,0.005090748411270716,True
0.005,5.0,516672431,False,23,0.004994690513664678,0.004865005133857146,0.00512437589347221,True
0.005,5.0,1039200561,False,22,0.004868260907814171,0.004738575528006639,0.004997946287621703,True
0.005,5.0,1484177749,False,23,0.005049182360903994,0.0049194969810964625,0.005178867740711526,True
0.005,5.0,280258076,False,23,0.004998276054253915,0.004868590674446383,0.005127961434061447,True
0.005,5.0,267546211,False,23,0.005021247946488689,0.004891562566681157,0.005150933326296221,True
0.005,6.0,1020506548,False,23,0.00500891771948194,0.00490084656964233,0.00511698886932155,True
0.005,6.0,69858386,False,23,0.0050122470653092685,0.004904175915469659,0.005120318215148878,True
0.005,6.0,1064562151,False,23,0.005077688912723555,0.004969617762883945,0.005185760062563165,True
0.005,6.0,1360390527,False,23,0.00499178631921749,0.00488371516937788,0.0050998574690571,True
0.005,6.0,1317275514,False,23,0.005003618976922133,0.004895547827082523,0.005111690126761743,True
0.005,6.0,832010232,False,23,0.004984143473255791,0.004876072323416181,0.005092214623095401,True
0.005,6.0,95037158,False,23,0.005022861191152679,0.004914790041313069,0.005130932340992289,True
0.005,6.0,782624872,False,23,0.005016341195433478,0.004908270045593868,0.005124412345273088,True
0.005,6.0,765450058,False,23,0.004980847107487357,0.004872775957647747,0.005088918257326967,True
0.005,6.0,557022253,False,23,0.004929272154472641,0.004821201004633031,0.00503734330431225,True
0.005,6.0,641256111,False,23,0.004963202013852471,0.004855130864012861,0.005071273163692081,True
0.005,6.0,1135064261,False,23,0.004953204281227774,0.004845133131388164,0.005061275431067384,True
0.005,6.0,1864097501,False,23,0.004978387879807833,0.004870316729968223,0.005086459029647443,True
0.005,6.0,485161098,False,23,0.0049729571965894245,0.004864886046749815,0.005081028346429034,True
0.005,6.0,1484122597,False,23,0.005033124758032262,0.004925053608192652,0.005141195907871872,True
0.005,6.0,666467518,False,23,0.0049741323335974075,0.004866061183757798,0.005082203483437017,True
0.005,6.0,1139990110,False,23,0.004995654572350265,0.004887583422510655,0.005103725722189875,True
0.005,6.0,165617168,False,23,0.004892605417956109,0.0047845342681164995,0.005000676567795719,True
0.005,6.0,1646207861,False,23,0.005035871328150613,0.0049278001783110035,0.005143942477990223,True
0.005,6.0,1588427485,False,23,0.004986186151465321,0.004878115001625711,0.005094257301304931,True
0.005,6.0,1072268903,False,23,0.005047177409622267,0.004939106259782657,0.005155248559461876,True
0.005,6.0,52987442,False,23,0.00498805992343352,0.00487998877359391,0.00509613107327313,True
0.005,6.0,605926957,False,23,0.005020679841811427,0.004912608691971817,0.005128750991651037,True
0.005,6.0,1348624613,False,23,0.0049198320112343935,0.004811760861394784,0.005027903161074003,True
0.005,6.0,2129419715,False,23,0.0049749673955174845,0.004866896245677875,0.005083038545357094,True
0.005,6.0,247778987,False,23,0.004970086053032577,0.004862014903192967,0.005078157202872187,True
0.005,6.0,942727179,False,23,0.004929586135630848,0.004821514985791238,0.005037657285470458,True
0.005,6.0,722226009,False,24,0.0050938702190918795,0.00498579906925227,0.005201941368931489,True
0.005,6.0,1933412685,False,23,0.0049717481241001145,0.004863676974260505,0.005079819273939724,True
0.005,6.0,1275613357,False,23,0.0049653053495734645,0.004857234199733855,0.005073376499413074,True
0.005,8.0,274707651,False,23,0.004931361477045776,0.0048503081146660685,0.005012414839425483,True
0.005,8.0,942794863,False,23,0.004953410489518211,0.004872357127138504,0.005034463851897918,True
0.005,8.0,2007516656,False,23,0.0050151097052313605,0.004934056342851653,0.005096163067611068,True
0.005,8.0,1831356630,False,23,0.005031002619638866,0.004949949257259159,0.005112055982018573,True
0.005,8.0,865545793,False,23,0.004936130121094339,0.004855076758714632,0.005017183483474046,True
0.005,8.0,1858897839,False,23,0.004974344337888464,0.004893290975508757,0.005055397700268171,True
0.005,8.0,399864884,False,23,0.0049869470842221425,0.004905893721842435,0.00506800044660185,True
0.005,8.0,1373185526,False,23,0.004994669939909202,0.004913616577529495,0.005075723302288909,True
0.005,8.0,334161957,False,23,0.004969465035996137,0.00488841167361643,0.005050518398375844,True
0.005,8.0,868052828,False,23,0.004988394446067793,0.004907341083688086,0.0050694478084475,True
0.005,8.0,1848174509,False,23,0.004973526308924759,0.004892472946545052,0.005054579671304466,True
0.005,8.0,505118573,False,23,0.004980673873443153,0.004899620511063445,0.00506172723582286,True
0.005,8.0,1173171115,False,23,0.004942166710092812,0.004861113347713105,0.005023220072472519,True
0.005,8.0,1167579349,False,23,0.004969382253131008,0.004888328890751301,0.005050435615510715,True
0.005,8.0,147682523,False,23,0.0050726855178699175,0.00499163215549021,0.005153738880249625,True
0.005,8.0,2000107538,False,23,0.004972899080969409,0.004891845718589702,0.0050539524433491165,True
0.005,8.0,828205291,False,23,0.004993763497230406,0.004912710134850699,0.005074816859610113,True
0.005,8.0,1198718905,False,23,0.004991240509834643,0.004910187147454936,0.0050722938722143505,True
0.005,8.0,325669839,False,23,0.004980551663207909,0.004899498300828202,0.0050616050255876165,True
0.005,8.0,677047340,False,23,0.004941111467001579,0.0048600581046218715,0.005022164829381286,True
0.005,8.0,699588287,False,23,0.004953631213856878,0.004872577851477171,0.0050346845762365856,True
0.005,8.0,1169015667,False,23,0.0049865712259348615,0.004905517863555154,0.005067624588314569,True
0.005,8.0,1950442325,False,23,0.0049180974399657225,0.004837044077586015,0.00499915080234543,True
0.005,8.0,1285041179,False,23,0.004972412556717392,0.0048913591943376845,0.005053465919097099,True
0.005,8.0,221712138,False,23,0.005026304879444702,0.0049452515170649945,0.005107358241824409,True
0.005,8.0,1968374480,False,23,0.0049830709016486265,0.004902017539268919,0.005064124264028334,True
0.005,8.0,958108629,False,23,0.004974812788357336,0.004893759425977629,0.0050558661507370435,True
0.005,8.0,980631795,False,23,0.004886636375070189,0.004805583012690482,0.004967689737449896,True
0.005,8.0,1976301137,False,23,0.0049429671764023185,0.004861913814022611,0.005024020538782026,True
0.005,8.0,1531793772,False,23,0.0050048723705927705,0.004923819008213063,0.005085925732972478,True
0.005,10.0,784754350,False,23,0.005009791767596751,0.004944949077692985,0.005074634457500517,True
0.005,10.0,1837561411,False,23,0.005007281104960595,0.004942438415056829,0.0050721237948643605,True
0.005,10.0,110907394,False,23,0.0049568549186815,0.004892012228777734,0.005021697608585266,True
0.005,10.0,616974006,False,23,0.004966653293570384,0.004901810603666618,0.00503149598347415,True
0.005,10.0,1769404977,False,23,0.00496297494893902,0.004898132259035254,0.0050278176388427855,True
0.005,10.0,1394648748,False,23,0.004980986062202021,0.004916143372298255,0.005045828752105787,True
0.005,10.0,1097734646,False,23,0.004964683933894328,0.004899841243990562,0.005029526623798094,True
0.005,10.0,71899400,False,23,0.0049759688832771475,0.004911126193373382,0.005040811573180913,True
0.005,10.0,1369736609,False,23,0.005025396927421156,0.00496055423751739,0.005090239617324922,True
0.005,10.0,597000882,False,23,0.005023671704797538,0.0049588290148937725,0.005088514394701304,True
0.005,10.0,1655227138,False,23,0.004981635237912529,0.004916792548008763,0.005046477927816295,True
0.005,10.0,2020647126,False,23,0.004981934457790395,0.0049170917678866295,0.005046777147694161,True
0.005,10.0,1025882421,False,23,0.004993834628522135,0.004928991938618369,0.005058677318425901,True
0.005,10.0,784386553,False,23,0.004956399092265694,0.004891556402361928,0.0050212417821694595,True
0.005,10.0,1982521244,False,23,0.004977715635895083,0.004912872945991317,0.005042558325798849,True
0.005,10.0,2119814443,False,23,0.004975568948263775,0.004910726258360009,0.005040411638167541,True
0.005,10.0,1369437710,False,23,0.005003499391425973,0.004938656701522207,0.005068342081329739,True
0.005,10.0,1651566787,False,24,0.005103989886843485,0.005039147196939719,0.005168832576747251,True
0.005,10.0,1858176820,False,23,0.0049678772649160265,0.004903034575012261,0.005032719954819792,True
0.005,10.0,695404401,False,23,0.005020294538461608,0.0049554518485578425,0.005085137228365374,True
0.005,10.0,1696843227,False,23,0.004993380936171511,0.0049285382462677454,0.005058223626075277,True
0.005,10.0,2138093362,False,23,0.0049667457916414345,0.004901903101737669,0.0050315884815452004,True
0.005,10.0,1039634566,False,23,0.0049481350179492335,0.0048832923280454675,0.005012977707852999,True
0.005,10.0,1102111328,False,23,0.00498262692509622,0.004917784235192454,0.005047469614999986,True
0.005,10.0,1342722633,False,23,0.00499522369883324,0.0049303810089294745,0.005060066388737006,True
0.005,10.0,428251010,False,23,0.004911064723156311,0.004846222033252545,0.0049759074130600765,True
0.005,10.0,125328779,False,23,0.004964959081077527,0.004900116391173761,0.005029801770981293,True
0.005,10.0,145989874,False,23,0.004978962935431851,0.004914120245528085,0.005043805625335617,True
0.005,10.0,1480963201,False,23,0.00504991874505132,0.004985076055147554,0.005114761434955086,True
0.005,10.0,157866930,False,23,0.0049736688065006385,0.004908826116596873,0.005038511496404404,True
0.01,0.1,1741079451,False,37,0.007935233436635578,0.0014509644462589767,0.01441950242701218,True
0.01,0.1,1928666856,False,49,0.01051825771149229,0.0040339887211156885,0.017002526701868893,True
0.01,0.1,379890465,False,68,0.014739706066356092,0.008255437075979491,0.021223975056732694,True
0.01,0.1,1368109698,False,74,0.015919669616979375,0.009435400626602773,0.022403938607355976,True
0.01,0.1,2112264179,False,38,0.008176705648221844,0.0016924366578452421,0.014660974638598445,True
0.01,0.1,1340536314,False,35,0.007524687169022382,0.0010404181786457809,0.014008956159398983,True
0.01,0.1,2055305003,False,0,0.0,0.0,0.0064842689903766015,True
0.01,0.1,1106249270,False,40,0.00863442337590302,0.0021501543855264177,0.01511869236627962,True
0.01,0.1,727061187,False,31,0.006713140946244284,0.00022887195586768216,0.013197409936620885,True
0.01,0.1,888197487,False,59,0.012719054283356917,0.006234785292980315,0.019203323273733516,True
0.01,0.1,1602442736,False,46,0.010058274710832158,0.003574005720455556,0.016542543701208758,True
0.01,0.1,2132760819,False,26,0.005522269886668066,0.0,0.012006538877044667,True
0.01,0.1,1223205406,False,49,0.010583347324352949,0.004099078333976347,0.01706761631472955,True
0.01,0.1,588391014,False,23,0.005034206413548394,0.0,0.011518475403924994,True
0.01,0.1,1652280436,False,52,0.011329336949788134,0.004845067959411533,0.017813605940164734,True
0.01,0.1,2078445140,False,39,0.008466526178307671,0.0019822571879310694,0.014950795168684273,True
0.01,0.1,793683079,False,60,0.013091799360690846,0.006607530370314245,0.019576068351067448,True
0.01,0.1,692995652,False,43,0.00924359545405035,0.002759326463673748,0.01572786444442695,True
0.01,0.1,1542046505,False,40,0.008627491849592602,0.0021432228592160006,0.015111760839969204,True
0.01,0.1,1073970599,False,55,0.011972735705358051,0.00548846671498145,0.018457004695734653,True
0.01,0.1,1730910198,False,45,0.009751954889211004,0.003267685898834402,0.016236223879587605,True
0.01,0.1,1650748501,False,44,0.009608856554229887,0.003124587563853285,0.016093125544606488,True
0.01,0.1,15046793,False,55,0.012003797817352103,0.005519528826975501,0.018488066807728704,True
0.01,0.1,1318256285,False,33,0.007127484983879756,0.0006432159935031547,0.013611753974256357,True
0.01,0.1,12172611,False,51,0.010972960596488288,0.004488691606111686,0.017457229586864888,True
0.01,0.1,465645888,False,53,0.011554853571909026,0.005070584581532424,0.018039122562285625,True
0.01,0.1,1380851589,False,17,0.003667961585258376,0.0,0.010152230575634977,True
0.01,0.1,1989347219,False,34,0.007388264421681938,0.0009039954313053364,0.01387253341205854,True
0.01,0.1,2022756489,False,36,0.007717464132566425,0.0012331951421898236,0.014201733122943027,True
0.01,0.1,254723211,False,45,0.009683506647276243,0.003199237656899641,0.016167775637652843,True
0.01,0.5,769551334,False,48,0.010458329072773286,0.009161475274697966,0.011755182870848606,True
0.01,0.5,1190752145,False,46,0.009881260886768467,0.008584407088693147,0.011178114684843787,True
0.01,0.5,1051050389,False,46,0.009951574035156561,0.008654720237081241,0.011248427833231881,True
0.01,0.5,836483044,False,54,0.011645670023933945,0.010348816225858625,0.012942523822009265,True
0.01,0.5,1163802078,False,48,0.010308506329018152,0.009011652530942832,0.011605360127093471,True
0.01,0.5,1771314474,False,47,0.010083245079430519,0.008786391281355199,0.011380098877505839,True
0.01,0.5,15228685,False,46,0.010000446295688437,0.008703592497613117,0.011297300093763757,True
0.01,0.5,1248519306,False,44,0.009604923102529268,0.008308069304453948,0.010901776900604588,True
0.01,0.5,1951007592,False,45,0.009766019588543763,0.008469165790468443,0.011062873386619083,True
0.01,0.5,102190829,False,46,0.010052840909774128,0.008755987111698808,0.011349694707849448,True
0.01,0.5,1169509156,False,41,0.008843590420351087,0.0075467366222757674,0.010140444218426407,True
0.01,0.5,1119605152,False,44,0.009584729431455505,0.008287875633380185,0.010881583229530825,True
0.01,0.5,1166803687,False,45,0.009797129967352212,0.008500276169276892,0.011093983765427532,True
0.01,0.5,1266830539,False,46,0.009993308025172676,0.008696454227097356,0.011290161823247996,True
0.01,0.5,1282235757,False,46,0.009902207423801847,0.008605353625726527,0.011199061221877167,True
0.01,0.5,1137163678,False,47,0.010249274275093508,0.008952420477018188,0.011546128073168828,True
0.01,0.5,1435523800,False,45,0.009806609610420807,0.008509755812345487,0.011103463408496127,True
0.01,0.5,750396881,False,47,0.010147739225863404,0.008850885427788084,0.011444593023938724,True
0.01,0.5,184149655,False,48,0.010327989106993103,0.009031135308917783,0.011624842905068423,True
0.01,0.5,1218731755,False,42,0.008991803888172868,0.007694950090097548,0.010288657686248188,True
0.01,0.5,89058011,False,46,0.009902553771350022,0.008605699973274702,0.011199407569425342,True
0.01,0.5,1517489119,False,45,0.00978570521464814,0.00848885141657282,0.01108255901272346,True
0.01,0.5,1907449105,False,44,0.00952963362013322,0.0082327798220579,0.01082648741820854,True
0.01,0.5,1618016150,False,41,0.008802445435773167,0.007505591637697847,0.010099299233848487,True
0.01,0.5,1892290438,False,49,0.010554043629163288,0.009257189831087968,0.011850897427238608,True
0.01,0.5,1286649278,False,47,0.010072119799560486,0.008775266001485166,0.011368973597635806,True
0.01,0.5,2011969088,False,48,0.010402413042827371,0.009105559244752051,0.011699266840902691,True
0.01,0.5,683554436,False,49,0.010573701270638444,0.009276847472563124,0.011870555068713763,True
0.01,0.5,1531339780,False,46,0.009955595153618421,0.008658741355543101,0.011252448951693741,True
0.01,0.5,246134789,False,39,0.008386330964675403,0.007089477166600083,0.009683184762750723,True
0.01,1.0,769120401,False,46,0.010060691800456257,0.009412264901418596,0.010709118699493918,True
0.01,1.0,757565801,False,48,0.01033243092470811,0.00968400402567045,0.010980857823745771,True
0.01,1.0,927779612,False,47,0.010068597615285174,0.009420170716247513,0.010717024514322835,True
0.01,1.0,565910261,False,43,0.00920411568579366,0.008555688786756,0.009852542584831321,True
0.01,1.0,172752194,False,46,0.009962858613663092,0.009314431714625431,0.010611285512700753,True
0.01,1.0,1321109441,False,46,0.009988303236709718,0.009339876337672057,0.010636730135747379,True
0.01,1.0,83455141,False,47,0.010165780398125393,0.009517353499087732,0.010814207297163054,True
0.01,1.0,1120037061,False,47,0.010225964787208832,0.00957753788817117,0.010874391686246493,True
0.01,1.0,325515258,False,46,0.009868541948775312,0.00922011504973765,0.010516968847812972,True
0.01,1.0,892318569,False,45,0.009804725515700264,0.009156298616662603,0.010453152414737925,True
0.01,1.0,1180090664,False,48,0.010334642717035998,0.009686215817998337,0.010983069616073659,True
0.01,1.0,158848258,False,48,0.010387285865255532,0.009738858966217871,0.011035712764293193,True
0.01,1.0,1308151047,False,44,0.009497700469481094,0.008849273570443433,0.010146127368518755,True
0.01,1.0,360265463,False,45,0.009836959644320986,0.009188532745283326,0.010485386543358647,True
0.01,1.0,1155062127,False,46,0.009934871693556576,0.009286444794518916,0.010583298592594237,True
0.01,1.0,1911379207,False,46,0.009969957384337756,0.009321530485300095,0.010618384283375417,True
0.01,1.0,652708717,False,46,0.00992653897685458,0.00927811207781692,0.010574965875892241,True
0.01,1.0,1548581864,False,47,0.010155103564271357,0.009506676665233697,0.010803530463309018,True
0.01,1.0,1656552094,False,50,0.010751711661409438,0.010103284762371777,0.011400138560447099,True
0.01,1.0,1831387109,False,45,0.009746317879033312,0.009097890979995651,0.010394744778070973,True
0.01,1.0,1727504774,False,46,0.01003089858157603,0.00938247168253837,0.010679325480613691,True
0.01,1.0,63809485,False,45,0.009689522694746357,0.009041095795708696,0.010337949593784018,True
0.01,1.0,2088500592,False,46,0.010024874023425346,0.009376447124387685,0.010673300922463007,True
0.01,1.0,576700718,False,46,0.009889326592955588,0.009240899693917927,0.010537753491993249,True
0.01,1.0,1441790058,False,47,0.010142496385430202,0.009494069486392542,0.010790923284467863,True
0.01,1.0,625662623,False,47,0.010145105915779327,0.009496679016741666,0.010793532814816988,True
0.01,1.0,1976318255,False,44,0.00949342307305269,0.008844996174015029,0.01014184997209035,True
0.01,1.0,1980679551,False,46,0.009867504044757194,0.009219077145719533,0.010515930943794854,True
0.01,1.0,340526942,False,46,0.010014116102411187,0.009365689203373526,0.010662543001448848,True
0.01,1.0,1015819194,False,46,0.01004275254898034,0.00939432564994268,0.010691179448018001,True
0.01,2.0,756566227,False,46,0.010027777010010378,0.009703563560491547,0.010351990459529208,True
0.01,2.0,382755981,False,46,0.01004260299393794,0.00971838954441911,0.01036681644345677,True
0.01,2.0,939867802,False,45,0.009837275079952289,0.009513061630433459,0.01016148852947112,True
0.01,2.0,2103571867,False,46,0.009883607721142596,0.009559394271623766,0.010207821170661427,True
0.01,2.0,614346110,False,46,0.010033672081018342,0.009709458631499511,0.010357885530537172,True
0.01,2.0,1152789990,False,47,0.010217962017372354,0.009893748567853524,0.010542175466891185,True
0.01,2.0,226783618,False,45,0.009657788748439132,0.009333575298920302,0.009982002197957963,True
0.01,2.0,1477329013,False,46,0.009936409072273049,0.009612195622754218,0.01026062252179188,True
0.01,2.0,1663718529,False,46,0.010002959743632377,0.009678746294113546,0.010327173193151207,True
0.01,2.0,1886268771,False,46,0.010044836598734234,0.009720623149215403,0.010369050048253064,True
0.01,2.0,1588950316,False,46,0.010037518646313708,0.009713305196794877,0.010361732095832538,True
0.01,2.0,1134477745,False,45,0.00976169915840591,0.00943748570888708,0.01008591260792474,True
0.01,2.0,1924315721,False,45,0.009780257730052056,0.009456044280533225,0.010104471179570886,True
0.01,2.0,964059358,False,46,0.009949204546214317,0.009624991096695486,0.010273417995733147,True
0.01,2.0,995786178,False,46,0.00993370652020308,0.00960949307068425,0.010257919969721911,True
0.01,2.0,2112816092,False,46,0.009872874626270175,0.009548661176751344,0.010197088075789005,True
0.01,2.0,27502875,False,46,0.00995445467014418,0.009630241220625349,0.01027866811966301,True
0.01,2.0,707987785,False,45,0.009810149433837671,0.009485935984318841,0.010134362883356502,True
0.01,2.0,1253188573,False,46,0.0100452030344193,0.00972098958490047,0.01036941648393813,True
0.01,2.0,304285577,False,46,0.009873715745493927,0.009549502295975097,0.010197929195012757,True
0.01,2.0,1497129704,False,44,0.009626912427793214,0.009302698978274383,0.009951125877312044,True
0.01,2.0,175981635,False,46,0.009996365648027777,0.009672152198508947,0.010320579097546608,True
0.01,2.0,536210434,False,47,0.010257507179773388,0.009933293730254558,0.010581720629292218,True
0.01,2.0,1146674103,False,46,0.009915442344094349,0.009591228894575518,0.010239655793613179,True
0.01,2.0,997820637,False,44,0.009514568368397537,0.009190354918878707,0.009838781817916368,True
0.01,2.0,475157953,False,46,0.010001145593520699,0.009676932144001869,0.01032535904303953,True
0.01,2.0,1300297018,False,46,0.009924956343929904,0.009600742894411074,0.010249169793448734,True
0.01,2.0,1155621652,False,46,0.00989161387267046,0.00956740042315163,0.010215827322189291,True
0.01,2.0,2096009501,False,47,0.010142572451845919,0.009818359002327089,0.01046678590136475,True
0.01,2.0,967015966,False,46,0.009911893431266576,0.009587679981747746,0.010236106880785406,True
0.01,3.0,88220744,False,46,0.009915586547518479,0.00969944424783926,0.010131728847197699,True
0.01,3.0,1289826782,False,46,0.009983087988158524,0.009766945688479304,0.010199230287837743,True
0.01,3.0,1137071818,False,46,0.009989905926153203,0.009773763626473983,0.010206048225832423,True
0.01,3.0,298770967,False,46,0.009967091343514436,0.009750949043835217,0.010183233643193656,True
0.01,3.0,23026803,False,46,0.010064502758339965,0.009848360458660745,0.010280645058019185,True
0.01,3.0,891063037,False,46,0.009854887996231671,0.009638745696552452,0.010071030295910891,True
0.01,3.0,708802600,False,46,0.010035907969788416,0.009819765670109197,0.010252050269467636,True
0.01,3.0,1934170265,False,46,0.009997629334074085,0.009781487034394866,0.010213771633753305,True
0.01,3.0,1048704895,False,46,0.00997030098157064,0.00975415868189142,0.01018644328124986,True
0.01,3.0,83879333,False,46,0.009949198098157955,0.009733055798478735,0.010165340397837175,True
0.01,3.0,1657169122,False,46,0.010040498342875272,0.009824356043196052,0.010256640642554491,True
0.01,3.0,473930506,False,46,0.009925199853453831,0.009709057553774611,0.01014134215313305,True
0.01,3.0,250928064,False,47,0.010192898989265353,0.009976756689586133,0.010409041288944572,True
0.01,3.0,1167504627,False,46,0.009923614679010028,0.009707472379330808,0.010139756978689247,True
0.01,3.0,907136677,False,47,0.010175678346071023,0.009959536046391803,0.010391820645750243,True
0.01,3.0,1573061735,False,46,0.009953392065184828,0.009737249765505608,0.010169534364864048,True
0.01,3.0,1427634182,False,46,0.00998496017943563,0.009768817879756411,0.01020110247911485,True
0.01,3.0,935128403,False,47,0.01009638449303988,0.00988024219336066,0.0103125267927191,True
0.01,3.0,227788004,False,46,0.009967825736232354,0.009751683436553134,0.010183968035911574,True
0.01,3.0,1305333679,False,46,0.009981330196095891,0.009765187896416672,0.010197472495775111,True
0.01,3.0,1879251431,False,46,0.009973326948861745,0.009757184649182526,0.010189469248540965,True
0.01,3.0,853897881,False,46,0.009963304456814011,0.009747162157134791,0.010179446756493231,True
0.01,3.0,1324400709,False,46,0.009978142875261962,0.009762000575582743,0.010194285174941182,True
0.01,3.0,566135780,False,46,0.009897387452312403,0.009681245152633184,0.010113529751991623,True
0.01,3.0,1166829136,False,46,0.009920264874984963,0.009704122575305743,0.010136407174664182,True
0.01,3.0,2003768509,False,46,0.00991587179711871,0.00969972949743949,0.010132014096797929,True
0.01,3.0,1843388922,False,46,0.010049581252411559,0.009833438952732339,0.010265723552090779,True
0.01,3.0,1952176005,False,46,0.010025421907749459,0.009809279608070239,0.010241564207428678,True
0.01,3.0,209547895,False,46,0.009917304636771157,0.009701162337091937,0.010133446936450376,True
0.01,3.0,1840243469,False,46,0.009994729338421073,0.009778587038741854,0.010210871638100293,True
0.01,4.0,105585233,False,46,0.009926829544081481,0.009764722819322067,0.010088936268840895,True
0.01,4.0,1017140833,False,48,0.010340357335501085,0.01017825061074167,0.0105024640602605,True
0.01,4.0,1284656131,False,46,0.009899452979901422,0.009737346255142007,0.010061559704660836,True
0.01,4.0,1218160316,False,46,0.010043652617607025,0.00988154589284761,0.010205759342366439,True
0.01,4.0,1607623529,False,46,0.009926404289086027,0.009764297564326613,0.010088511013845442,True
0.01,4.0,509638408,False,46,0.00992785929545987,0.009765752570700456,0.010089966020219285,True
0.01,4.0,1318930861,False,46,0.009973496621878325,0.00981138989711891,0.01013560334663774,True
0.01,4.0,848653757,False,46,0.009966198170939725,0.00980409144618031,0.01012830489569914,True
0.01,4.0,236327425,False,45,0.009755560070937678,0.009593453346178263,0.009917666795697092,True
0.01,4.0,176058315,False,46,0.009972061886320913,0.009809955161561499,0.010134168611080328,True
0.01,4.0,2110670537,False,47,0.010125810719757909,0.009963703994998494,0.010287917444517323,True
0.01,4.0,233202590,False,46,0.010022358564469107,0.009860251839709693,0.010184465289228522,True
0.01,4.0,708239501,False,46,0.009881983939944196,0.009719877215184781,0.01004409066470361,True
0.01,4.0,1920855363,False,46,0.009970862063430211,0.009808755338670797,0.010132968788189626,True
0.01,4.0,1793284796,False,46,0.01001400624097901,0.009851899516219596,0.010176112965738424,True
0.01,4.0,9434665,False,46,0.009974694910685748,0.009812588185926334,0.010136801635445163,True
0.01,4.0,159281558,False,46,0.009883515882175387,0.009721409157415973,0.010045622606934802,True
0.01,4.0,1947749502,False,46,0.0099505997507092,0.009788493025949786,0.010112706475468615,True
0.01,4.0,1413724785,False,46,0.010042899809368636,0.009880793084609221,0.01020500653412805,True
0.01,4.0,913416418,False,46,0.00996205588024102,0.009799949155481606,0.010124162605000434,True
0.01,4.0,437439771,False,46,0.009973012548889573,0.009810905824130158,0.010135119273648987,True
0.01,4.0,2049740128,False,46,0.009965485751449425,0.00980337902669001,0.01012759247620884,True
0.01,4.0,1901816219,False,46,0.00992204046242357,0.009759933737664156,0.010084147187182984,True
0.01,4.0,1914141964,False,46,0.009945527419191994,0.00978342069443258,0.010107634143951409,True
0.01,4.0,1553645358,False,46,0.009971486493177733,0.009809379768418319,0.010133593217937147,True
0.01,4.0,436407903,False,46,0.009914474191950542,0.009752367467191127,0.010076580916709956,True
0.01,4.0,949758821,False,46,0.009896766491298711,0.009734659766539297,0.010058873216058126,True
0.01,4.0,1390836151,False,46,0.010001419295580143,0.009839312570820729,0.010163526020339557,True
0.01,4.0,763791266,False,46,0.009962003687272661,0.009799896962513247,0.010124110412032076,True
0.01,4.0,1913212617,False,46,0.009983589761432918,0.009821483036673503,0.010145696486192332,True
0.01,5.0,1392775891,False,46,0.010016076092804544,0.009886390712997012,0.010145761472612076,True
0.01,5.0,371794680,False,46,0.009907236377306571,0.00977755099749904,0.010036921757114103,True
0.01,5.0,706088270,False,45,0.009845484473698804,0.009715799093891272,0.009975169853506336,True
0.01,5.0,1439384825,False,46,0.009941637016800653,0.00981195163699312,0.010071322396608184,True
0.01,5.0,191581173,False,46,0.00999364995896769,0.009863964579160158,0.010123335338775222,True
0.01,5.0,102309164,False,46,0.010002189090097023,0.009872503710289492,0.010131874469904555,True
0.01,5.0,16253911,False,46,0.00997997987539535,0.009850294495587818,0.010109665255202882,True
0.01,5.0,631022022,False,46,0.00993589009236403,0.009806204712556499,0.010065575472171562,True
0.01,5.0,2022084870,False,46,0.00994890271624201,0.009819217336434477,0.010078588096049541,True
0.01,5.0,1551183432,False,46,0.009961046801218138,0.009831361421410606,0.01009073218102567,True
0.01,5.0,1299021843,False,46,0.009940894494556811,0.009811209114749279,0.010070579874364343,True
0.01,5.0,821729288,False,46,0.009969962583234824,0.009840277203427292,0.010099647963042356,True
0.01,5.0,1657030141,False,46,0.009947306391670548,0.009817621011863016,0.01007699177147808,True
0.01,5.0,1134169388,False,45,0.009820913459822101,0.00969122808001457,0.009950598839629633,True
0.01,5.0,1546789274,False,46,0.00997440305354735,0.009844717673739819,0.010104088433354882,True
0.01,5.0,1626101371,False,46,0.009977931327685614,0.009848245947878082,0.010107616707493145,True
0.01,5.0,587703320,False,47,0.01019431679714269,0.010064631417335159,0.010324002176950222,True
0.01,5.0,1503320121,False,46,0.009973265916886968,0.009843580537079436,0.0101029512966945,True
0.01,5.0,882905074,False,46,0.009981032435134459,0.009851347055326927,0.01011071781494199,True
0.01,5.0,1136266334,False,46,0.009946398433235878,0.009816713053428346,0.01007608381304341,True
0.01,5.0,634909747,False,46,0.009968594003627752,0.00983890862382022,0.010098279383435283,True
0.01,5.0,1529269126,False,46,0.009926527939338707,0.009796842559531175,0.010056213319146239,True
0.01,5.0,1954151150,False,46,0.009925485639223583,0.009795800259416051,0.010055171019031115,True
0.01,5.0,1817291883,False,45,0.009838408093659648,0.009708722713852116,0.00996809347346718,True
0.01,5.0,1468483868,False,46,0.00995962342083824,0.009829938041030708,0.010089308800645772,True
0.01,5.0,949106485,False,46,0.009946182383361875,0.009816497003554343,0.010075867763169407,True
0.01,5.0,2092897430,False,46,0.009990233917132496,0.009860548537324964,0.010119919296940028,True
0.01,5.0,1988884626,False,46,0.009956567489793752,0.00982688210998622,0.010086252869601284,True
0.01,5.0,460826575,False,45,0.00978552319563162,0.009655837815824088,0.009915208575439151,True
0.01,5.0,852771981,False,46,0.00997614111372126,0.009846455733913729,0.010105826493528793,True
0.01,6.0,1404271107,False,46,0.009855747531995983,0.009747676382156373,0.009963818681835594,True
0.01,6.0,1814314412,False,46,0.009918453099464647,0.009810381949625037,0.010026524249304258,True
0.01,6.0,1309986389,False,46,0.009948148889508821,0.00984007773966921,0.010056220039348432,True
0.01,6.0,999664099,False,46,0.009951967810856083,0.009843896661016472,0.010060038960695693,True
0.01,6.0,258322761,False,46,0.009961995595235272,0.009853924445395661,0.010070066745074883,True
0.01,6.0,1997280634,False,46,0.00994808464707031,0.0098400134972307,0.01005615579690992,True
0.01,6.0,773310120,False,46,0.010015440289770569,0.009907369139930958,0.01012351143961018,True
0.01,6.0,1968330005,False,46,0.009939926490174918,0.009831855340335307,0.010047997640014529,True
0.01,6.0,1321420317,False,46,0.00988310849777431,0.009775037347934699,0.00999117964761392,True
0.01,6.0,1177720290,False,46,0.009941634395716244,0.009833563245876633,0.010049705545555855,True
0.01,6.0,935946750,False,46,0.009985633171667745,0.009877562021828134,0.010093704321507356,True
0.01,6.0,1861320177,False,46,0.009966882942271693,0.009858811792432082,0.010074954092111304,True
0.01,6.0,1249508245,False,46,0.009910299499785731,0.00980222834994612,0.010018370649625342,True
0.01,6.0,1116645763,False,46,0.010014612304002678,0.009906541154163067,0.010122683453842289,True
0.01,6.0,1748336882,False,46,0.00990511834926225,0.00979704719942264,0.010013189499101861,True
0.01,6.0,1909931642,False,46,0.009922111537560592,0.009814040387720982,0.010030182687400203,True
0.01,6.0,1969371154,False,46,0.009961503435601718,0.009853432285762107,0.010069574585441329,True
0.01,6.0,1383776671,False,46,0.009953919104637648,0.009845847954798037,0.010061990254477259,True
0.01,6.0,1382747411,False,45,0.009811301517320013,0.009703230367480402,0.009919372667159624,True
0.01,6.0,162802304,False,46,0.009966513469515069,0.009858442319675458,0.01007458461935468,True
0.01,6.0,1132880879,False,46,0.009914189404830888,0.009806118254991277,0.010022260554670499,True
0.01,6.0,731000954,False,45,0.009846524928667878,0.009738453778828267,0.009954596078507488,True
0.01,6.0,1932389379,False,46,0.009964248530772062,0.009856177380932451,0.010072319680611673,True
0.01,6.0,1438287866,False,46,0.009950747392095668,0.009842676242256057,0.010058818541935279,True
0.01,6.0,1386059796,False,46,0.009997212278230597,0.009889141128390986,0.010105283428070207,True
0.01,6.0,1975358854,False,46,0.009971273434559542,0.009863202284719931,0.010079344584399153,True
0.01,6.0,1937751281,False,46,0.00998542144656513,0.00987735029672552,0.01009349259640474,True
0.01,6.0,118167553,False,46,0.010055734515020051,0.00994766336518044,0.010163805664859662,True
0.01,6.0,1988863490,False,46,0.009933571363740235,0.009825500213900624,0.010041642513579845,True
0.01,6.0,707089503,False,46,0.00995937127162383,0.009851300121784218,0.01006744242146344,True
0.01,8.0,387290321,False,46,0.009935016709245343,0.009853963346865635,0.01001607007162505,True
0.01,8.0,1749346891,False,46,0.00998558174070899,0.009904528378329282,0.010066635103088696,True
0.01,8.0,1869451710,False,46,0.009969250182521783,0.009888196820142076,0.01005030354490149,True
0.01,8.0,203887502,False,46,0.009949698580514638,0.00986864521813493,0.010030751942894345,True
0.01,8.0,747495379,False,46,0.00994390411849398,0.009862850756114273,0.010024957480873687,True
0.01,8.0,1164310690,False,46,0.009895046416906578,0.009813993054526871,0.009976099779286285,True
0.01,8.0,1461576339,False,46,0.009955829990940026,0.009874776628560318,0.010036883353319733,True
0.01,8.0,1127223268,False,46,0.009931837797785281,0.009850784435405574,0.010012891160164988,True
0.01,8.0,214976503,False,46,0.009984507662301485,0.009903454299921777,0.010065561024681192,True
0.01,8.0,232746069,False,46,0.009927193502197543,0.009846140139817836,0.01000824686457725,True
0.01,8.0,638823661,False,46,0.009882141433166429,0.009801088070786721,0.009963194795546136,True
0.01,8.0,1480318198,False,46,0.010000320844162995,0.009919267481783288,0.010081374206542702,True
0.01,8.0,1551998096,False,46,0.009925596057127027,0.00984454269474732,0.010006649419506734,True
0.01,8.0,499922418,False,46,0.009954983881323263,0.009873930518943556,0.01003603724370297,True
0.01,8.0,1393148696,False,46,0.009934430473354088,0.00985337711097438,0.010015483835733795,True
0.01,8.0,211987108,False,46,0.00987813443680968,0.009797081074429973,0.009959187799189388,True
0.01,8.0,634408250,False,46,0.009911269007080616,0.009830215644700909,0.009992322369460323,True
0.01,8.0,1984402705,False,46,0.009914021420090775,0.009832968057711068,0.009995074782470482,True
0.01,8.0,1525717328,False,46,0.009939122244560452,0.009858068882180744,0.010020175606940159,True
0.01,8.0,1381341345,False,46,0.00997982692100038,0.009898773558620674,0.010060880283380088,True
0.01,8.0,831693269,False,45,0.009821069184577341,0.009740015822197634,0.009902122546957048,True
0.01,8.0,1545434960,False,46,0.009955428909274588,0.009874375546894881,0.010036482271654296,True
0.01,8.0,1961005402,False,46,0.010003811231887507,0.0099227578695078,0.010084864594267214,True
0.01,8.0,1841416484,False,46,0.009944697082678977,0.00986364372029927,0.010025750445058684,True
0.01,8.0,425359225,False,46,0.009956636498203154,0.009875583135823447,0.01003768986058286,True
0.01,8.0,79407262,False,46,0.00995982687923723,0.009878773516857522,0.010040880241616937,True
0.01,8.0,1678955437,False,46,0.009933869125621919,0.009852815763242212,0.010014922488001626,True
0.01,8.0,1684440991,False,46,0.009960222159639027,0.00987916879725932,0.010041275522018734,True
0.01,8.0,202893032,False,46,0.00995106936665612,0.009870016004276413,0.010032122729035827,True
0.01,8.0,93468634,False,46,0.009940130687921649,0.009859077325541941,0.010021184050301356,True
0.01,10.0,989647325,False,46,0.00996919758353889,0.009904354893635123,0.010034040273442657,True
0.01,10.0,1477306677,False,46,0.009984698225876179,0.009919855535972412,0.010049540915779946,True
0.01,10.0,1905921821,False,46,0.009954723366102175,0.009889880676198408,0.010019566056005942,True
0.01,10.0,1167865150,False,46,0.009955316933622232,0.009890474243718465,0.010020159623525999,True
0.01,10.0,2005736151,False,46,0.009918386688416757,0.00985354399851299,0.009983229378320524,True
0.01,10.0,200529216,False,46,0.009958261321725498,0.009893418631821731,0.010023104011629265,True
0.01,10.0,504976203,False,46,0.009928611034016589,0.009863768344112822,0.009993453723920355,True
0.01,10.0,941380175,False,46,0.009955362493408051,0.009890519803504284,0.010020205183311818,True
0.01,10.0,1949895763,False,46,0.009942366292172442,0.009877523602268675,0.010007208982076209,True
0.01,10.0,1906483348,False,46,0.009948106290415908,0.009883263600512142,0.010012948980319675,True
0.01,10.0,502512884,False,46,0.009931918282275501,0.009867075592371734,0.009996760972179268,True
0.01,10.0,1619988556,False,46,0.009967000630621933,0.009902157940718167,0.0100318433205257,True
0.01,10.0,1770501858,False,46,0.009955304433141977,0.00989046174323821,0.010020147123045744,True
0.01,10.0,452388473,False,46,0.00996666154219355,0.009901818852289784,0.010031504232097317,True
0.01,10.0,656723386,False,46,0.010057875546164368,0.009993032856260601,0.010122718236068135,True
0.01,10.0,1360107762,False,46,0.009936416170793234,0.009871573480889467,0.010001258860697,True
0.01,10.0,937502063,False,46,0.010023341196468265,0.009958498506564498,0.010088183886372032,True
0.01,10.0,2087741889,False,46,0.009949508868545317,0.00988466617864155,0.010014351558449083,True
0.01,10.0,1048516272,False,46,0.009959530782988472,0.009894688093084705,0.010024373472892239,True
0.01,10.0,590148794,False,46,0.009957136395773737,0.00989229370586997,0.010021979085677504,True
0.01,10.0,278641086,False,46,0.009962794927372353,0.009897952237468586,0.01002763761727612,True
0.01,10.0,886865473,False,46,0.009993356205334682,0.009928513515430915,0.010058198895238448,True
0.01,10.0,248996026,False,46,0.009965804898132301,0.009900962208228534,0.010030647588036068,True
0.01,10.0,1179927115,False,46,0.00990413301130442,0.009839290321400653,0.009968975701208187,True
0.01,10.0,108513638,False,46,0.00995712928970931,0.009892286599805544,0.010021971979613077,True
0.01,10.0,2013338698,False,46,0.009952815987858403,0.009887973297954636,0.01001765867776217,True
0.01,10.0,348890961,False,46,0.009965059317332794,0.009900216627429027,0.01002990200723656,True
0.01,10.0,139367487,False,46,0.00996375341437872,0.009898910724474953,0.010028596104282486,True
0.01,10.0,431101821,False,46,0.009906769925001783,0.009841927235098016,0.00997161261490555,True
0.01,10.0,1079041684,False,46,0.010029112763167492,0.009964270073263726,0.01009395545307126,True
0.02,0.1,1911821094,False,114,0.024658011141258023,0.01817374215088142,0.031142280131634625,True
0.02,0.1,1429916620,False,83,0.017880526569835756,0.011396257579459154,0.024364795560212357,True
0.02,0.1,296969831,False,102,0.022104972880323336,0.015620703889946734,0.028589241870699937,True
0.02,0.1,850117864,False,91,0.01960817161003475,0.013123902619658148,0.02609244060041135,True
0.02,0.1,374254825,False,99,0.021359512035579988,0.014875243045203386,0.02784378102595659,True
0.02,0.1,324190096,False,111,0.023970485011552044,0.017486216021175442,0.030454754001928645,True
0.02,0.1,1892409563,False,81,0.017487794156474553,0.011003525166097951,0.023972063146851155,True
0.02,0.1,1954257840,False,104,0.0224565572048988,0.0159722882145222,0.028940826195275403,True
0.02,0.1,413489764,False,77,0.016620378312727592,0.01013610932235099,0.023104647303104194,True
0.02,0.1,398247395,False,101,0.02177726643520434,0.01529299744482774,0.028261535425580943,True
0.02,0.1,390799393,False,88,0.01905340121923094,0.012569132228854338,0.02553767020960754,True
0.02,0.1,685439783,False,105,0.022787738643955825,0.016303469653579223,0.029272007634332426,True
0.02,0.1,567138083,False,90,0.0194622748025934,0.012978005812216798,0.02594654379297,True
0.02,0.1,52167803,False,96,0.02084992960093584,0.014365660610559237,0.02733419859131244,True
0.02,0.1,621113819,False,104,0.022462223297473514,0.015977954307096913,0.028946492287850116,True
0.02,0.1,920900276,False,102,0.022182346740869247,0.015698077750492645,0.028666615731245848,True
0.02,0.1,378737550,False,108,0.02331220169489678,0.01682793270452018,0.02979647068527338,True
0.02,0.1,1800818480,False,95,0.020455741604230897,0.013971472613854296,0.0269400105946075,True
0.02,0.1,1960369439,False,80,0.017355620560109856,0.010871351569733255,0.023839889550486458,True
0.02,0.1,866464453,False,96,0.02085735333474374,0.014373084344367137,0.02734162232512034,True
0.02,0.1,1480507950,False,121,0.02614799659589361,0.019663727605517007,0.03263226558627021,True
0.02,0.1,1386845387,False,91,0.01967940055349513,0.01319513156311853,0.026163669543871733,True
0.02,0.1,1994764405,False,94,0.02027799981423663,0.01379373082386003,0.026762268804613232,True
0.02,0.1,572889516,False,77,0.016729202006538414,0.010244933016161813,0.023213470996915016,True
0.02,0.1,1604782914,False,68,0.014648964931837078,0.008164695941460477,0.02113323392221368,True
0.02,0.1,434645933,False,116,0.025189568295865553,0.01870529930548895,0.03167383728624215,True
0.02,0.1,1285666512,False,38,0.008166217518142498,0.001681948527765896,0.014650486508519099,True
0.02,0.1,1459584934,False,86,0.01854932691187267,0.012065057921496068,0.02503359590224927,True
0.02,0.1,525352102,False,102,0.021976896398941147,0.015492627408564545,0.028461165389317748,True
0.02,0.1,1992024741,False,89,0.019323809346577007,0.012839540356200406,0.02580807833695361,True
0.02,0.5,945172141,False,94,0.020451015612855446,0.019154161814780125,0.021747869410930768,True
0.02,0.5,1814500621,False,94,0.02033329185159379,0.019036438053518467,0.02163014564966911,True
0.02,0.5,1945265919,False,92,0.01989879329280765,0.01860193949473233,0.021195647090882973,True
0.02,0.5,1790834099,False,92,0.019959393014181613,0.01866253921610629,0.021256246812256935,True
0.02,0.5,991972861,False,95,0.020505020094667772,0.01920816629659245,0.021801873892743094,True
0.02,0.5,297453605,False,92,0.01984543564747489,0.01854858184939957,0.021142289445550213,True
0.02,0.5,393482299,False,90,0.019532295054720764,0.018235441256645443,0.020829148852796086,True
0.02,0.5,1918052075,False,91,0.019671108965046608,0.018374255166971287,0.02096796276312193,True
0.02,0.5,743245914,False,88,0.01915124070283782,0.017854386904762497,0.02044809450091314,True
0.02,0.5,1665110775,False,78,0.01697758037377922,0.015680726575703897,0.01827443417185454,True
0.02,0.5,1574412114,False,92,0.01995199888727235,0.01865514508919703,0.021248852685347673,True
0.02,0.5,323695830,False,94,0.020396437952270193,0.01909958415419487,0.021693291750345515,True
0.02,0.5,1206095307,False,94,0.0203880430994631,0.019091189301387777,0.02168489689753842,True
0.02,0.5,461385828,False,92,0.019942851388487125,0.018645997590411804,0.021239705186562447,True
0.02,0.5,1925797830,False,92,0.019836847032424682,0.01853999323434936,0.021133700830500004,True
0.02,0.5,468889520,False,91,0.019619181231542385,0.018322327433467064,0.020916035029617707,True
0.02,0.5,2058104545,False,92,0.019849065527972498,0.018552211729897176,0.02114591932604782,True
0.02,0.5,1494190859,False,92,0.019860687828706224,0.018563834030630902,0.021157541626781545,True
0.02,0.5,377158303,False,96,0.020791503983762866,0.019494650185687544,0.022088357781838187,True
0.02,0.5,730000413,False,93,0.020186501061281493,0.01888964726320617,0.021483354859356815,True
0.02,0.5,36997608,False,89,0.019347070352528077,0.018050216554452755,0.0206439241506034,True
0.02,0.5,2115683978,False,94,0.02039209704282035,0.019095243244745028,0.02168895084089567,True
0.02,0.5,1359993958,False,93,0.02008502413140736,0.01878817033333204,0.021381877929482682,True
0.02,0.5,179357249,False,93,0.02004427217604203,0.01874741837796671,0.021341125974117352,True
0.02,0.5,398933379,False,90,0.01955859294582935,0.018261739147754027,0.02085544674390467,True
0.02,0.5,1882958750,False,91,0.019677647202157908,0.018380793404082586,0.02097450100023323,True
0.02,0.5,1784603923,False,94,0.02027464322875536,0.01897778943068004,0.021571497026830682,True
0.02,0.5,830410752,False,91,0.019727040695284442,0.01843018689720912,0.021023894493359764,True
0.02,0.5,1189116094,False,92,0.0199207181427054,0.01862386434463008,0.02121757194078072,True
0.02,0.5,325392734,False,88,0.018970541691234497,0.017673687893159176,0.02026739548930982,True
0.02,1.0,1393553596,False,89,0.01933183145727026,0.0186834045582326,0.01998025835630792,True
0.02,1.0,1839238067,False,92,0.019929599790428312,0.01928117289139065,0.020578026689465973,True
0.02,1.0,2098625931,False,93,0.020193025050057507,0.019544598151019846,0.020841451949095167,True
0.02,1.0,877888109,False,91,0.01968238399509008,0.01903395709605242,0.020330810894127742,True
0.02,1.0,762927568,False,94,0.020303198941769338,0.019654772042731677,0.020951625840807,True
0.02,1.0,1768778820,False,92,0.019880477138756177,0.019232050239718516,0.020528904037793838,True
0.02,1.0,1197618733,False,91,0.0196819391451635,0.019033512246125837,0.02033036604420116,True
0.02,1.0,857338128,False,91,0.01971205650569676,0.0190636296066591,0.02036048340473442,True
0.02,1.0,78468954,False,91,0.019737227967533678,0.019088801068496017,0.02038565486657134,True
0.02,1.0,949370013,False,92,0.019862862926385956,0.019214436027348295,0.020511289825423617,True
0.02,1.0,1226619746,False,92,0.019945693318637367,0.019297266419599706,0.020594120217675028,True
0.02,1.0,110842634,False,92,0.019977694853519447,0.019329267954481786,0.020626121752557108,True
0.02,1.0,1342690970,False,92,0.019970332015159353,0.019321905116121692,0.020618758914197014,True
0.02,1.0,324916806,False,91,0.01973440931013041,0.019085982411092748,0.02038283620916807,True
0.02,1.0,217173526,False,93,0.020182412139625204,0.019533985240587543,0.020830839038662865,True
0.02,1.0,2014031127,False,92,0.01990735316249499,0.019258926263457328,0.02055578006153265,True
0.02,1.0,1357666013,False,93,0.02010450648404749,0.01945607958500983,0.02075293338308515,True
0.02,1.0,1722068778,False,93,0.020174917681251934,0.019526490782214273,0.020823344580289595,True
0.02,1.0,1812188213,False,93,0.020119287789106894,0.019470860890069233,0.020767714688144555,True
0.02,1.0,356097141,False,91,0.01973176618329983,0.01908333928426217,0.020380193082337492,True
0.02,1.0,1210047795,False,93,0.020158545333899623,0.019510118434861962,0.020806972232937284,True
0.02,1.0,1811974725,False,92,0.019843646661112633,0.019195219762074972,0.020492073560150294,True
0.02,1.0,1737860942,False,93,0.020171753019251122,0.01952332612021346,0.020820179918288783,True
0.02,1.0,1942072553,False,92,0.01989982474373628,0.01925139784469862,0.02054825164277394,True
0.02,1.0,1359835452,False,92,0.019852497224512013,0.019204070325474352,0.020500924123549674,True
0.02,1.0,355108720,False,94,0.020289545997857365,0.019641119098819704,0.020937972896895026,True
0.02,1.0,841944271,False,89,0.01918114295429081,0.01853271605525315,0.019829569853328472,True
0.02,1.0,921777951,False,91,0.019630246855607845,0.018981819956570185,0.020278673754645506,True
0.02,1.0,291668004,False,93,0.020147565849970454,0.019499138950932794,0.020795992749008115,True
0.02,1.0,1199553788,False,93,0.020190720378992246,0.019542293479954585,0.020839147278029907,True
0.02,2.0,1752650330,False,92,0.019856370385151503,0.019532156935632674,0.02018058383467033,True
0.02,2.0,466477975,False,92,0.019930169585901807,0.01960595613638298,0.020254383035420636,True
0.02,2.0,3386588,False,93,0.020085898734410322,0.019761685284891493,0.02041011218392915,True
0.02,2.0,77913555,False,91,0.01969407447411045,0.019369861024591623,0.02001828792362928,True
0.02,2.0,1277630331,False,93,0.020034910129473973,0.019710696679955144,0.0203591235789928,True
0.02,2.0,131713415,False,91,0.019688755441508887,0.01936454199199006,0.020012968891027716,True
0.02,2.0,733601501,False,91,0.019770419802488903,0.019446206352970074,0.02009463325200773,True
0.02,2.0,869627185,False,91,0.01971802905452743,0.0193938156050086,0.020042242504046258,True
0.02,2.0,249935322,False,93,0.02015649828332691,0.01983228483380808,0.020480711732845738,True
0.02,2.0,1511271059,False,93,0.020194109669243593,0.019869896219724764,0.02051832311876242,True
0.02,2.0,983063919,False,91,0.019660241052707767,0.01933602760318894,0.019984454502226596,True
0.02,2.0,1791076192,False,93,0.020056651865269236,0.019732438415750408,0.020380865314788065,True
0.02,2.0,1811883794,False,92,0.019895411454718424,0.019571198005199596,0.020219624904237253,True
0.02,2.0,1393655332,False,92,0.019860523756312316,0.019536310306793488,0.020184737205831145,True
0.02,2.0,213255176,False,92,0.019957498420279208,0.01963328497076038,0.020281711869798037,True
0.02,2.0,104642774,False,92,0.019810653249204904,0.019486439799686076,0.020134866698723733,True
0.02,2.0,928260984,False,92,0.019888863781017802,0.019564650331498974,0.02021307723053663,True
0.02,2.0,141347079,False,92,0.019890637968516096,0.019566424518997268,0.020214851418034925,True
0.02,2.0,1627814718,False,92,0.020002568685289258,0.01967835523577043,0.020326782134808086,True
0.02,2.0,1691061859,False,93,0.020057691690629507,0.01973347824111068,0.020381905140148336,True
0.02,2.0,1491024272,False,94,0.020263068935691138,0.01993885548617231,0.020587282385209967,True
0.02,2.0,948986257,False,92,0.01996018265525834,0.019635969205739512,0.02028439610477717,True
0.02,2.0,1110886592,False,95,0.02058228477825295,0.020258071328734122,0.02090649822777178,True
0.02,2.0,1512684853,False,92,0.019956282409781614,0.019632068960262785,0.020280495859300442,True
0.02,2.0,872592660,False,92,0.01997790372370821,0.01965369027418938,0.02030211717322704,True
0.02,2.0,1784663815,False,92,0.01982400548528691,0.01949979203576808,0.02014821893480574,True
0.02,2.0,1938157066,False,94,0.02037949699166361,0.02005528354214478,0.020703710441182438,True
0.02,2.0,1095293014,False,92,0.019880172961429767,0.01955595951191094,0.020204386410948596,True
0.02,2.0,674744375,False,91,0.019720135776715098,0.01939592232719627,0.020044349226233927,True
0.02,2.0,198983240,False,92,0.019896522161784815,0.019572308712265986,0.020220735611303643,True
0.02,3.0,876867926,False,92,0.01986653083376163,0.019650388534082408,0.02008267313344085,True
0.02,3.0,2037353770,False,93,0.020072140875347755,0.019855998575668533,0.020288283175026976,True
0.02,3.0,1472725,False,93,0.020045804687507364,0.019829662387828143,0.020261946987186585,True
0.02,3.0,1844976248,False,92,0.019878647409677593,0.019662505109998372,0.020094789709356815,True
0.02,3.0,361745975,False,91,0.019804564772165467,0.019588422472486246,0.02002070707184469,True
0.02,3.0,1407041136,False,91,0.019759381028905593,0.01954323872922637,0.019975523328584814,True
0.02,3.0,778537304,False,92,0.019930204270080427,0.019714061970401205,0.020146346569759648,True
0.02,3.0,1404124679,False,92,0.019923332702129863,0.01970719040245064,0.020139475001809085,True
0.02,3.0,1358990499,False,92,0.01999764112144105,0.01978149882176183,0.020213783421120273,True
0.02,3.0,67866146,False,92,0.019862340323279933,0.019646198023600712,0.020078482622959155,True
0.02,3.0,1018487323,False,93,0.020055796421663545,0.019839654121984324,0.020271938721342767,True
0.02,3.0,1615782480,False,91,0.019758550607553358,0.019542408307874137,0.01997469290723258,True
0.02,3.0,963554324,False,92,0.019920348503477677,0.019704206203798456,0.0201364908031569,True
0.02,3.0,989863470,False,92,0.019932305186591434,0.019716162886912213,0.020148447486270656,True
0.02,3.0,1652143947,False,93,0.020088124071415314,0.019871981771736092,0.020304266371094535,True
0.02,3.0,343491432,False,92,0.019856001596715193,0.01963985929703597,0.020072143896394414,True
0.02,3.0,2131874519,False,92,0.019833330082636862,0.01961718778295764,0.020049472382316084,True
0.02,3.0,268255929,False,92,0.01991035194300913,0.019694209643329907,0.02012649424268835,True
0.02,3.0,1980185237,False,92,0.01997703582882241,0.01976089352914319,0.020193178128501632,True
0.02,3.0,245293577,False,92,0.019896070278188006,0.019679927978508784,0.020112212577867227,True
0.02,3.0,257472331,False,92,0.02002073904729943,0.01980459674762021,0.020236881346978652,True
0.02,3.0,2058002681,False,92,0.02001798668373253,0.01980184438405331,0.020234128983411752,True
0.02,3.0,1915175370,False,92,0.01995438714285688,0.019738244843177658,0.0201705294425361,True
0.02,3.0,333912332,False,92,0.01996747186212517,0.01975132956244595,0.020183614161804392,True
0.02,3.0,531378948,False,92,0.019917170833411987,0.019701028533732765,0.020133313133091208,True
0.02,3.0,282856250,False,91,0.01979811050549969,0.01958196820582047,0.020014252805178913,True
0.02,3.0,292452647,False,92,0.019902762738790877,0.019686620439111655,0.020118905038470098,True
0.02,3.0,389263250,False,92,0.01990499035931032,0.019688848059631097,0.02012113265898954,True
0.02,3.0,1472737,False,92,0.01991138528770109,0.019695242988021867,0.02012752758738031,True
0.02,3.0,1314526425,False,92,0.01987602975497674,0.01965988745529752,0.020092172054655962,True
0.02,4.0,614206970,False,91,0.019797721634197435,0.01963561490943802,0.01995982835895685,True
0.02,4.0,658403900,False,92,0.019943335839460723,0.01978122911470131,0.020105442564220137,True
0.02,4.0,797808533,False,92,0.01998358823788236,0.019821481513122945,0.020145694962641774,True
0.02,4.0,1499624529,False,92,0.01990315479962462,0.019741048074865205,0.020065261524384034,True
0.02,4.0,636682379,False,92,0.019962868613077635,0.01980076188831822,0.02012497533783705,True
0.02,4.0,706212511,False,93,0.020050955729065838,0.019888849004306423,0.020213062453825252,True
0.02,4.0,210684276,False,92,0.019909174461655327,0.019747067736895912,0.02007128118641474,True
0.02,4.0,905983220,False,92,0.01996643164424121,0.019804324919481794,0.020128538369000623,True
0.02,4.0,1022456469,False,92,0.019909951949618063,0.01974784522485865,0.020072058674377478,True
0.02,4.0,1435843373,False,92,0.019839056317584237,0.019676949592824823,0.020001163042343652,True
0.02,4.0,1969076947,False,92,0.019923933347653803,0.01976182662289439,0.020086040072413217,True
0.02,4.0,1192840600,False,92,0.01989766023181579,0.019735553507056375,0.020059766956575204,True
0.02,4.0,1696124775,False,92,0.019906950064753286,0.01974484333999387,0.0200690567895127,True
0.02,4.0,790637349,False,92,0.01993607482963603,0.019773968104876617,0.020098181554395446,True
0.02,4.0,284060057,False,91,0.019731125602654137,0.019569018877894723,0.01989323232741355,True
0.02,4.0,783533268,False,92,0.019901976025113743,0.01973986930035433,0.020064082749873157,True
0.02,4.0,506373664,False,92,0.01997438572340663,0.019812278998647216,0.020136492448166045,True
0.02,4.0,1026669952,False,92,0.019909827034228306,0.01974772030946889,0.02007193375898772,True
0.02,4.0,219359075,False,93,0.02023165969454634,0.020069552969786925,0.020393766419305754,True
0.02,4.0,348225072,False,92,0.01984334925050697,0.019681242525747555,0.020005455975266383,True
0.02,4.0,2115452599,False,92,0.019841911221308354,0.01967980449654894,0.020004017946067768,True
0.02,4.0,1122881959,False,91,0.01979747881307815,0.019635372088318736,0.019959585537837565,True
0.02,4.0,2046817894,False,92,0.019935593913429587,0.019773487188670173,0.020097700638189,True
0.02,4.0,1414770882,False,92,0.019925533596731906,0.01976342687197249,0.02008764032149132,True
0.02,4.0,1376336510,False,92,0.019903613172247786,0.01974150644748837,0.0200657198970072,True
0.02,4.0,1820951602,False,92,0.019944998574778165,0.01978289185001875,0.02010710529953758,True
0.02,4.0,808726571,False,92,0.019961482367501556,0.019799375642742142,0.02012358909226097,True
0.02,4.0,299871962,False,92,0.019912442976323056,0.01975033625156364,0.02007454970108247,True
0.02,4.0,405647274,False,92,0.0198972636944407,0.019735156969681287,0.020059370419200116,True
0.02,4.0,283138494,False,92,0.019940691483758502,0.019778584758999088,0.020102798208517916,True
0.02,5.0,1705100028,False,92,0.019978067750749357,0.019848382370941824,0.02010775313055689,True
0.02,5.0,294764977,False,92,0.019873443876685947,0.019743758496878414,0.02000312925649348,True
0.02,5.0,164965584,False,92,0.019909299977927314,0.01977961459811978,0.020038985357734847,True
0.02,5.0,2002721860,False,92,0.019912877662008405,0.019783192282200872,0.02004256304181594,True
0.02,5.0,1319291691,False,92,0.019960428340969873,0.01983074296116234,0.020090113720777406,True
0.02,5.0,1182961352,False,92,0.019921383599011577,0.019791698219204044,0.02005106897881911,True
0.02,5.0,1952040829,False,92,0.019899935216756526,0.019770249836948993,0.02002962059656406,True
0.02,5.0,1682057643,False,92,0.019893999890010776,0.019764314510203242,0.02002368526981831,True
0.02,5.0,212463492,False,92,0.019852144138138877,0.019722458758331344,0.01998182951794641,True
0.02,5.0,1455789352,False,92,0.019918181842416432,0.0197884964626089,0.020047867222223965,True
0.02,5.0,1485110851,False,92,0.019970634367330306,0.019840948987522773,0.02010031974713784,True
0.02,5.0,60957990,False,92,0.019874809982696452,0.01974512460288892,0.020004495362503986,True
0.02,5.0,1051317368,False,92,0.019914666932740004,0.01978498155293247,0.020044352312547538,True
0.02,5.0,310787592,False,92,0.01996771848297738,0.019838033103169846,0.020097403862784913,True
0.02,5.0,1181278736,False,92,0.019909126325367454,0.01977944094555992,0.020038811705174988,True
0.02,5.0,1476422729,False,92,0.019921477010524682,0.019791791630717148,0.020051162390332215,True
0.02,5.0,175443439,False,92,0.019932338925589828,0.019802653545782294,0.02006202430539736,True
0.02,5.0,631366248,False,93,0.02005131867542757,0.019921633295620036,0.020181004055235104,True
0.02,5.0,170115459,False,92,0.019983289842993118,0.019853604463185584,0.02011297522280065,True
0.02,5.0,1699879776,False,92,0.019971620906593796,0.019841935526786262,0.02010130628640133,True
0.02,5.0,1816351241,False,92,0.019964906561940988,0.019835221182133454,0.02009459194174852,True
0.02,5.0,1578714892,False,92,0.01987252001091169,0.019742834631104156,0.020002205390719223,True
0.02,5.0,136061685,False,92,0.019859815446970876,0.019730130067163343,0.01998950082677841,True
0.02,5.0,1212026594,False,92,0.019926235148254305,0.01979654976844677,0.02005592052806184,True
0.02,5.0,1270882400,False,92,0.01992941408136248,0.019799728701554945,0.020059099461170012,True
0.02,5.0,677997740,False,92,0.019846911644402727,0.019717226264595194,0.01997659702421026,True
0.02,5.0,1740170557,False,92,0.0199134103873626,0.019783725007555066,0.020043095767170133,True
0.02,5.0,1217751456,False,92,0.019886154266049283,0.01975646888624175,0.020015839645856816,True
0.02,5.0,1760661562,False,92,0.019912669299203895,0.01978298391939636,0.02004235467901143,True
0.02,5.0,1653561849,False,92,0.019918806714571025,0.01978912133476349,0.020048492094378558,True
0.02,6.0,1305799532,False,92,0.019873089603361222,0.01976501845352161,0.019981160753200833,True
0.02,6.0,1969900777,False,92,0.01991068919052161,0.019802618040682,0.020018760340361222,True
0.02,6.0,2144948690,False,92,0.019907391511494208,0.019799320361654597,0.02001546266133382,True
0.02,6.0,1293827382,False,92,0.019923918991697452,0.01981584784185784,0.020031990141537063,True
0.02,6.0,1473732796,False,92,0.019882682624881,0.01977461147504139,0.01999075377472061,True
0.02,6.0,1463305549,False,92,0.01991986581056308,0.01981179466072347,0.02002793696040269,True
0.02,6.0,1127708416,False,92,0.01988622488794521,0.0197781537381056,0.019994296037784822,True
0.02,6.0,1011958795,False,92,0.019889617024705517,0.019781545874865906,0.019997688174545128,True
0.02,6.0,1000306816,False,92,0.01992164354456386,0.019813572394724248,0.02002971469440347,True
0.02,6.0,1544814077,False,92,0.019941635445047613,0.019833564295208002,0.020049706594887223,True
0.02,6.0,1556579354,False,92,0.019896356654070586,0.019788285504230976,0.020004427803910197,True
0.02,6.0,313140788,False,92,0.01984806661803973,0.01973999546820012,0.019956137767879342,True
0.02,6.0,1096661174,False,93,0.02006040825425987,0.019952337104420258,0.02016847940409948,True
0.02,6.0,2038754000,False,92,0.019915895712545238,0.019807824562705627,0.020023966862384848,True
0.02,6.0,1816792626,False,92,0.01984700012774406,0.019738928977904448,0.01995507127758367,True
0.02,6.0,541954895,False,91,0.01979024513973836,0.01968217398989875,0.019898316289577972,True
0.02,6.0,1894094974,False,92,0.019966633790403397,0.019858562640563786,0.020074704940243007,True
0.02,6.0,371008771,False,92,0.019925046121605776,0.019816974971766165,0.020033117271445387,True
0.02,6.0,496385754,False,92,0.019948507093372918,0.019840435943533307,0.02005657824321253,True
0.02,6.0,1319339031,False,92,0.019981500255272216,0.019873429105432605,0.020089571405111827,True
0.02,6.0,121324146,False,92,0.01997483428840545,0.01986676313856584,0.02008290543824506,True
0.02,6.0,170830365,False,92,0.020017420899481126,0.019909349749641515,0.020125492049320737,True
0.02,6.0,449794301,False,92,0.019931941006922443,0.019823869857082833,0.020040012156762054,True
0.02,6.0,1683989461,False,93,0.020051211845487145,0.019943140695647534,0.020159282995326756,True
0.02,6.0,145384533,False,92,0.01987161791192685,0.01976354676208724,0.019979689061766462,True
0.02,6.0,1073904384,False,92,0.01993466839913846,0.01982659724929885,0.02004273954897807,True
0.02,6.0,64187135,False,92,0.019984235305696634,0.019876164155857023,0.020092306455536245,True
0.02,6.0,1684799253,False,92,0.019926413230062806,0.019818342080223195,0.020034484379902417,True
0.02,6.0,1584884139,False,92,0.01989496646947896,0.01978689531963935,0.02000303761931857,True
0.02,6.0,1308498008,False,92,0.020005675336874976,0.019897604187035366,0.020113746486714587,True
0.02,8.0,1355179225,False,92,0.019912302209589203,0.019831248847209496,0.01999335557196891,True
0.02,8.0,2057865581,False,92,0.01997042082191077,0.019889367459531064,0.02005147418429048,True
0.02,8.0,1492962718,False,92,0.01992197283886468,0.01984091947648497,0.020003026201244386,True
0.02,8.0,1787784938,False,93,0.020037530301102262,0.019956476938722555,0.02011858366348197,True
0.02,8.0,1171309707,False,92,0.019907669058392235,0.019826615696012528,0.019988722420771942,True
0.02,8.0,1532678992,False,92,0.019823980577049965,0.019742927214670258,0.019905033939429672,True
0.02,8.0,892245739,False,92,0.019923776263512077,0.01984272290113237,0.020004829625891785,True
0.02,8.0,1603555702,False,92,0.019845142249080988,0.01976408888670128,0.019926195611460695,True
0.02,8.0,1267505737,False,92,0.01991059471759359,0.019829541355213882,0.019991648079973296,True
0.02,8.0,331938919,False,92,0.019918423496263715,0.019837370133884008,0.019999476858643422,True
0.02,8.0,887835059,False,92,0.019945227796919582,0.019864174434539875,0.02002628115929929,True
0.02,8.0,754614207,False,92,0.019876918582012484,0.019795865219632777,0.01995797194439219,True
0.02,8.0,365610630,False,92,0.019950575362879818,0.01986952200050011,0.020031628725259525,True
0.02,8.0,829392164,False,92,0.019884132489402614,0.019803079127022907,0.01996518585178232,True
0.02,8.0,1488761774,False,92,0.020006988473737462,0.019925935111357755,0.02008804183611717,True
0.02,8.0,778664026,False,93,0.020023762340012814,0.019942708977633106,0.02010481570239252,True
0.02,8.0,245253266,False,92,0.019908584589817698,0.01982753122743799,0.019989637952197405,True
0.02,8.0,735763673,False,92,0.019941317184938207,0.0198602638225585,0.020022370547317914,True
0.02,8.0,1569446832,False,92,0.01990973434663307,0.019828680984253364,0.01999078770901278,True
0.02,8.0,1079091365,False,92,0.019928676411897137,0.01984762304951743,0.020009729774276844,True
0.02,8.0,1202243277,False,92,0.019937726739026024,0.019856673376646317,0.02001878010140573,True
0.02,8.0,253355141,False,92,0.01990273496162046,0.01982168159924075,0.019983788324000166,True
0.02,8.0,1331140293,False,92,0.019890596173084682,0.019809542810704975,0.01997164953546439,True
0.02,8.0,1816040414,False,92,0.019963393201883797,0.01988233983950409,0.020044446564263504,True
0.02,8.0,1851929283,False,92,0.019917037742927458,0.01983598438054775,0.019998091105307165,True
0.02,8.0,301316268,False,92,0.019894496475139994,0.019813443112760287,0.0199755498375197,True
0.02,8.0,1901730242,False,92,0.019897578047605606,0.0198165246852259,0.019978631409985313,True
0.02,8.0,156110142,False,92,0.019958020714586994,0.019876967352207286,0.0200390740769667,True
0.02,8.0,1398067695,False,92,0.0199482845298982,0.01986723116751849,0.020029337892277906,True
0.02,8.0,526722287,False,92,0.019917614525346974,0.019836561162967267,0.01999866788772668,True
0.02,10.0,1932845477,False,92,0.019909201760108724,0.01984435907020496,0.01997404445001249,True
0.02,10.0,880152573,False,92,0.019894534113174385,0.01982969142327062,0.01995937680307815,True
0.02,10.0,443307450,False,92,0.019873929644916338,0.019809086955012573,0.019938772334820103,True
0.02,10.0,1974238133,False,92,0.01993078634636643,0.019865943656462666,0.019995629036270196,True
0.02,10.0,2082805036,False,92,0.019936587637321836,0.01987174494741807,0.0200014303272256,True
0.02,10.0,1917700488,False,92,0.019911956656257033,0.019847113966353268,0.019976799346160798,True
0.02,10.0,950219952,False,92,0.01996385771084371,0.019899015020939943,0.020028700400747473,True
0.02,10.0,539874127,False,92,0.019919029107391722,0.019854186417487957,0.019983871797295487,True
0.02,10.0,705794693,False,92,0.01992526282448447,0.019860420134580704,0.019990105514388234,True
0.02,10.0,202329382,False,92,0.019832329296524984,0.01976748660662122,0.01989717198642875,True
0.02,10.0,1048550928,False,92,0.019905081038024457,0.01984023834812069,0.01996992372792822,True
0.02,10.0,304635602,False,92,0.01989378140871397,0.019828938718810207,0.019958624098617737,True
0.02,10.0,806933700,False,92,0.019881338930108308,0.019816496240204543,0.019946181620012073,True
0.02,10.0,864401588,False,92,0.01991205948610691,0.019847216796203146,0.019976902176010676,True
0.02,10.0,1865033156,False,92,0.019824337006676553,0.019759494316772788,0.019889179696580318,True
0.02,10.0,655707364,False,92,0.019911894398496142,0.019847051708592377,0.019976737088399907,True
0.02,10.0,665614696,False,92,0.019947643985286062,0.019882801295382297,0.020012486675189827,True
0.02,10.0,1491021064,False,92,0.01994601946908431,0.019881176779180543,0.020010862158988073,True
0.02,10.0,1386498861,False,92,0.01989798662942009,0.019833143939516323,0.019962829319323853,True
0.02,10.0,1038098528,False,92,0.019952872069405325,0.01988802937950156,0.02001771475930909,True
0.02,10.0,1036219564,False,92,0.0199192283966648,0.019854385706761034,0.019984071086568564,True
0.02,10.0,565733817,False,92,0.019913130322009625,0.01984828763210586,0.01997797301191339,True
0.02,10.0,1671231238,False,92,0.019908875403045815,0.01984403271314205,0.01997371809294958,True
0.02,10.0,1673643089,False,92,0.019907347195053212,0.019842504505149447,0.019972189884956977,True
0.02,10.0,297691461,False,92,0.019901341412191322,0.019836498722287557,0.019966184102095087,True
0.02,10.0,294438913,False,92,0.01982055197867782,0.019755709288774057,0.019885394668581587,True
0.02,10.0,1760841329,False,92,0.019893668780580537,0.019828826090676772,0.019958511470484303,True
0.02,10.0,1962715589,False,92,0.019933405827793668,0.019868563137889903,0.019998248517697433,True
0.02,10.0,771172922,False,92,0.01990007802707603,0.019835235337172265,0.019964920716979796,True
0.02,10.0,1675554133,False,92,0.01989960735656359,0.019834764666659826,0.019964450046467356,True
0.03,0.1,1529270309,False,149,0.032259962931055326,0.025775693940678725,0.03874423192143193,True
0.03,0.1,1403909291,False,133,0.028846674764864213,0.02236240577448761,0.03533094375524082,True
0.03,0.1,1109084090,False,146,0.03165899833801149,0.025174729347634886,0.03814326732838809,True
0.03,0.1,1561269027,False,138,0.029790987145865984,0.023306718155489382,0.036275256136242585,True
0.03,0.1,161071307,False,155,0.033460347149283476,0.026976078158906874,0.03994461613966008,True
0.03,0.1,1036006277,False,159,0.03436609366926548,0.027881824678888875,0.04085036265964208,True
0.03,0.1,989317453,False,134,0.02905115139833717,0.022566882407960568,0.03553542038871377,True
0.03,0.1,1039926633,False,145,0.031488647739803824,0.025004378749427222,0.037972916730180425,True
0.03,0.1,1280240408,False,143,0.030953383584650163,0.02446911459427356,0.037437652575026764,True
0.03,0.1,1873546065,False,139,0.030111844966887166,0.023627575976510565,0.03659611395726377,True
0.03,0.1,501159319,False,144,0.03125046246773143,0.024766193477354828,0.03773473145810803,True
0.03,0.1,1661994341,False,133,0.028744950494038256,0.022260681503661655,0.03522921948441486,True
0.03,0.1,1290833158,False,143,0.03098833081288196,0.02450406182250536,0.037472599803258566,True
0.03,0.1,1733535553,False,162,0.03514735590989269,0.028663086919516086,0.04163162490026929,True
0.03,0.1,473593490,False,139,0.030069313268344014,0.023585044277967412,0.036553582258720616,True
0.03,0.1,1791278911,False,128,0.027667439157871763,0.02118317016749516,0.03415170814824836,True
0.03,0.1,1790614265,False,135,0.029173866141035776,0.022689597150659175,0.035658135131412375,True
0.03,0.1,1946601253,False,135,0.029237933653704827,0.022753664663328226,0.03572220264408143,True
0.03,0.1,1705561630,False,126,0.027286194664762037,0.020801925674385435,0.03377046365513864,True
0.03,0.1,740243779,False,188,0.04077124280603314,0.03428697381565654,0.047255511796409744,True
0.03,0.1,1517477614,False,142,0.030644530401699375,0.024160261411322773,0.03712879939207597,True
0.03,0.1,143469303,False,130,0.02821471141415017,0.021730442423773567,0.03469898040452677,True
0.03,0.1,1177609543,False,138,0.029905393656260958,0.023421124665884356,0.03638966264663756,True
0.03,0.1,2140729082,False,138,0.029925177718950636,0.023440908728574034,0.036409446709327234,True
0.03,0.1,504789317,False,145,0.031336487498637294,0.024852218508260693,0.037820756489013896,True
0.03,0.1,708770795,False,140,0.03035598823146021,0.023871719241083608,0.036840257221836814,True
0.03,0.1,930954007,False,103,0.022186281120594942,0.01570201213021834,0.028670550110971544,True
0.03,0.1,253504420,False,147,0.031753153562539,0.0252688845721624,0.0382374225529156,True
0.03,0.1,989012141,False,137,0.029732104267881795,0.023247835277505194,0.0362163732582584,True
0.03,0.1,1038956469,False,158,0.03417070130757093,0.02768643231719433,0.04065497029794753,True
0.03,0.5,1385981473,False,138,0.02997604904402898,0.028679195245953658,0.0312729028421043,True
0.03,0.5,959829029,False,139,0.030055213209822972,0.02875835941174765,0.03135206700789829,True
0.03,0.5,1365419149,False,136,0.029348493447014623,0.0280516396489393,0.030645347245089945,True
0.03,0.5,688453085,False,144,0.03126460272907161,0.02996774893099629,0.03256145652714693,True
0.03,0.5,655912210,False,136,0.029533447428722926,0.028236593630647604,0.030830301226798248,True
0.03,0.5,1275866199,False,141,0.030422881959577777,0.029126028161502455,0.0317197357576531,True
0.03,0.5,1550116222,False,141,0.030600793098371982,0.02930393930029666,0.0318976468964473,True
0.03,0.5,1017754098,False,140,0.030269908006834205,0.028973054208758883,0.03156676180490953,True
0.03,0.5,996677803,False,141,0.03042140171179039,0.02912454791371507,0.03171825550986571,True
0.03,0.5,185276504,False,141,0.03050630358493064,0.02920944978685532,0.03180315738300596,True
0.03,0.5,1769864858,False,139,0.030090665921465334,0.028793812123390012,0.03138751971954065,True
0.03,0.5,302788597,False,138,0.02984166659636896,0.02854481279829364,0.031138520394444282,True
0.03,0.5,1165770367,False,143,0.031041709154940884,0.029744855356865562,0.0323385629530162,True
0.03,0.5,1245290570,False,139,0.030046736425732058,0.028749882627656737,0.03134359022380738,True
0.03,0.5,1413622380,False,132,0.028474467125875345,0.027177613327800023,0.029771320923950666,True
0.03,0.5,1787688604,False,145,0.03144419947547079,0.030147345677395465,0.03274105327354611,True
0.03,0.5,1574507562,False,138,0.029929958996409885,0.028633105198334563,0.031226812794485206,True
0.03,0.5,284868849,False,138,0.029952912275685632,0.02865605847761031,0.031249766073760954,True
0.03,0.5,2044742151,False,141,0.03048353645848008,0.029186682660404757,0.0317803902565554,True
0.03,0.5,2013649112,False,140,0.030209039325145313,0.028912185527069992,0.031505893123220635,True
0.03,0.5,935037937,False,142,0.03073307333712108,0.02943621953904576,0.0320299271351964,True
0.03,0.5,524429171,False,136,0.029512026322785136,0.028215172524709814,0.030808880120860457,True
0.03,0.5,2019314625,False,142,0.03065918694929769,0.02936233315122237,0.03195604074737301,True
0.03,0.5,376699258,False,139,0.030075155796609944,0.028778301998534622,0.031372009594685266,True
0.03,0.5,915623731,False,135,0.02915168477013036,0.027854830972055038,0.03044853856820568,True
0.03,0.5,1928948774,False,141,0.030571024660583056,0.029274170862507734,0.03186787845865838,True
0.03,0.5,1380256759,False,148,0.031968384354141684,0.030671530556066362,0.033265238152217005,True
0.03,0.5,227375264,False,140,0.030307710130344407,0.029010856332269085,0.031604563928419725,True
0.03,0.5,981899746,False,136,0.029379673707818285,0.028082819909742963,0.030676527505893607,True
0.03,0.5,1678134906,False,137,0.029752000281155946,0.028455146483080625,0.031048854079231268,True
0.03,1.0,1196197412,False,139,0.030122272095888164,0.029473845196850503,0.030770698994925825,True
0.03,1.0,1946313534,False,139,0.02998223363650486,0.0293338067374672,0.03063066053554252,True
0.03,1.0,1907471555,False,139,0.030138157113829254,0.029489730214791593,0.030786584012866915,True
0.03,1.0,486130118,False,137,0.02966711869197425,0.02901869179293659,0.030315545591011912,True
0.03,1.0,1411229385,False,139,0.03007742639166196,0.0294289994926243,0.03072585329069962,True
0.03,1.0,535260332,False,137,0.029756568919877217,0.029108142020839556,0.030404995818914878,True
0.03,1.0,654904188,False,140,0.030361771300705297,0.029713344401667636,0.031010198199742958,True
0.03,1.0,648087274,False,139,0.030074576996465003,0.029426150097427342,0.030723003895502664,True
0.03,1.0,273227514,False,139,0.03018917566859417,0.02954074876955651,0.030837602567631833,True
0.03,1.0,223173738,False,140,0.03038291333887107,0.02973448643983341,0.031031340237908732,True
0.03,1.0,146282575,False,138,0.029924670038570737,0.029276243139533076,0.030573096937608398,True
0.03,1.0,1590045460,False,141,0.030487288440199427,0.029838861541161766,0.031135715339237088,True
0.03,1.0,1494826571,False,139,0.030174606613620703,0.02952617971458304,0.030823033512658363,True
0.03,1.0,876806177,False,139,0.030089825452024092,0.02944139855298643,0.030738252351061753,True
0.03,1.0,142484237,False,136,0.029371646458225938,0.028723219559188277,0.0300200733572636,True
0.03,1.0,956599838,False,139,0.030082235109794145,0.029433808210756484,0.030730662008831806,True
0.03,1.0,2066691714,False,137,0.029676619032508452,0.02902819213347079,0.030325045931546113,True
0.03,1.0,1811498232,False,137,0.029677319799227053,0.029028892900189392,0.030325746698264714,True
0.03,1.0,672673215,False,140,0.030219420513657447,0.029570993614619786,0.030867847412695108,True
0.03,1.0,569060970,False,139,0.03006082113528228,0.02941239423624462,0.03070924803431994,True
0.03,1.0,1676386909,False,140,0.030198596403228296,0.029550169504190635,0.030847023302265957,True
0.03,1.0,1995782329,False,141,0.030506583929281135,0.029858157030243474,0.031155010828318796,True
0.03,1.0,1939956844,False,135,0.02929364119955587,0.02864521430051821,0.02994206809859353,True
0.03,1.0,673523227,False,139,0.030061004810361704,0.029412577911324043,0.030709431709399364,True
0.03,1.0,740648763,False,137,0.029665552905426197,0.029017126006388536,0.030313979804463858,True
0.03,1.0,939755804,False,141,0.03054939119460664,0.029900964295568978,0.0311978180936443,True
0.03,1.0,469745760,False,140,0.03021957177257216,0.0295711448735345,0.03086799867160982,True
0.03,1.0,1899506419,False,139,0.03018773397130195,0.02953930707226429,0.03083616087033961,True
0.03,1.0,793689661,False,141,0.030434679764269213,0.029786252865231552,0.031083106663306874,True
0.03,1.0,1504632130,False,137,0.02962644775298233,0.02897802085394467,0.03027487465201999,True
0.03,2.0,803378197,False,139,0.030168147400874895,0.029843933951356066,0.030492360850393724,True
0.03,2.0,1149735794,False,139,0.03009976979270476,0.029775556343185933,0.03042398324222359,True
0.03,2.0,1328899612,False,138,0.029937529034628516,0.029613315585109688,0.030261742484147345,True
0.03,2.0,93633622,False,138,0.029951905932813466,0.029627692483294638,0.030276119382332295,True
0.03,2.0,1688850706,False,139,0.0299838670673145,0.02965965361779567,0.030308080516833327,True
0.03,2.0,1187176166,False,139,0.030052715628391943,0.029728502178873115,0.030376929077910772,True
0.03,2.0,1594902109,False,139,0.030156306829825043,0.029832093380306214,0.03048052027934387,True
0.03,2.0,199469842,False,138,0.029898811981134987,0.029574598531616158,0.030223025430653815,True
0.03,2.0,774318831,False,138,0.02992135413852813,0.029597140689009302,0.03024556758804696,True
0.03,2.0,203696077,False,140,0.030233384526128625,0.029909171076609797,0.030557597975647454,True
0.03,2.0,1057463746,False,139,0.030001003370495716,0.029676789920976887,0.030325216820014544,True
0.03,2.0,851677717,False,139,0.03003522825542404,0.02971101480590521,0.03035944170494287,True
0.03,2.0,410320167,False,140,0.030195386234354905,0.029871172784836076,0.030519599683873733,True
0.03,2.0,1464489512,False,139,0.030144479275729507,0.02982026582621068,0.030468692725248336,True
0.03,2.0,839182104,False,139,0.03007874795795086,0.029754534508432032,0.03040296140746969,True
0.03,2.0,915569583,False,138,0.029974915833568316,0.029650702384049488,0.030299129283087145,True
0.03,2.0,2092552029,False,139,0.030084652391420004,0.029760438941901175,0.030408865840938833,True
0.03,2.0,2040849099,False,139,0.030036726807272724,0.029712513357753895,0.030360940256791553,True
0.03,2.0,373760185,False,141,0.03048494474579207,0.03016073129627324,0.0308091581953109,True
0.03,2.0,230518764,False,139,0.030158692401108585,0.029834478951589756,0.030482905850627413,True
0.03,2.0,1490624623,False,138,0.029962508273815053,0.029638294824296224,0.03028672172333388,True
0.03,2.0,1209324099,False,140,0.03022378810098626,0.02989957465146743,0.030548001550505088,True
0.03,2.0,897025644,False,139,0.030108018811049284,0.029783805361530455,0.030432232260568112,True
0.03,2.0,1066955473,False,139,0.030100988225696533,0.029776774776177704,0.03042520167521536,True
0.03,2.0,423521710,False,139,0.03011094838824476,0.029786734938725933,0.03043516183776359,True
0.03,2.0,1814446648,False,139,0.030182412143399142,0.029858198693880313,0.03050662559291797,True
0.03,2.0,841784594,False,139,0.03007837781381898,0.029754164364300152,0.03040259126333781,True
0.03,2.0,1251040368,False,139,0.03004332033502439,0.02971910688550556,0.030367533784543217,True
0.03,2.0,1935392817,False,139,0.030007213160190078,0.02968299971067125,0.030331426609708906,True
0.03,2.0,2053279636,False,139,0.030141952154411795,0.029817738704892967,0.030466165603930624,True
0.03,3.0,44002999,False,139,0.030049199077471514,0.029833056777792293,0.030265341377150735,True
0.03,3.0,752316210,False,139,0.03013560772657283,0.02991946542689361,0.030351750026252053,True
0.03,3.0,773100650,False,139,0.030066782432581738,0.029850640132902517,0.03028292473226096,True
0.03,3.0,1622805686,False,140,0.030354792469085776,0.030138650169406554,0.030570934768764997,True
0.03,3.0,1570639495,False,139,0.030093349373822072,0.02987720707414285,0.030309491673501294,True
0.03,3.0,776909829,False,139,0.030052997113058425,0.029836854813379204,0.030269139412737647,True
0.03,3.0,768266424,False,139,0.030058403711140873,0.02984226141146165,0.030274546010820094,True
0.03,3.0,160145327,False,138,0.029964396117726087,0.029748253818046865,0.030180538417405308,True
0.03,3.0,338716486,False,139,0.03001918667904461,0.029803044379365387,0.03023532897872383,True
0.03,3.0,456883563,False,140,0.030287371975083757,0.030071229675404536,0.03050351427476298,True
0.03,3.0,1189159505,False,139,0.030037120439013763,0.029820978139334542,0.030253262738692985,True
0.03,3.0,523911984,False,139,0.030169040337466167,0.029952898037786946,0.03038518263714539,True
0.03,3.0,1515390362,False,138,0.029917229279662987,0.029701086979983766,0.03013337157934221,True
0.03,3.0,834707529,False,139,0.030019108267635455,0.029802965967956233,0.030235250567314676,True
0.03,3.0,1765208489,False,139,0.030068241650086647,0.029852099350407425,0.030284383949765868,True
0.03,3.0,1467817518,False,138,0.029780438427374455,0.029564296127695233,0.029996580727053676,True
0.03,3.0,13001475,False,139,0.03004967249003513,0.02983353019035591,0.03026581478971435,True
0.03,3.0,51087564,False,139,0.03002778998990902,0.029811647690229797,0.03024393228958824,True
0.03,3.0,1869838098,False,139,0.030124902270357863,0.02990875997067864,0.030341044570037085,True
0.03,3.0,835918348,False,138,0.02982928668919058,0.029613144389511358,0.0300454289888698,True
0.03,3.0,101596222,False,139,0.030125438619163416,0.029909296319484194,0.030341580918842637,True
0.03,3.0,445283020,False,139,0.0300809117094562,0.02986476940977698,0.030297054009135422,True
0.03,3.0,1990380895,False,139,0.030033679145128337,0.029817536845449116,0.03024982144480756,True
0.03,3.0,1374342508,False,139,0.030038383991122946,0.029822241691443725,0.030254526290802167,True
0.03,3.0,468844053,False,138,0.029951519787487117,0.029735377487807895,0.030167662087166338,True
0.03,3.0,1913428148,False,139,0.03012490724854371,0.029908764948864488,0.03034104954822293,True
0.03,3.0,552611725,False,139,0.03003108573375859,0.02981494343407937,0.030247228033437813,True
0.03,3.0,760495633,False,139,0.030190131194462767,0.029973988894783546,0.03040627349414199,True
0.03,3.0,1975898156,False,139,0.03002183681995091,0.029805694520271687,0.03023797911963013,True
0.03,3.0,1279175336,False,139,0.030077039468670616,0.029860897168991395,0.030293181768349838,True
0.03,4.0,1991864910,False,139,0.030077069171499597,0.029914962446740183,0.03023917589625901,True
0.03,4.0,476356618,False,139,0.03003171317019265,0.029869606445433235,0.030193819894952064,True
0.03,4.0,1320495335,False,138,0.02993033651640112,0.029768229791641707,0.030092443241160536,True
0.03,4.0,966438757,False,140,0.03020555594073256,0.030043449215973145,0.030367662665491974,True
0.03,4.0,701560490,False,139,0.030065414182010725,0.02990330745725131,0.03022752090677014,True
0.03,4.0,1456568153,False,139,0.030046364819749167,0.029884258094989753,0.03020847154450858,True
0.03,4.0,1861681521,False,139,0.030122819742969313,0.0299607130182099,0.030284926467728727,True
0.03,4.0,1408134604,False,139,0.03007064389052688,0.029908537165767465,0.030232750615286293,True
0.03,4.0,1762473079,False,139,0.030081987948836562,0.029919881224077148,0.030244094673595977,True
0.03,4.0,1022921984,False,139,0.030019126270179025,0.02985701954541961,0.03018123299493844,True
0.03,4.0,1397272813,False,139,0.030114038375049487,0.029951931650290073,0.0302761450998089,True
0.03,4.0,1526494136,False,139,0.030057820468511926,0.029895713743752512,0.03021992719327134,True
0.03,4.0,829332863,False,139,0.02999747247801348,0.029835365753254066,0.030159579202772895,True
0.03,4.0,816289807,False,140,0.030321452331497214,0.0301593456067378,0.030483559056256628,True
0.03,4.0,1618915850,False,139,0.03003025446209043,0.029868147737331017,0.030192361186849846,True
0.03,4.0,1400293912,False,139,0.030191382025514135,0.03002927530075472,0.03035348875027355,True
0.03,4.0,1758664023,False,139,0.03007721398636936,0.029915107261609945,0.030239320711128774,True
0.03,4.0,1446675775,False,139,0.03007775477367512,0.029915648048915704,0.030239861498434533,True
0.03,4.0,1165864987,False,139,0.030127669906982714,0.0299655631822233,0.030289776631742128,True
0.03,4.0,1336635478,False,139,0.030054504222197322,0.029892397497437908,0.030216610946956737,True
0.03,4.0,1337317973,False,138,0.029867628304866868,0.029705521580107454,0.030029735029626282,True
0.03,4.0,1729072225,False,139,0.030141929662324363,0.02997982293756495,0.030304036387083778,True
0.03,4.0,1908105360,False,139,0.03004750694520678,0.029885400220447365,0.030209613669966193,True
0.03,4.0,1212596783,False,139,0.030070126896826827,0.029908020172067413,0.03023223362158624,True
0.03,4.0,2018676011,False,139,0.030000699745934972,0.029838593021175558,0.030162806470694387,True
0.03,4.0,1724910418,False,139,0.030039483608733594,0.02987737688397418,0.030201590333493008,True
0.03,4.0,355004909,False,139,0.030125572294522132,0.029963465569762718,0.030287679019281546,True
0.03,4.0,1385260357,False,139,0.030128043545571186,0.02996593682081177,0.0302901502703306,True
0.03,4.0,1264222785,False,139,0.03007625891576506,0.029914152191005645,0.030238365640524473,True
0.03,4.0,1667879209,False,139,0.03011024716113272,0.029948140436373307,0.030272353885892136,True
0.03,5.0,1394839635,False,139,0.03003054173611481,0.029900856356307275,0.030160227115922342,True
0.03,5.0,746519389,False,139,0.030035499226825257,0.029905813847017723,0.03016518460663279,True
0.03,5.0,1316464603,False,139,0.030089946490911592,0.02996026111110406,0.030219631870719126,True
0.03,5.0,1178061616,False,139,0.030067576823203653,0.02993789144339612,0.030197262203011187,True
0.03,5.0,1814187016,False,140,0.030216898690571342,0.03008721331076381,0.030346584070378876,True
0.03,5.0,1464755112,False,139,0.0300901539741362,0.029960468594328667,0.030219839353943734,True
0.03,5.0,329997695,False,139,0.03012636773168684,0.029996682351879307,0.030256053111494374,True
0.03,5.0,839812180,False,139,0.030114912898825657,0.029985227519018123,0.03024459827863319,True
0.03,5.0,1381632541,False,138,0.02996823803580061,0.029838552655993077,0.030097923415608144,True
0.03,5.0,1808530771,False,139,0.030084361863335407,0.029954676483527874,0.03021404724314294,True
0.03,5.0,1526107352,False,139,0.03009443715741202,0.029964751777604486,0.030224122537219553,True
0.03,5.0,64864507,False,139,0.030067855689855923,0.02993817031004839,0.030197541069663457,True
0.03,5.0,1409662734,False,139,0.030093267355827305,0.02996358197601977,0.03022295273563484,True
0.03,5.0,922618916,False,139,0.029987857765741362,0.02985817238593383,0.030117543145548896,True
0.03,5.0,1321925226,False,139,0.03005595951496486,0.029926274135157326,0.030185644894772393,True
0.03,5.0,2111086362,False,139,0.03006374280608899,0.029934057426281458,0.030193428185896525,True
0.03,5.0,2062872947,False,139,0.030088793203994452,0.02995910782418692,0.030218478583801986,True
0.03,5.0,345451014,False,139,0.03010113483107196,0.029971449451264426,0.030230820210879493,True
0.03,5.0,836031135,False,140,0.03035136842207887,0.030221683042271335,0.030481053801886402,True
0.03,5.0,2060260298,False,139,0.030026419713623274,0.02989673433381574,0.030156105093430807,True
0.03,5.0,153955371,False,139,0.030069868615511343,0.02994018323570381,0.030199553995318876,True
0.03,5.0,1472094375,False,139,0.030107431898972258,0.029977746519164725,0.030237117278779792,True
0.03,5.0,1936884105,False,139,0.03013413319203304,0.030004447812225506,0.030263818571840573,True
0.03,5.0,825838365,False,139,0.030120693436555792,0.02999100805674826,0.030250378816363326,True
0.03,5.0,36337665,False,139,0.030047267390363706,0.029917582010556172,0.03017695277017124,True
0.03,5.0,293674092,False,139,0.030090819447598807,0.029961134067791273,0.03022050482740634,True
0.03,5.0,1473363676,False,139,0.03008669906295698,0.029957013683149448,0.030216384442764515,True
0.03,5.0,981995730,False,139,0.03016973558974099,0.030040050209933455,0.030299420969548522,True
0.03,5.0,1721112773,False,139,0.030064897718606418,0.029935212338798884,0.03019458309841395,True
0.03,5.0,1208604834,False,139,0.03009611063382747,0.029966425254019935,0.030225796013635002,True
0.03,6.0,1968017243,False,139,0.030128135222447425,0.030020064072607815,0.030236206372287036,True
0.03,6.0,1301223911,False,139,0.030105578439788335,0.029997507289948724,0.030213649589627946,True
0.03,6.0,665116098,False,140,0.030239820566488402,0.03013174941664879,0.030347891716328013,True
0.03,6.0,1009980721,False,139,0.030095057601290637,0.029986986451451026,0.030203128751130248,True
0.03,6.0,1015366836,False,139,0.03012646565958858,0.03001839450974897,0.03023453680942819,True
0.03,6.0,678913690,False,139,0.030075241282954527,0.029967170133114916,0.030183312432794138,True
0.03,6.0,283670540,False,139,0.03012701454893561,0.030018943399096,0.03023508569877522,True
0.03,6.0,1597312677,False,139,0.03003513796915337,0.029927066819313758,0.03014320911899298,True
0.03,6.0,2032041970,False,139,0.03006185602917483,0.02995378487933522,0.03016992717901444,True
0.03,6.0,202297400,False,139,0.030051460636878028,0.029943389487038417,0.03015953178671764,True
0.03,6.0,584426568,False,139,0.03006294751234769,0.02995487636250808,0.030171018662187302,True
0.03,6.0,1499700779,False,139,0.03012242354169829,0.03001435239185868,0.0302304946915379,True
0.03,6.0,339416844,False,139,0.030013105472477566,0.029905034322637955,0.030121176622317176,True
0.03,6.0,1201401822,False,139,0.030105377621249724,0.029997306471410114,0.030213448771089335,True
0.03,6.0,507652836,False,139,0.03008824498467067,0.02998017383483106,0.030196316134510282,True
0.03,6.0,1092654779,False,139,0.030097804344594033,0.029989733194754422,0.030205875494433643,True
0.03,6.0,463861826,False,139,0.03000238080360897,0.02989430965376936,0.03011045195344858,True
0.03,6.0,729193349,False,139,0.0301318970975883,0.03002382594774869,0.03023996824742791,True
0.03,6.0,858519485,False,138,0.029973685523387122,0.02986561437354751,0.030081756673226732,True
0.03,6.0,2036956827,False,139,0.030082232628981062,0.02997416147914145,0.030190303778820673,True
0.03,6.0,758027857,False,139,0.0300139506054011,0.029905879455561488,0.03012202175524071,True
0.03,6.0,1445066689,False,139,0.030043340097621253,0.029935268947781642,0.030151411247460864,True
0.03,6.0,115004662,False,139,0.030118847029050978,0.030010775879211367,0.03022691817889059,True
0.03,6.0,1019233670,False,139,0.030100713997913208,0.029992642848073597,0.03020878514775282,True
0.03,6.0,1833666277,False,139,0.030064180654399857,0.029956109504560246,0.030172251804239467,True
0.03,6.0,837134469,False,139,0.0300215906963818,0.02991351954654219,0.03012966184622141,True
0.03,6.0,1246266255,False,139,0.030108992393936686,0.030000921244097076,0.030217063543776297,True
0.03,6.0,542572401,False,139,0.0300617119152838,0.02995364076544419,0.030169783065123412,True
0.03,6.0,29715399,False,139,0.03008533827956891,0.0299772671297293,0.03019340942940852,True
0.03,6.0,652017279,False,139,0.030084520480273852,0.02997644933043424,0.030192591630113463,True
0.03,8.0,932411783,False,139,0.029990576924406626,0.02990952356202692,0.030071630286786333,True
0.03,8.0,1705096162,False,139,0.03005471488042783,0.029973661518048124,0.030135768242807538,True
0.03,8.0,706787330,False,139,0.030083372238705764,0.030002318876326057,0.03016442560108547,True
0.03,8.0,13686776,False,139,0.03011658944162382,0.030035536079244113,0.030197642804003527,True
0.03,8.0,302030449,False,139,0.030049195950431328,0.02996814258805162,0.030130249312811035,True
0.03,8.0,1611507465,False,139,0.030088959642461964,0.030007906280082257,0.03017001300484167,True
0.03,8.0,583619650,False,139,0.030080388177825587,0.02999933481544588,0.030161441540205294,True
0.03,8.0,945081125,False,139,0.030114631449106092,0.030033578086726385,0.0301956848114858,True
0.03,8.0,1951612257,False,139,0.030103538519152845,0.030022485156773138,0.030184591881532552,True
0.03,8.0,1397021613,False,139,0.030101768873759035,0.030020715511379328,0.030182822236138742,True
0.03,8.0,1265664330,False,139,0.030075091300182603,0.029994037937802896,0.03015614466256231,True
0.03,8.0,1904433495,False,139,0.030094375504250273,0.030013322141870566,0.03017542886662998,True
0.03,8.0,571913567,False,139,0.030041916617299377,0.02996086325491967,0.030122969979679084,True
0.03,8.0,1990631550,False,139,0.030031397113820944,0.029950343751441236,0.03011245047620065,True
0.03,8.0,740407379,False,139,0.03012501464126801,0.030043961278888302,0.030206068003647717,True
0.03,8.0,759181370,False,139,0.03011390110757177,0.030032847745192062,0.030194954469951477,True
0.03,8.0,587334596,False,139,0.030107581448919875,0.030026528086540168,0.030188634811299582,True
0.03,8.0,260994410,False,139,0.03011024327981047,0.03002918991743076,0.030191296642190175,True
0.03,8.0,1581700858,False,139,0.030079154700745563,0.029998101338365855,0.03016020806312527,True
0.03,8.0,928721915,False,139,0.030105157270285014,0.030024103907905306,0.03018621063266472,True
0.03,8.0,1374850793,False,139,0.03010275119489582,0.03002169783251611,0.030183804557275526,True
0.03,8.0,439029062,False,139,0.03007801426971636,0.029996960907336653,0.030159067632096068,True
0.03,8.0,307030619,False,139,0.030078955132882768,0.02999790177050306,0.030160008495262475,True
0.03,8.0,664666357,False,139,0.030114305570766536,0.03003325220838683,0.030195358933146243,True
0.03,8.0,1106724901,False,139,0.030093170391867742,0.030012117029488035,0.03017422375424745,True
0.03,8.0,1488795406,False,139,0.030063967302032164,0.029982913939652456,0.03014502066441187,True
0.03,8.0,403482327,False,139,0.030077053192318813,0.029995999829939106,0.03015810655469852,True
0.03,8.0,247343914,False,139,0.030074947738876603,0.029993894376496896,0.03015600110125631,True
0.03,8.0,880359719,False,139,0.030100263002478613,0.030019209640098906,0.03018131636485832,True
0.03,8.0,1986871888,False,139,0.030085109720845587,0.03000405635846588,0.030166163083225294,True
0.03,10.0,999359444,False,139,0.03009753709743004,0.030032694407526275,0.030162379787333805,True
0.03,10.0,1286123637,False,139,0.030077254497395862,0.030012411807492097,0.030142097187299627,True
0.03,10.0,2043110970,False,139,0.030109091810643775,0.03004424912074001,0.03017393450054754,True
0.03,10.0,594219832,False,139,0.03006452917285379,0.029999686482950025,0.030129371862757555,True
0.03,10.0,1044226533,False,139,0.030042278290683677,0.029977435600779912,0.030107120980587442,True
0.03,10.0,1710362679,False,139,0.03009757005852513,0.030032727368621365,0.030162412748428895,True
0.03,10.0,2104918812,False,139,0.030051238035115387,0.029986395345211622,0.030116080725019152,True
0.03,10.0,1262291748,False,139,0.030049935361232377,0.029985092671328612,0.030114778051136142,True
0.03,10.0,979027240,False,139,0.03008141993223275,0.030016577242328986,0.030146262622136516,True
0.03,10.0,1868354504,False,139,0.030071778986123076,0.03000693629621931,0.03013662167602684,True
0.03,10.0,1461179924,False,139,0.030086914747517915,0.03002207205761415,0.03015175743742168,True
0.03,10.0,1629478141,False,139,0.03010031350789883,0.030035470817995066,0.030165156197802596,True
0.03,10.0,149678438,False,139,0.03003154639924958,0.029966703709345816,0.030096389089153346,True
0.03,10.0,1644326900,False,139,0.03011529212695439,0.030050449437050625,0.030180134816858155,True
0.03,10.0,251715027,False,139,0.030064298659884102,0.029999455969980337,0.030129141349787867,True
0.03,10.0,1791461334,False,139,0.030085733174060696,0.03002089048415693,0.03015057586396446,True
0.03,10.0,1807225434,False,139,0.030119644536348404,0.03005480184644464,0.03018448722625217,True
0.03,10.0,1784964760,False,139,0.030104515231529506,0.03003967254162574,0.03016935792143327,True
0.03,10.0,405777502,False,139,0.030029886632516108,0.029965043942612343,0.030094729322419873,True
0.03,10.0,1280341116,False,139,0.0300980567350778,0.030033214045174034,0.030162899424981564,True
0.03,10.0,835532830,False,139,0.030101420474426516,0.03003657778452275,0.03016626316433028,True
0.03,10.0,1507624955,False,139,0.03006917655052765,0.030004333860623886,0.030134019240431416,True
0.03,10.0,859308185,False,139,0.030083699007406237,0.030018856317502472,0.030148541697310002,True
0.03,10.0,323646444,False,139,0.03008577924473248,0.030020936554828716,0.030150621934636246,True
0.03,10.0,766519642,False,139,0.030092251375014933,0.030027408685111168,0.030157094064918698,True
0.03,10.0,1920514355,False,140,0.03026097034071653,0.030196127650812764,0.030325813030620295,True
0.03,10.0,631368479,False,139,0.030156301814844865,0.0300914591249411,0.03022114450474863,True
0.03,10.0,1076483738,False,139,0.030074442949149918,0.030009600259246153,0.030139285639053683,True
0.03,10.0,618049488,False,139,0.030122240253289908,0.030057397563386143,0.030187082943193673,True
0.03,10.0,239342139,False,139,0.030081875093165365,0.0300170324032616,0.03014671778306913,True
0.04,0.1,2080805928,False,165,0.03574908090141076,0.02926481191103416,0.04223334989178736,True
0.04,0.1,906195495,False,193,0.04182503823231093,0.03534076924193433,0.04830930722268753,True
0.04,0.1,2138352884,False,184,0.03989893648201174,0.03341466749163514,0.04638320547238834,True
0.04,0.1,855462034,False,148,0.03192763537696726,0.025443366386590657,0.03841190436734386,True
0.04,0.1,2035840227,False,200,0.043325681376685826,0.036841412386309225,0.04980995036706243,True
0.04,0.1,802318014,False,174,0.037723989529071605,0.031239720538695004,0.04420825851944821,True
0.04,0.1,649568720,False,166,0.03591757046136398,0.029433301470987376,0.04240183945174058,True
0.04,0.1,2126684531,False,199,0.04314169996888028,0.03665743097850368,0.04962596895925688,True
0.04,0.1,1305388916,False,170,0.03675083230572684,0.030266563315350235,0.04323510129610344,True
0.04,0.1,1614008447,False,191,0.041252505695342036,0.034768236704965434,0.04773677468571864,True
0.04,0.1,794451201,False,181,0.03912348521808916,0.032639216227712556,0.04560775420846576,True
0.04,0.1,377553052,False,177,0.03829928145748208,0.031815012467105476,0.04478355044785868,True
0.04,0.1,836697251,False,173,0.03750789920029892,0.03102363020992232,0.04399216819067552,True
0.04,0.1,1741736473,False,182,0.03943623911457242,0.03295197012419582,0.04592050810494902,True
0.04,0.1,6238985,False,212,0.04587442409234002,0.03939015510196342,0.05235869308271662,False
0.04,0.1,825305527,False,202,0.043707072343171414,0.03722280335279481,0.050191341333548016,False
0.04,0.1,228286437,False,212,0.04590834995922414,0.03942408096884754,0.05239261894960074,False
0.04,0.1,223852965,False,182,0.039306068720795735,0.032821799730419134,0.04579033771117234,True
0.04,0.1,1209544195,False,185,0.03993685517690446,0.033452586186527855,0.04642112416728106,True
0.04,0.1,209465921,False,186,0.040156748578797544,0.03367247958842094,0.046641017569174145,True
0.04,0.1,1374334925,False,187,0.04051701265837427,0.03403274366799767,0.04700128164875087,True
0.04,0.1,1070533284,False,201,0.04359769305400633,0.037113424063629726,0.05008196204438293,False
0.04,0.1,1255359420,False,174,0.037693589488240815,0.031209320497864214,0.04417785847861742,True
0.04,0.1,1629892174,False,184,0.03991967952214941,0.033435410531772805,0.04640394851252601,True
0.04,0.1,1668599635,False,179,0.03883048345951626,0.032346214469139656,0.04531475244989286,True
0.04,0.1,431481532,False,152,0.0328071850484978,0.026322916058121197,0.0392914540388744,True
0.04,0.1,526661307,False,182,0.03935040911844167,0.03286614012806507,0.04583467810881827,True
0.04,0.1,510683285,False,197,0.04268482446735489,0.036200555476978286,0.04916909345773149,True
0.04,0.1,830347362,False,186,0.04031113785544718,0.03382686886507058,0.046795406845823784,True
0.04,0.1,535112342,False,179,0.0387996092668127,0.0323153402764361,0.045283878257189304,True
0.04,0.5,1510738328,False,189,0.04085359830059745,0.039556744502522126,0.04215045209867277,True
0.04,0.5,966509809,False,179,0.03866120204408676,0.03736434824601144,0.03995805584216208,True
0.04,0.5,1081313301,False,187,0.040377545237727644,0.03908069143965232,0.041674399035802966,True
0.04,0.5,1416074689,False,185,0.04005325969722306,0.038756405899147736,0.04135011349529838,True
0.04,0.5,136327636,False,186,0.04015757946019732,0.038860725662121995,0.04145443325827264,True
0.04,0.5,584502247,False,186,0.04022473863149225,0.03892788483341693,0.04152159242956757,True
0.04,0.5,352867872,False,185,0.040136505946493824,0.0388396521484185,0.041433359744569145,True
0.04,0.5,307415724,False,185,0.039970002694955334,0.03867314889688001,0.041266856493030656,True
0.04,0.5,2116940937,False,185,0.040120989767709926,0.038824135969634604,0.04141784356578525,True
0.04,0.5,1019164382,False,186,0.040188682246646984,0.03889182844857166,0.041485536044722306,True
0.04,0.5,1696679333,False,185,0.04013898947957227,0.03884213568149695,0.04143584327764759,True
0.04,0.5,87006444,False,189,0.040967796495319474,0.03967094269724415,0.042264650293394795,True
0.04,0.5,1205327319,False,185,0.04011566971221934,0.03881881591414402,0.04141252351029466,True
0.04,0.5,1826320065,False,185,0.03999378044599432,0.038696926647918996,0.04129063424406964,True
0.04,0.5,1155725758,False,179,0.03877544128472344,0.03747858748664812,0.04007229508279876,True
0.04,0.5,1973937265,False,184,0.03990784410003845,0.038610990301963126,0.04120469789811377,True
0.04,0.5,689030286,False,185,0.04012800674379594,0.03883115294572062,0.041424860541871264,True
0.04,0.5,888146473,False,184,0.03985754006990476,0.03856068627182944,0.04115439386798008,True
0.04,0.5,1224184187,False,189,0.040871008958903575,0.03957415516082825,0.0421678627569789,True
0.04,0.5,877290050,False,184,0.039799787166300685,0.03850293336822536,0.041096640964376006,True
0.04,0.5,414384276,False,187,0.040575638768226195,0.03927878497015087,0.04187249256630152,True
0.04,0.5,156367129,False,181,0.03921165654376193,0.03791480274568661,0.04050851034183725,True
0.04,0.5,758234799,False,185,0.040087673415850976,0.038790819617775654,0.0413845272139263,True
0.04,0.5,1106876756,False,188,0.04060127038345927,0.03930441658538395,0.041898124181534595,True
0.04,0.5,2010223668,False,184,0.039821095897595415,0.038524242099520094,0.04111794969567074,True
0.04,0.5,1008969781,False,182,0.03940019534978317,0.038103341551707845,0.04069704914785849,True
0.04,0.5,1379715230,False,181,0.039140794426889745,0.037843940628814424,0.04043764822496507,True
0.04,0.5,120482460,False,186,0.04019769979792639,0.038900845999851066,0.04149455359600171,True
0.04,0.5,1654006288,False,185,0.04005710083393376,0.03876024703585844,0.04135395463200908,True
0.04,0.5,198651679,False,185,0.04003073344760034,0.038733879649525016,0.04132758724567566,True
0.04,1.0,1483860261,False,185,0.04009879286866882,0.03945036596963116,0.040747219767706476,True
0.04,1.0,1024337022,False,184,0.039844119715831426,0.03919569281679377,0.040492546614869084,True
0.04,1.0,2115175847,False,185,0.040010991670200786,0.03936256477116313,0.040659418569238444,True
0.04,1.0,1753067714,False,186,0.0401791996021753,0.039530772703137644,0.04082762650121296,True
0.04,1.0,1971500664,False,186,0.04030669817488017,0.03965827127584251,0.040955125073917825,True
0.04,1.0,678782205,False,186,0.040281532562516154,0.039633105663478496,0.04092995946155381,True
0.04,1.0,1837328868,False,184,0.03985154595447972,0.03920311905544206,0.04049997285351738,True
0.04,1.0,1023923328,False,185,0.0400857266025369,0.03943729970349924,0.040734153501574555,True
0.04,1.0,1536866200,False,186,0.04024348652981166,0.039595059630774004,0.04089191342884932,True
0.04,1.0,782153652,False,185,0.03999882574870344,0.039350398849665784,0.0406472526477411,True
0.04,1.0,1329368737,False,186,0.04029802787594527,0.03964960097690761,0.040946454774982925,True
0.04,1.0,161333994,False,182,0.03931101872975823,0.03866259183072057,0.03995944562879589,True
0.04,1.0,341700793,False,180,0.03885576739061414,0.03820734049157648,0.039504194289651795,True
0.04,1.0,1934903171,False,185,0.03998133193805105,0.03933290503901339,0.040629758837088706,True
0.04,1.0,1754123160,False,185,0.040072564822149305,0.03942413792311165,0.04072099172118696,True
0.04,1.0,1679393816,False,184,0.03991838815774633,0.03926996125870867,0.040566815056783986,True
0.04,1.0,30033426,False,185,0.03995229780145721,0.03930387090241955,0.04060072470049487,True
0.04,1.0,1440647478,False,185,0.04004704367472358,0.03939861677568592,0.04069547057376124,True
0.04,1.0,1193410740,False,185,0.03995582407018666,0.039307397171149006,0.04060425096922432,True
0.04,1.0,960199793,False,185,0.03999039109601074,0.039341964196973084,0.0406388179950484,True
0.04,1.0,940848698,False,185,0.04009347222491322,0.03944504532587556,0.040741899123950875,True
0.04,1.0,1616772180,False,188,0.04079769106881337,0.04014926416977571,0.041446117967851026,True
0.04,1.0,1056772389,False,187,0.040463927867304454,0.0398155009682668,0.04111235476634211,True
0.04,1.0,222826665,False,186,0.04025649533278168,0.03960806843374402,0.04090492223181934,True
0.04,1.0,1038920877,False,185,0.0400129972650401,0.039364570366002445,0.04066142416407776,True
0.04,1.0,721531629,False,185,0.039980889302349096,0.03933246240331144,0.04062931620138675,True
0.04,1.0,541738145,False,186,0.04028344954083376,0.0396350226417961,0.040931876439871416,True
0.04,1.0,1083419965,False,184,0.039861874614032594,0.03921344771499494,0.04051030151307025,True
0.04,1.0,887768786,False,186,0.040192145006435955,0.0395437181073983,0.04084057190547361,True
0.04,1.0,1301800679,False,185,0.0400778260947753,0.039429399195737645,0.04072625299381296,True
0.04,2.0,4475549,False,185,0.04010466182875689,0.03978044837923806,0.04042887527827572,True
0.04,2.0,1914043591,False,184,0.039891790354277076,0.03956757690475825,0.040216003803795905,True
0.04,2.0,1773753930,False,185,0.0401032480008771,0.03977903455135827,0.04042746145039593,True
0.04,2.0,772733068,False,184,0.03973816694637387,0.03941395349685504,0.040062380395892695,True
0.04,2.0,604411937,False,185,0.04010951231506403,0.0397852988655452,0.04043372576458286,True
0.04,2.0,1723950841,False,186,0.04025090657449041,0.03992669312497158,0.04057512002400924,True
0.04,2.0,740094240,False,185,0.0401113294889578,0.03978711603943897,0.04043554293847663,True
0.04,2.0,2123826515,False,185,0.039968979354478865,0.039644765904960036,0.04029319280399769,True
0.04,2.0,781433965,False,186,0.040172655468039394,0.039848442018520565,0.04049686891755822,True
0.04,2.0,747024070,False,185,0.03997513482075064,0.03965092137123181,0.040299348270269465,True
0.04,2.0,855599956,False,184,0.03981405375994836,0.039489840310429535,0.04013826720946719,True
0.04,2.0,841738704,False,186,0.04025663587391906,0.03993242242440023,0.04058084932343789,True
0.04,2.0,1217727375,False,185,0.04004403859843962,0.03971982514892079,0.04036825204795845,True
0.04,2.0,474955420,False,186,0.04017944374013027,0.03985523029061144,0.0405036571896491,True
0.04,2.0,1124907111,False,185,0.03994501996005652,0.03962080651053769,0.04026923340957535,True
0.04,2.0,1590435523,False,186,0.04026879224389434,0.03994457879437551,0.04059300569341317,True
0.04,2.0,860287843,False,184,0.039836906233273545,0.039512692783754716,0.04016111968279237,True
0.04,2.0,1156540880,False,185,0.040060992490341576,0.03973677904082275,0.040385205939860405,True
0.04,2.0,896183159,False,184,0.03983270407167374,0.03950849062215491,0.04015691752119257,True
0.04,2.0,155761821,False,185,0.04009991398128223,0.0397757005317634,0.04042412743080106,True
0.04,2.0,637703700,False,185,0.04003025144532988,0.03970603799581105,0.04035446489484871,True
0.04,2.0,621667808,False,185,0.04007406810224403,0.0397498546527252,0.04039828155176286,True
0.04,2.0,376723781,False,185,0.04006227667622997,0.03973806322671114,0.0403864901257488,True
0.04,2.0,1883332674,False,187,0.04050871744110282,0.04018450399158399,0.04083293089062165,True
0.04,2.0,100860018,False,184,0.03984305621182736,0.039518842762308534,0.04016726966134619,True
0.04,2.0,205510733,False,185,0.0400691864751378,0.03974497302561897,0.040393399924656626,True
0.04,2.0,1243762639,False,185,0.040019091610665226,0.0396948781611464,0.040343305060184055,True
0.04,2.0,2134485732,False,186,0.04016680143057116,0.03984258798105233,0.040491014880089986,True
0.04,2.0,354826205,False,186,0.040171023248548696,0.03984680979902987,0.040495236698067524,True
0.04,2.0,815575214,False,185,0.03996673668344428,0.039642523233925454,0.04029095013296311,True
0.04,3.0,2071436634,False,185,0.04006351049142953,0.03984736819175031,0.040279652791108754,True
0.04,3.0,1836045257,False,185,0.040063486503019774,0.03984734420334055,0.040279628802698995,True
0.04,3.0,616962201,False,185,0.03993518924079628,0.03971904694111706,0.0401513315404755,True
0.04,3.0,911691612,False,185,0.04008644908567241,0.03987030678599319,0.04030259138535163,True
0.04,3.0,7186125,False,184,0.039861424485418726,0.039645282185739504,0.04007756678509795,True
0.04,3.0,1522793334,False,185,0.039972497275787736,0.039756354976108514,0.04018863957546696,True
0.04,3.0,1746809827,False,184,0.039883852054598296,0.039667709754919074,0.04009999435427752,True
0.04,3.0,269336961,False,185,0.0399626051345667,0.03974646283488748,0.040178747434245925,True
0.04,3.0,319570769,False,185,0.04001314885657855,0.03979700655689933,0.04022929115625777,True
0.04,3.0,1421376324,False,185,0.04005962297374423,0.039843480674065006,0.04027576527342345,True
0.04,3.0,36280450,False,184,0.03992960526187676,0.03971346296219754,0.040145747561555985,True
0.04,3.0,313052149,False,185,0.03998868719929547,0.03977254489961625,0.04020482949897469,True
0.04,3.0,1299170673,False,186,0.040275896232049406,0.040059753932370185,0.04049203853172863,True
0.04,3.0,1464835613,False,185,0.040081263978079415,0.039865121678400194,0.040297406277758636,True
0.04,3.0,829393962,False,185,0.04002749129822401,0.03981134899854479,0.040243633597903235,True
0.04,3.0,925942647,False,185,0.04007835461440403,0.03986221231472481,0.04029449691408325,True
0.04,3.0,22787326,False,185,0.0401075235606541,0.03989138126097488,0.04032366586033332,True
0.04,3.0,871681938,False,185,0.040066810224084544,0.03985066792440532,0.040282952523763765,True
0.04,3.0,1322226227,False,186,0.040209774737123116,0.039993632437443895,0.04042591703680234,True
0.04,3.0,543712305,False,185,0.04008375899218612,0.0398676166925069,0.040299901291865343,True
0.04,3.0,1423380950,False,185,0.040091018666381144,0.03987487636670192,0.040307160966060365,True
0.04,3.0,1509604249,False,186,0.04015289847065539,0.03993675617097617,0.04036904077033461,True
0.04,3.0,907242299,False,185,0.04001473470388011,0.03979859240420089,0.04023087700355933,True
0.04,3.0,2090427841,False,185,0.039984853863923545,0.03976871156424432,0.040200996163602766,True
0.04,3.0,1189505042,False,184,0.039876423575257704,0.03966028127557848,0.040092565874936925,True
0.04,3.0,731483407,False,185,0.04009492129126717,0.03987877899158795,0.04031106359094639,True
0.04,3.0,1092572354,False,185,0.040089554023412875,0.039873411723733654,0.0403056963230921,True
0.04,3.0,2000615964,False,185,0.04011497638486527,0.03989883408518605,0.04033111868454449,True
0.04,3.0,1379242352,False,185,0.04002492414309267,0.03980878184341345,0.040241066442771894,True
0.04,3.0,1855604158,False,185,0.03996457593299253,0.03974843363331331,0.040180718232671754,True
0.04,4.0,987066298,False,185,0.03995456963759161,0.03979246291283219,0.04011667636235102,True
0.04,4.0,519240677,False,185,0.040011437975516664,0.03984933125075725,0.04017354470027608,True
0.04,4.0,416231088,False,185,0.04001203679179453,0.03984993006703511,0.04017414351655394,True
0.04,4.0,642159904,False,185,0.04014800038266859,0.03998589365790917,0.040310107107428,True
0.04,4.0,1235962371,False,185,0.039988966552893725,0.03982685982813431,0.04015107327765314,True
0.04,4.0,1832267749,False,185,0.04004853825261568,0.039886431527856266,0.040210644977375094,True
0.04,4.0,1001404103,False,185,0.04003668366802062,0.03987457694326121,0.040198790392780036,True
0.04,4.0,1232102260,False,185,0.04001788800815733,0.039855781283397916,0.040179994732916745,True
0.04,4.0,159480324,False,185,0.04003224403656553,0.039870137311806116,0.040194350761324944,True
0.04,4.0,462868835,False,184,0.03989113644635519,0.039729029721595775,0.040053243171114604,True
0.04,4.0,1525847167,False,185,0.04004863631459402,0.03988652958983461,0.04021074303935344,True
0.04,4.0,1138302069,False,185,0.040031539738319896,0.03986943301356048,0.04019364646307931,True
0.04,4.0,718830861,False,185,0.040104894056133204,0.03994278733137379,0.04026700078089262,True
0.04,4.0,1325963033,False,186,0.04021973258583321,0.040057625861073795,0.040381839310592624,True
0.04,4.0,740979271,False,185,0.03997473644426602,0.0398126297195066,0.04013684316902543,True
0.04,4.0,1511247017,False,185,0.04010126586885551,0.0399391591440961,0.04026337259361493,True
0.04,4.0,316340900,False,185,0.04003772230167502,0.03987561557691561,0.04019982902643444,True
0.04,4.0,150599215,False,184,0.03981378366867414,0.03965167694391473,0.03997589039343356,True
0.04,4.0,1184590942,False,185,0.040069851299542776,0.03990774457478336,0.04023195802430219,True
0.04,4.0,730800399,False,185,0.04013532163861893,0.039973214913859516,0.040297428363378344,True
0.04,4.0,674127463,False,184,0.03992774615452058,0.03976563942976116,0.04008985287927999,True
0.04,4.0,655471470,False,185,0.040037451130261144,0.03987534440550173,0.04019955785502056,True
0.04,4.0,806500443,False,185,0.04001420848074736,0.03985210175598795,0.040176315205506775,True
0.04,4.0,1077497117,False,185,0.04007161399309049,0.039909507268331076,0.040233720717849905,True
0.04,4.0,1808194379,False,185,0.04003438640169148,0.03987227967693206,0.04019649312645089,True
0.04,4.0,1158189606,False,185,0.0400927579233658,0.039930651198606386,0.040254864648125215,True
0.04,4.0,358085807,False,185,0.03998495063145125,0.039822843906691836,0.040147057356210665,True
0.04,4.0,1383968142,False,185,0.04010993529517045,0.039947828570411036,0.040272042019929864,True
0.04,4.0,737627617,False,185,0.04004118817002608,0.03987908144526667,0.040203294894785496,True
0.04,4.0,2132579148,False,185,0.04011028296864439,0.03994817624388498,0.040272389693403805,True
0.04,5.0,1301631830,False,185,0.03994759752860788,0.03981791214880035,0.04007728290841541,True
0.04,5.0,833617042,False,185,0.040042609728750816,0.039912924348943286,0.04017229510855835,True
0.04,5.0,83482268,False,185,0.040143507488952,0.04001382210914447,0.04027319286875953,True
0.04,5.0,300568787,False,185,0.03997972904940096,0.03985004366959343,0.04010941442920849,True
0.04,5.0,1410015204,False,185,0.04010705352044269,0.03997736814063516,0.04023673890025022,True
0.04,5.0,353233655,False,185,0.04001551106753966,0.03988582568773213,0.04014519644734719,True
0.04,5.0,1306360010,False,185,0.04003873156025356,0.03990904618044603,0.04016841694006109,True
0.04,5.0,1069568972,False,185,0.04002022843587954,0.03989054305607201,0.04014991381568707,True
0.04,5.0,369689237,False,185,0.040088593861833346,0.039958908482025816,0.04021827924164088,True
0.04,5.0,502031949,False,185,0.04001543862628594,0.03988575324647841,0.04014512400609347,True
0.04,5.0,1373981984,False,185,0.040050149041453924,0.039920463661646394,0.040179834421261454,True
0.04,5.0,408450018,False,185,0.040038720553540054,0.039909035173732524,0.040168405933347584,True
0.04,5.0,837511682,False,185,0.04001995214665808,0.03989026676685055,0.04014963752646561,True
0.04,5.0,165107568,False,185,0.03996460020995751,0.03983491483014998,0.04009428558976504,True
0.04,5.0,1691341113,False,185,0.040043327359468306,0.039913641979660776,0.040173012739275836,True
0.04,5.0,157727619,False,185,0.04003714548636013,0.0399074601065526,0.04016683086616766,True
0.04,5.0,425634702,False,185,0.04007753851404248,0.03994785313423495,0.04020722389385001,True
0.04,5.0,1531136547,False,185,0.04001927204106575,0.03988958666125822,0.04014895742087328,True
0.04,5.0,1703786496,False,185,0.04006326850090842,0.03993358312110089,0.04019295388071595,True
0.04,5.0,148606142,False,185,0.039996136867425806,0.039866451487618276,0.040125822247233336,True
0.04,5.0,1087566509,False,185,0.04001184071716114,0.03988215533735361,0.04014152609696867,True
0.04,5.0,128689303,False,185,0.040038105468952596,0.039908420089145066,0.040167790848760127,True
0.04,5.0,51002526,False,185,0.04002866668462424,0.03989898130481671,0.04015835206443177,True
0.04,5.0,2070984758,False,185,0.040034359164756984,0.039904673784949454,0.040164044544564514,True
0.04,5.0,1262237220,False,185,0.040132417363281464,0.040002731983473934,0.040262102743088994,True
0.04,5.0,1657273532,False,185,0.039995308862743585,0.039865623482936055,0.040124994242551115,True
0.04,5.0,129584537,False,185,0.04004230971962209,0.03991262433981456,0.04017199509942962,True
0.04,5.0,12247259,False,185,0.04009166939486123,0.0399619840150537,0.04022135477466876,True
0.04,5.0,337575106,False,186,0.04016944970474971,0.04003976432494218,0.04029913508455724,True
0.04,5.0,237163490,False,185,0.04006071664897009,0.03993103126916256,0.04019040202877762,True
0.04,6.0,1762983755,False,185,0.0400554027330653,0.03994733158322569,0.04016347388290491,True
0.04,6.0,1352636684,False,185,0.04007003976742073,0.039961968617581126,0.04017811091726034,True
0.04,6.0,1128924169,False,185,0.040032119940691675,0.03992404879085207,0.04014019109053128,True
0.04,6.0,1627309095,False,185,0.04006062132498269,0.039952550175143084,0.0401686924748223,True
0.04,6.0,356395211,False,185,0.03997370611555211,0.0398656349657125,0.040081777265391715,True
0.04,6.0,565090748,False,185,0.040080827508524944,0.03997275635868534,0.04018889865836455,True
0.04,6.0,2053562448,False,185,0.04006331040544852,0.03995523925560891,0.04017138155528813,True
0.04,6.0,1545579914,False,185,0.04001151230553304,0.039903441155693435,0.04011958345537265,True
0.04,6.0,452860625,False,185,0.03997537551639763,0.03986730436655802,0.040083446666237234,True
0.04,6.0,1952241498,False,185,0.039953986073854066,0.03984591492401446,0.04006205722369367,True
0.04,6.0,109682597,False,185,0.040096363243466306,0.0399882920936267,0.04020443439330591,True
0.04,6.0,2029400970,False,185,0.040062805738970544,0.03995473458913094,0.04017087688881015,True
0.04,6.0,1928309888,False,185,0.040061091001385704,0.0399530198515461,0.04016916215122531,True
0.04,6.0,1129955652,False,185,0.04005280557267432,0.039944734422834714,0.04016087672251393,True
0.04,6.0,2001523329,False,185,0.04011096509388469,0.04000289394404508,0.0402190362437243,True
0.04,6.0,1626408625,False,185,0.04002991139354495,0.03992184024370534,0.040137982543384555,True
0.04,6.0,1537802015,False,185,0.04007057448457687,0.03996250333473726,0.04017864563441648,True
0.04,6.0,1508650564,False,185,0.04006844442979497,0.039960373279955365,0.04017651557963458,True
0.04,6.0,1537715898,False,185,0.040042611088829685,0.03993453993899008,0.04015068223866929,True
0.04,6.0,1113049129,False,185,0.040038647920064174,0.03993057677022457,0.04014671906990378,True
0.04,6.0,1284223898,False,185,0.0400816158361504,0.03997354468631079,0.04018968698599001,True
0.04,6.0,815362500,False,185,0.040050869464090776,0.03994279831425117,0.04015894061393038,True
0.04,6.0,2035790656,False,185,0.040121444149660616,0.04001337299982101,0.040229515299500224,True
0.04,6.0,2082465207,False,185,0.04003635938658368,0.039928288236744075,0.04014443053642329,True
0.04,6.0,266564128,False,185,0.040047778903823675,0.03993970775398407,0.04015585005366328,True
0.04,6.0,880568718,False,185,0.04005377730105777,0.03994570615121816,0.040161848450897375,True
0.04,6.0,1165860442,False,185,0.04008115741951429,0.03997308626967468,0.0401892285693539,True
0.04,6.0,18865602,False,185,0.04002799679437754,0.03991992564453793,0.040136067944217146,True
0.04,6.0,743947951,False,185,0.04012411702532284,0.040016045875483235,0.04023218817516245,True
0.04,6.0,1249061738,False,185,0.040051782780152735,0.03994371163031313,0.04015985392999234,True
0.04,8.0,1976707192,False,185,0.04008836837450786,0.040007315012128154,0.04016942173688757,True
0.04,8.0,1523087849,False,185,0.04004422675987575,0.03996317339749604,0.040125280122255455,True
0.04,8.0,1539205580,False,185,0.039999722789107045,0.03991866942672734,0.04008077615148675,True
0.04,8.0,72637287,False,185,0.04002294972836825,0.03994189636598854,0.04010400309074796,True
0.04,8.0,693306168,False,185,0.03997917858523416,0.03989812522285445,0.040060231947613864,True
0.04,8.0,1987175330,False,185,0.04003111532129886,0.039950061958919154,0.04011216868367857,True
0.04,8.0,1543173055,False,185,0.04002404711761307,0.039942993755233365,0.04010510047999278,True
0.04,8.0,869129239,False,185,0.04004890342242287,0.039967850060043164,0.04012995678480258,True
0.04,8.0,841311104,False,185,0.04007609788967889,0.039995044527299184,0.0401571512520586,True
0.04,8.0,1320841368,False,185,0.040000622354032435,0.03991956899165273,0.04008167571641214,True
0.04,8.0,1038460597,False,185,0.0400628299871071,0.03998177662472739,0.040143883349486806,True
0.04,8.0,904354238,False,185,0.0400404633499769,0.03995940998759719,0.04012151671235661,True
0.04,8.0,1912439210,False,185,0.04009444813147811,0.040013394769098404,0.04017550149385782,True
0.04,8.0,685850340,False,185,0.040034409481169674,0.039953356118789966,0.04011546284354938,True
0.04,8.0,722821225,False,185,0.04005618252918367,0.039975129166803965,0.04013723589156338,True
0.04,8.0,1650887124,False,185,0.04003490922096009,0.039953855858580384,0.0401159625833398,True
0.04,8.0,1724329295,False,185,0.04006192135950864,0.03998086799712893,0.040142974721888346,True
0.04,8.0,1799588350,False,185,0.040029148970428606,0.0399480956080489,0.04011020233280831,True
0.04,8.0,730862497,False,185,0.04007692257618234,0.03999586921380263,0.040157975938562046,True
0.04,8.0,1317016502,False,185,0.040013833431829224,0.03993278006944952,0.04009488679420893,True
0.04,8.0,1713417835,False,185,0.04003337860114775,0.039952325238768044,0.04011443196352746,True
0.04,8.0,979795486,False,186,0.040169787639144354,0.04008873427676465,0.04025084100152406,True
0.04,8.0,1097378747,False,185,0.0399822748320247,0.03990122146964499,0.040063328194404405,True
0.04,8.0,1675380946,False,185,0.04006283828731236,0.03998178492493265,0.040143891649692065,True
0.04,8.0,1360544642,False,185,0.040055089912800636,0.03997403655042093,0.04013614327518034,True
0.04,8.0,909179901,False,185,0.039994798241447554,0.03991374487906785,0.04007585160382726,True
0.04,8.0,1970174997,False,185,0.04011679255088899,0.040035739188509285,0.0401978459132687,True
0.04,8.0,1693042174,False,185,0.04003631947838715,0.03995526611600744,0.04011737284076686,True
0.04,8.0,1248207696,False,185,0.04003527053039857,0.03995421716801886,0.04011632389277828,True
0.04,8.0,810301177,False,185,0.04003673142337432,0.039955678060994614,0.04011778478575403,True
0.04,10.0,18651445,False,185,0.04009842865413462,0.04003358596423085,0.04016327134403839,True
0.04,10.0,147465004,False,185,0.04005874779342606,0.03999390510352229,0.04012359048332983,True
0.04,10.0,117446316,False,185,0.04004579839314418,0.03998095570324041,0.040110641083047946,True
0.04,10.0,414691993,False,185,0.04005971808841005,0.03999487539850628,0.04012456077831382,True
0.04,10.0,464121047,False,185,0.040025881896270175,0.03996103920636641,0.040090724586173944,True
0.04,10.0,1837612250,False,185,0.04007930258511064,0.04001445989520687,0.040144145275014406,True
0.04,10.0,2015245341,False,185,0.040024365111732255,0.039959522421828486,0.04008920780163602,True
0.04,10.0,526461641,False,185,0.040010013838211116,0.03994517114830735,0.040074856528114884,True
0.04,10.0,141181821,False,185,0.040053900170152285,0.039989057480248516,0.04011874286005605,True
0.04,10.0,1614775940,False,185,0.04006130464628557,0.039996461956381804,0.04012614733618934,True
0.04,10.0,1746379593,False,185,0.040046355905109,0.03998151321520523,0.04011119859501277,True
0.04,10.0,265749993,False,185,0.04003866840419483,0.03997382571429106,0.0401035110940986,True
0.04,10.0,755654926,False,185,0.04003572508288194,0.03997088239297817,0.04010056777278571,True
0.04,10.0,1848856852,False,185,0.04000718630220589,0.039942343612302124,0.04007202899210966,True
0.04,10.0,1050264924,False,185,0.039962799034334584,0.039897956344430816,0.04002764172423835,True
0.04,10.0,283715139,False,185,0.04005813642726553,0.03999329373736176,0.0401229791171693,True
0.04,10.0,1820406335,False,185,0.04005373137101224,0.03998888868110847,0.040118574060916005,True
0.04,10.0,1746172311,False,185,0.0400513524781537,0.039986509788249934,0.04011619516805747,True
0.04,10.0,933328994,False,185,0.04005461665234537,0.039989773962441605,0.04011945934224914,True
0.04,10.0,283745648,False,185,0.04004871566781824,0.03998387297791447,0.040113558357722005,True
0.04,10.0,1358847303,False,185,0.040125786719512245,0.040060944029608477,0.040190629409416014,True
0.04,10.0,159941259,False,185,0.040089787833063134,0.040024945143159366,0.0401546305229669,True
0.04,10.0,1732406059,False,185,0.04003622720513222,0.03997138451522845,0.040101069895035986,True
0.04,10.0,1234854436,False,185,0.0400513619671461,0.03998651927724233,0.04011620465704987,True
0.04,10.0,475781647,False,185,0.040076799648251275,0.04001195695834751,0.040141642338155044,True
0.04,10.0,986116377,False,185,0.040045367120780634,0.039980524430876865,0.0401102098106844,True
0.04,10.0,1026903287,False,185,0.040072469944170325,0.040007627254266556,0.04013731263407409,True
0.04,10.0,514217440,False,185,0.040057454343704994,0.039992611653801226,0.04012229703360876,True
0.04,10.0,1194969285,False,185,0.040090927419638635,0.040026084729734866,0.0401557701095424,True
0.04,10.0,18013376,False,185,0.04008058480609717,0.0400157421161934,0.04014542749600094,True
0.05,0.1,590223221,True,236,0.0510690630592815,0.0445847940689049,0.0575533320496581,False
0.05,0.1,1247818853,True,244,0.05277669690331814,0.04629242791294154,0.05926096589369474,False
0.05,0.1,163623998,True,224,0.04858408063842534,0.04209981164804874,0.055068349628801944,False
0.05,0.1,1856639012,True,236,0.051002081227032446,0.044517812236655845,0.05748635021740905,False
0.05,0.1,1425823300,True,231,0.05009339304722595,0.04360912405684935,0.056577662037602554,False
0.05,0.1,1262419189,True,233,0.05039527745375875,0.043911008463382147,0.05687954644413535,False
0.05,0.1,162455461,True,233,0.05048784421509871,0.044003575224722105,0.05697211320547531,False
0.05,0.1,1272118890,True,237,0.05134728029778867,0.04486301130741207,0.05783154928816527,False
0.05,0.1,981446541,True,216,0.04667681550672373,0.04019254651634713,0.05316108449710033,False
0.05,0.1,455817606,True,229,0.049584852480370055,0.04310058348999345,0.056069121470746656,False
0.05,0.1,1739400220,True,255,0.055226812164145135,0.048742543173768534,0.06171108115452174,False
0.05,0.1,2066400655,True,243,0.05265645166069107,0.04617218267031447,0.05914072065106767,False
0.05,0.1,854579185,True,232,0.05027301726051247,0.04378874827013587,0.05675728625088907,False
0.05,0.1,2100094105,True,250,0.054182441128436315,0.04769817213805971,0.060666710118812917,False
0.05,0.1,307341316,True,237,0.051311858121625496,0.044827589131248895,0.0577961271120021,False
0.05,0.1,347179643,True,252,0.05443865018318029,0.04795438119280369,0.06092291917355689,False
0.05,0.1,669127308,True,232,0.050147403225391865,0.043663134235015263,0.05663167221576847,False
0.05,0.1,1443181187,True,241,0.05220992301641467,0.045725654026038065,0.05869419200679127,False
0.05,0.1,863950017,True,226,0.048957321932039284,0.04247305294166268,0.055441590922415886,False
0.05,0.1,1766116447,True,267,0.05772069527237991,0.05123642628200331,0.06420496426275651,True
0.05,0.1,1502532528,True,235,0.05088251853250118,0.044398249542124575,0.05736678752287778,False
0.05,0.1,493926135,True,227,0.04910904039144628,0.042624771401069676,0.05559330938182288,False
0.05,0.1,1426956911,True,227,0.04922080521368071,0.04273653622330411,0.05570507420405731,False
0.05,0.1,551497702,True,231,0.049997265715808696,0.043512996725432095,0.0564815347061853,False
0.05,0.1,1938511634,True,213,0.046206083758380236,0.039721814768003634,0.05269035274875684,False
0.05,0.1,1635958673,True,251,0.05438694027453614,0.04790267128415954,0.06087120926491274,False
0.05,0.1,1876146721,True,221,0.04791656586735075,0.041432296876974146,0.05440083485772735,False
0.05,0.1,1038033332,True,230,0.04973981631585007,0.043255547325473466,0.05622408530622667,False
0.05,0.1,297981388,True,243,0.05270033907498272,0.04621607008460612,0.05918460806535932,False
0.05,0.1,1100108148,True,249,0.05393579508431598,0.04745152609393938,0.06042006407469258,False
0.05,0.5,2032162426,True,236,0.05113078117311662,0.0498339273750413,0.05242763497119194,False
0.05,0.5,849379276,True,230,0.049786450594213466,0.048489596796138144,0.05108330439228879,False
0.05,0.5,1314161848,True,231,0.04998566608828107,0.048688812290205746,0.05128251988635639,False
0.05,0.5,1213937398,True,230,0.04976813686975326,0.04847128307167794,0.05106499066782858,False
0.05,0.5,210672527,True,231,0.04994251649537477,0.04864566269729945,0.05123937029345009,False
0.05,0.5,1449193944,True,230,0.049881864794771386,0.048585010996696064,0.05117871859284671,False
0.05,0.5,1912537481,True,233,0.05048168731511444,0.04918483351703912,0.05177854111318976,False
0.05,0.5,2047245658,True,228,0.049290266296603956,0.047993412498528634,0.05058712009467928,False
0.05,0.5,811238413,True,232,0.050116560571104043,0.04881970677302872,0.051413414369179365,False
0.05,0.5,1327428933,True,233,0.05034108721189203,0.04904423341381671,0.05163794100996735,False
0.05,0.5,673841042,True,239,0.05175762706317292,0.0504607732650976,0.05305448086124824,True
0.05,0.5,844502997,True,228,0.04938629779288765,0.048089443994812325,0.05068315159096297,False
0.05,0.5,906120548,True,231,0.05003399057860317,0.04873713678052785,0.051330844376678494,False
0.05,0.5,1644312871,True,228,0.0494427161673665,0.04814586236929118,0.05073956996544182,False
0.05,0.5,908546045,True,232,0.050165493825789303,0.04886864002771398,0.051462347623864625,False
0.05,0.5,1199998471,True,234,0.05062861237173405,0.04933175857365873,0.05192546616980937,False
0.05,0.5,1748987276,True,230,0.04982270756793155,0.04852585376985623,0.05111956136600687,False
0.05,0.5,89814391,True,230,0.04980492805068484,0.048508074252609515,0.05110178184876016,False
0.05,0.5,1751376745,True,231,0.05001064652658111,0.04871379272850579,0.05130750032465643,False
0.05,0.5,631199545,True,236,0.051121377695287594,0.04982452389721227,0.052418231493362916,False
0.05,0.5,347940201,True,233,0.05032786831600938,0.04903101451793406,0.051624722114084705,False
0.05,0.5,728961795,True,233,0.05041622252235003,0.049119368724274706,0.05171307632042535,False
0.05,0.5,1397403471,True,231,0.050058216163192,0.048761362365116676,0.05135506996126732,False
0.05,0.5,1191554444,True,232,0.05024079654783723,0.04894394274976191,0.05153765034591255,False
0.05,0.5,1436847434,True,231,0.050077460890973646,0.048780607092898325,0.05137431468904897,False
0.05,0.5,386838160,True,230,0.049768106758222005,0.048471252960146684,0.05106496055629733,False
0.05,0.5,1971205064,True,232,0.05032339927149754,0.049026545473422216,0.05162025306957286,False
0.05,0.5,315696231,True,230,0.049816301969193344,0.04851944817111802,0.051113155767268666,False
0.05,0.5,395507345,True,228,0.04930977142438078,0.04801291762630546,0.050606625222456104,False
0.05,0.5,2046210260,True,230,0.04989090310115388,0.048594049303078556,0.0511877568992292,False
0.05,1.0,1529072474,True,231,0.049914802053132215,0.04926637515409456,0.05056322895216987,False
0.05,1.0,855955716,True,231,0.05002041891990451,0.04937199202086685,0.05066884581894217,False
0.05,1.0,871168016,True,233,0.05037949253764285,0.049731065638605194,0.05102791943668051,False
0.05,1.0,838670747,True,230,0.04982509960265777,0.04917667270362011,0.050473526501695426,False
0.05,1.0,2123446142,True,234,0.050590336086258555,0.0499419091872209,0.05123876298529621,False
0.05,1.0,2108727329,True,230,0.04980016081893231,0.04915173391989465,0.050448587717969964,False
0.05,1.0,1366710094,True,231,0.04997533104773333,0.04932690414869567,0.050623757946770986,False
0.05,1.0,1391202520,True,230,0.04974049787284861,0.04909207097381095,0.050388924771886265,False
0.05,1.0,1950952332,True,232,0.0502044556859755,0.04955602878693784,0.05085288258501316,False
0.05,1.0,1164803920,True,229,0.04956292507111881,0.048914498172081156,0.05021135197015647,False
0.05,1.0,975157252,True,231,0.05001057506677725,0.049362148167739595,0.05065900196581491,False
0.05,1.0,803523691,True,231,0.05001933566253223,0.04937090876349457,0.050667762561569886,False
0.05,1.0,1165537131,True,232,0.05031095089940661,0.049662524000368954,0.05095937779844427,False
0.05,1.0,199739916,True,235,0.05077081755707558,0.050122390658037926,0.05141924445611324,True
0.05,1.0,1379229803,True,231,0.050027165954616516,0.04937873905557886,0.050675592853654174,False
0.05,1.0,1958354811,True,230,0.04977845319601931,0.049130026296981655,0.05042688009505697,False
0.05,1.0,924358701,True,233,0.05050621037457028,0.04985778347553262,0.05115463727360794,False
0.05,1.0,2018801201,True,229,0.049569850864275844,0.04892142396523819,0.0502182777633135,False
0.05,1.0,741271908,True,231,0.05000473782761201,0.04935631092857435,0.050653164726649665,False
0.05,1.0,238380129,True,230,0.04986030149165259,0.04921187459261493,0.05050872839069025,False
0.05,1.0,539909447,True,232,0.0502197712861869,0.04957134438714924,0.050868198185224554,False
0.05,1.0,1681856670,True,232,0.05025213119452296,0.0496037042954853,0.050900558093560616,False
0.05,1.0,1339162752,True,231,0.050007076422648615,0.04935864952361096,0.05065550332168627,False
0.05,1.0,343254905,True,231,0.049958308736900624,0.049309881837862966,0.05060673563593828,False
0.05,1.0,656242373,True,230,0.049874120895191436,0.04922569399615378,0.05052254779422909,False
0.05,1.0,585938712,True,231,0.04999687851818176,0.049348451619144106,0.05064530541721942,False
0.05,1.0,1180103772,True,233,0.05040058413766694,0.04975215723862928,0.051049011036704596,False
0.05,1.0,2031111673,True,230,0.04984641661871217,0.04919798971967451,0.05049484351774983,False
0.05,1.0,2017820365,True,231,0.049931322954225324,0.04928289605518767,0.05057974985326298,False
0.05,1.0,1725207354,True,231,0.050053721164292915,0.04940529426525526,0.05070214806333057,False
0.05,2.0,606900243,True,231,0.05003524666300013,0.049711033213481304,0.05035946011251896,False
0.05,2.0,1231469927,True,230,0.04970697542349795,0.049382761973979124,0.05003118887301678,False
0.05,2.0,2119619993,True,231,0.050018962195414136,0.04969474874589531,0.050343175644932965,False
0.05,2.0,72742043,True,230,0.049684334258471664,0.049360120808952836,0.05000854770799049,False
0.05,2.0,681995358,True,231,0.05006566145704237,0.04974144800752354,0.050389874906561195,False
0.05,2.0,27133321,True,231,0.05001828112173384,0.049694067672215014,0.05034249457125267,False
0.05,2.0,1985037155,True,231,0.049983963854386526,0.0496597504048677,0.050308177303905355,False
0.05,2.0,865048342,True,231,0.050084074296518025,0.049759860846999196,0.05040828774603685,False
0.05,2.0,588232497,True,231,0.05000994850374636,0.049685735054227534,0.05033416195326519,False
0.05,2.0,1163486408,True,232,0.05015975101733272,0.04983553756781389,0.05048396446685155,False
0.05,2.0,2076872646,True,231,0.05005576688994026,0.04973155344042143,0.05037998033945909,False
0.05,2.0,1695005107,True,231,0.04995553411956653,0.049631320670047704,0.05027974756908536,False
0.05,2.0,1942202895,True,231,0.049983899424329487,0.04965968597481066,0.050308112873848315,False
0.05,2.0,2066438619,True,230,0.04985776292111999,0.049533549471601164,0.05018197637063882,False
0.05,2.0,340677508,True,231,0.050034445151388926,0.0497102317018701,0.050358658600907755,False
0.05,2.0,1955698143,True,231,0.050001787478075425,0.0496775740285566,0.050326000927594254,False
0.05,2.0,381155078,True,231,0.05001621988958133,0.049692006440062504,0.05034043333910016,False
0.05,2.0,1298031490,True,231,0.049938098830606126,0.0496138853810873,0.050262312280124954,False
0.05,2.0,1839547719,True,231,0.049892392137405914,0.049568178687887085,0.05021660558692474,False
0.05,2.0,2021142456,True,231,0.05004777453907039,0.04972356108955156,0.05037198798858922,False
0.05,2.0,942293987,True,231,0.05007478253571009,0.049750569086191264,0.05039899598522892,False
0.05,2.0,1100468275,True,231,0.05002029725929784,0.04969608380977901,0.05034451070881667,False
0.05,2.0,982692733,True,231,0.05000578347201298,0.049681570022494154,0.05032999692153181,False
0.05,2.0,1899240684,True,230,0.04985312579031409,0.04952891234079526,0.05017733923983292,False
0.05,2.0,1576288708,True,231,0.050083123900067084,0.049758910450548255,0.05040733734958591,False
0.05,2.0,673300316,True,230,0.0497947217140598,0.04947050826454097,0.050118935163578626,False
0.05,2.0,493378175,True,231,0.050047599661365724,0.049723386211846896,0.05037181311088455,False
0.05,2.0,1043058636,True,231,0.0500852821498518,0.04976106870033297,0.05040949559937063,False
0.05,2.0,1710774608,True,231,0.04998348828234693,0.0496592748328281,0.05030770173186576,False
0.05,2.0,1000810739,True,231,0.04998900448406106,0.04966479103454223,0.05031321793357989,False
0.05,3.0,2141465801,True,231,0.05004685702170426,0.049830714722025035,0.05026299932138348,False
0.05,3.0,1040166816,True,230,0.049865938664434645,0.04964979636475542,0.050082080964113866,False
0.05,3.0,1522529577,True,232,0.05010877562851699,0.04989263332883777,0.05032491792819621,False
0.05,3.0,1343353540,True,231,0.050053289103757184,0.04983714680407796,0.050269431403436406,False
0.05,3.0,1669019943,True,231,0.050024287617785435,0.04980814531810621,0.050240429917464656,False
0.05,3.0,155114126,True,231,0.049947153185221055,0.04973101088554183,0.050163295484900276,False
0.05,3.0,1620559518,True,231,0.050072852211906264,0.04985670991222704,0.050288994511585486,False
0.05,3.0,11079387,True,231,0.050042981669810846,0.049826839370131625,0.05025912396949007,False
0.05,3.0,1958102276,True,231,0.04999048757295657,0.04977434527327735,0.05020662987263579,False
0.05,3.0,458287933,True,231,0.05003222547680031,0.049816083177121086,0.05024836777647953,False
0.05,3.0,95356937,True,231,0.0500070012109213,0.049790858911242075,0.05022314351060052,False
0.05,3.0,2075050054,True,231,0.05008586283732663,0.04986972053764741,0.050302005137005855,False
0.05,3.0,1106227846,True,231,0.04999979617532045,0.04978365387564123,0.05021593847499967,False
0.05,3.0,888006284,True,231,0.04997043421487566,0.04975429191519644,0.05018657651455488,False
0.05,3.0,992256411,True,231,0.05001555312262758,0.04979941082294836,0.0502316954223068,False
0.05,3.0,1149576320,True,231,0.05003494448380538,0.04981880218412616,0.050251086783484604,False
0.05,3.0,58986572,True,231,0.05000370224424171,0.049787559944562486,0.05021984454392093,False
0.05,3.0,1848285758,True,231,0.04997178909644806,0.04975564679676884,0.05018793139612728,False
0.05,3.0,1847868625,True,231,0.05001221555210124,0.04979607325242202,0.05022835785178046,False
0.05,3.0,1300681064,True,232,0.05011907090468362,0.0499029286050044,0.05033521320436284,False
0.05,3.0,1162675134,True,231,0.04994600160740172,0.0497298593077225,0.050162143907080944,False
0.05,3.0,434413898,True,230,0.049881175743869084,0.04966503344418986,0.050097318043548306,False
0.05,3.0,1171564421,True,230,0.049706470965690724,0.0494903286660115,0.049922613265369946,True
0.05,3.0,966569306,True,231,0.05001110955533785,0.04979496725565863,0.05022725185501707,False
0.05,3.0,181460023,True,231,0.050064744520716804,0.04984860222103758,0.050280886820396026,False
0.05,3.0,79075677,True,231,0.049953536221968006,0.049737393922288785,0.05016967852164723,False
0.05,3.0,161962881,True,230,0.049874459685731995,0.049658317386052774,0.050090601985411216,False
0.05,3.0,1607092332,True,231,0.04989578556632302,0.0496796432666438,0.05011192786600224,False
0.05,3.0,1068989114,True,231,0.05000114989589589,0.049785007596216665,0.05021729219557511,False
0.05,3.0,110903432,True,230,0.04982301059264415,0.04960686829296493,0.05003915289232337,False
0.05,4.0,772307809,True,231,0.04998652923815277,0.049824422513393356,0.050148635962912184,False
0.05,4.0,319177921,True,231,0.050040987286737074,0.04987888056197766,0.05020309401149649,False
0.05,4.0,1606780114,True,231,0.049974995246832334,0.04981288852207292,0.05013710197159175,False
0.05,4.0,1001630581,True,231,0.04998771315358991,0.04982560642883049,0.05014981987834932,False
0.05,4.0,1664821674,True,231,0.050074723442337175,0.04991261671757776,0.05023683016709659,False
0.05,4.0,1727103886,True,231,0.050012615391738846,0.04985050866697943,0.05017472211649826,False
0.05,4.0,1716689293,True,230,0.04984119794760354,0.04967909122284413,0.050003304672362955,False
0.05,4.0,662016791,True,231,0.05010466335307077,0.04994255662831135,0.05026677007783018,False
0.05,4.0,1346635519,True,231,0.049997456956236544,0.04983535023147713,0.05015956368099596,False
0.05,4.0,1962012538,True,231,0.049980673062134794,0.04981856633737538,0.05014277978689421,False
0.05,4.0,790925110,True,231,0.05002051332116957,0.04985840659641016,0.05018262004592899,False
0.05,4.0,2103275735,True,231,0.04999171017133077,0.049829603446571356,0.050153816896090185,False
0.05,4.0,1144375366,True,232,0.050147361653668204,0.04998525492890879,0.05030946837842762,False
0.05,4.0,504066328,True,231,0.049892661775835685,0.04973055505107627,0.0500547685005951,False
0.05,4.0,895444545,True,231,0.04996210265686413,0.04979999593210471,0.05012420938162354,False
0.05,4.0,1087532153,True,231,0.04999487387714008,0.049832767152380664,0.05015698060189949,False
0.05,4.0,1176724570,True,232,0.05020259176885953,0.050040485044100115,0.050364698493618944,True
0.05,4.0,315673213,True,231,0.049974704044851416,0.049812597320092,0.05013681076961083,False
0.05,4.0,1437553782,True,231,0.050067787653328984,0.04990568092856957,0.0502298943780884,False
0.05,4.0,1400261350,True,232,0.050297950289519375,0.05013584356475996,0.05046005701427879,True
0.05,4.0,457019257,True,231,0.050016588866927676,0.04985448214216826,0.05017869559168709,False
0.05,4.0,565547774,True,231,0.0500879144523342,0.04992580772757479,0.050250021177093616,False
0.05,4.0,1019499999,True,231,0.049945375484339874,0.04978326875958046,0.05010748220909929,False
0.05,4.0,239598018,True,231,0.049919950162084684,0.04975784343732527,0.0500820568868441,False
0.05,4.0,1481819014,True,230,0.049836736479027095,0.04967462975426768,0.04999884320378651,True
0.05,4.0,1014659709,True,231,0.05003189442363091,0.049869787698871494,0.05019400114839032,False
0.05,4.0,1462303195,True,231,0.0500726528929011,0.04991054616814169,0.05023475961766052,False
0.05,4.0,769972884,True,231,0.05009850852270723,0.04993640179794782,0.050260615247466646,False
0.05,4.0,1026633878,True,231,0.04993691855971513,0.04977481183495572,0.050099025284474547,False
0.05,4.0,2039356220,True,231,0.04992971910032378,0.04976761237556437,0.050091825825083196,False
0.05,5.0,597987104,True,231,0.04999112282962167,0.04986143744981414,0.0501208082094292,False
0.05,5.0,2027691676,True,231,0.04998474357993296,0.04985505820012543,0.05011442895974049,False
0.05,5.0,1636871221,True,231,0.04998949742453011,0.04985981204472258,0.05011918280433764,False
0.05,5.0,463274138,True,231,0.05000317555417118,0.04987349017436365,0.05013286093397871,False
0.05,5.0,1161947394,True,231,0.04994988688162914,0.04982020150182161,0.05007957226143667,False
0.05,5.0,1660185393,True,231,0.04999766810247785,0.04986798272267032,0.05012735348228538,False
0.05,5.0,1810636157,True,231,0.050026580810967045,0.049896895431159514,0.050156266190774575,False
0.05,5.0,1432992474,True,231,0.049970625739855126,0.049840940360047596,0.050100311119662656,False
0.05,5.0,1233687613,True,231,0.04998521248106157,0.04985552710125404,0.0501148978608691,False
0.05,5.0,1404438483,True,231,0.04996673043462546,0.04983704505481793,0.05009641581443299,False
0.05,5.0,357879143,True,231,0.04999210923558832,0.04986242385578079,0.05012179461539585,False
0.05,5.0,1871959249,True,231,0.05008483294369541,0.04995514756388788,0.05021451832350294,False
0.05,5.0,1387229031,True,231,0.049937721313282765,0.049808035933475235,0.050067406693090295,False
0.05,5.0,1676985686,True,231,0.04995570710037239,0.04982602172056486,0.05008539248017992,False
0.05,5.0,297594022,True,231,0.05000798155188928,0.04987829617208175,0.05013766693169681,False
0.05,5.0,967364889,True,230,0.04983852201039861,0.04970883663059108,0.04996820739020614,True
0.05,5.0,820046419,True,231,0.0500044095843335,0.04987472420452597,0.05013409496414103,False
0.05,5.0,1784162926,True,231,0.049987974893303096,0.049858289513495566,0.050117660273110626,False
0.05,5.0,1765405906,True,231,0.05005043009287225,0.04992074471306472,0.05018011547267978,False
0.05,5.0,232767922,True,231,0.05000155442739912,0.04987186904759159,0.05013123980720665,False
0.05,5.0,531038849,True,231,0.0500011049070932,0.04987141952728567,0.05013079028690073,False
0.05,5.0,874977675,True,231,0.04995840984059536,0.04982872446078783,0.05008809522040289,False
0.05,5.0,1699031011,True,231,0.05003479923446949,0.04990511385466196,0.05016448461427702,False
0.05,5.0,1808849783,True,231,0.05000516538400605,0.04987548000419852,0.05013485076381358,False
0.05,5.0,115170747,True,230,0.04983983031056586,0.04971014493075833,0.04996951569037339,True
0.05,5.0,1923647190,True,232,0.05016094980256176,0.05003126442275423,0.050290635182369293,True
0.05,5.0,844297650,True,232,0.05016354954605948,0.05003386416625195,0.05029323492586701,True
0.05,5.0,969707877,True,231,0.05006428156330548,0.04993459618349795,0.05019396694311301,False
0.05,5.0,588844524,True,231,0.05002799588405144,0.04989831050424391,0.05015768126385897,False
0.05,5.0,837852492,True,231,0.050097637701879395,0.049967952322071865,0.050227323081686925,False
0.05,6.0,1281194727,True,231,0.049942802151639404,0.0498347310017998,0.05005087330147901,False
0.05,6.0,189584023,True,231,0.0500077714555011,0.049899700305661494,0.05011584260534071,False
0.05,6.0,1957472533,True,231,0.049997463266152384,0.04988939211631278,0.05010553441599199,False
0.05,6.0,1341480564,True,231,0.05000447961192054,0.04989640846208093,0.05011255076176015,False
0.05,6.0,1250447893,True,231,0.050054429426446403,0.049946358276606796,0.05016250057628601,False
0.05,6.0,459366552,True,231,0.05000645300534512,0.04989838185550551,0.05011452415518473,False
0.05,6.0,201375311,True,231,0.05005221029243598,0.04994413914259637,0.050160281442275585,False
0.05,6.0,1270570225,True,231,0.04997192962820703,0.049863858478367426,0.05008000077804664,False
0.05,6.0,484084615,True,231,0.04993719035741707,0.04982911920757746,0.050045261507256675,False
0.05,6.0,1163941488,True,231,0.04993302371516753,0.04982495256532792,0.05004109486500714,False
0.05,6.0,1803494900,True,231,0.05001144312426108,0.049903371974421476,0.05011951427410069,False
0.05,6.0,309352382,True,231,0.04996570574348262,0.049857634593643015,0.05007377689332223,False
0.05,6.0,1574320667,True,230,0.049883794685894566,0.04977572353605496,0.04999186583573417,True
0.05,6.0,1342778,True,231,0.049962596306697575,0.04985452515685797,0.05007066745653718,False
0.05,6.0,1777920624,True,231,0.05003997970072958,0.04993190855088997,0.050148050850569184,False
0.05,6.0,1757014659,True,231,0.04993805560523152,0.04982998445539191,0.05004612675507113,False
0.05,6.0,1822625600,True,231,0.05002177365280976,0.049913702502970156,0.05012984480264937,False
0.05,6.0,1376661049,True,231,0.05001711447237238,0.04990904332253277,0.050125185622211986,False
0.05,6.0,723330674,True,231,0.05001754765610467,0.049909476506265066,0.05012561880594428,False
0.05,6.0,1736088838,True,231,0.05000777720322732,0.04989970605338771,0.05011584835306693,False
0.05,6.0,2015504567,True,231,0.05003118011522517,0.049923108965385564,0.05013925126506478,False
0.05,6.0,2074980418,True,231,0.04995199941772888,0.049843928267889276,0.05006007056756849,False
0.05,6.0,1046521367,True,231,0.04998896502588731,0.0498808938760477,0.05009703617572692,False
0.05,6.0,433786954,True,231,0.050030063930392256,0.04992199278055265,0.05013813508023186,False
0.05,6.0,1195479269,True,231,0.050029353000414174,0.04992128185057457,0.05013742415025378,False
0.05,6.0,777628237,True,231,0.049936798416097244,0.04982872726625764,0.05004486956593685,False
0.05,6.0,214249154,True,231,0.04998150472425723,0.04987343357441762,0.050089575874096834,False
0.05,6.0,910515006,True,231,0.050020869957245556,0.04991279880740595,0.05012894110708516,False
0.05,6.0,614644428,True,230,0.04981932057088336,0.049711249421043754,0.04992739172072297,True
0.05,6.0,1333735927,True,231,0.0499372100682809,0.04982913891844129,0.050045281218120505,False
0.05,8.0,696843970,True,231,0.04996229292692284,0.049881239564543135,0.05004334628930255,False
0.05,8.0,1348244285,True,231,0.050078562912555774,0.04999750955017607,0.05015961627493548,False
0.05,8.0,1435851094,True,231,0.04999880397861499,0.04991775061623528,0.050079857340994696,False
0.05,8.0,1662954343,True,231,0.04999852575696028,0.049917472394580574,0.05007957911933999,False
0.05,8.0,40435680,True,231,0.04999045152900489,0.04990939816662518,0.050071504891384594,False
0.05,8.0,1823351108,True,231,0.049985796800094344,0.04990474343771464,0.05006685016247405,False
0.05,8.0,1945203475,True,231,0.05000079703475236,0.04991974367237265,0.05008185039713207,False
0.05,8.0,1271173488,True,231,0.050006555946495466,0.04992550258411576,0.050087609308875174,False
0.05,8.0,1921865412,True,231,0.04992257636183443,0.04984152299945472,0.050003629724214134,False
0.05,8.0,1309753000,True,231,0.05006322768027524,0.049982174317895534,0.05014428104265495,False
0.05,8.0,212693210,True,231,0.049953361162811294,0.04987230780043159,0.050034414525191,False
0.05,8.0,1836199744,True,231,0.05000970578099036,0.04992865241861065,0.050090759143370064,False
0.05,8.0,1359429394,True,231,0.04999562442645521,0.0499145710640755,0.050076677788834914,False
0.05,8.0,1340501811,True,231,0.04999513676157363,0.049914083399193926,0.05007619012395334,False
0.05,8.0,948626476,True,231,0.05001053454975826,0.049929481187378555,0.05009158791213797,False
0.05,8.0,159592113,True,231,0.04998701171529364,0.049905958352913934,0.05006806507767335,False
0.05,8.0,114575402,True,231,0.04999870994197738,0.04991765657959767,0.05007976330435709,False
0.05,8.0,674287208,True,231,0.05000571407141077,0.049924660709031066,0.05008676743379048,False
0.05,8.0,867695783,True,231,0.05003193997371183,0.049950886611332124,0.05011299333609154,False
0.05,8.0,110968345,True,231,0.050016926577311896,0.04993587321493219,0.0500979799396916,False
0.05,8.0,1885651843,True,231,0.05003327117756321,0.049952217815183504,0.05011432453994292,False
0.05,8.0,614215121,True,231,0.05000653024696455,0.049925476884584846,0.05008758360934426,False
0.05,8.0,1649134974,True,231,0.05001956723314787,0.04993851387076816,0.05010062059552758,False
0.05,8.0,293812076,True,231,0.04999917500730822,0.049918121644928516,0.05008022836968793,False
0.05,8.0,920324546,True,231,0.04997529156294606,0.049894238200566356,0.05005634492532577,False
0.05,8.0,46795743,True,231,0.04999851625497652,0.04991746289259681,0.050079569617356226,False
0.05,8.0,772283398,True,231,0.049993420698682976,0.04991236733630327,0.05007447406106268,False
0.05,8.0,1961550782,True,231,0.04997730827047369,0.04989625490809398,0.0500583616328534,False
0.05,8.0,148111429,True,231,0.04998315055621363,0.04990209719383392,0.050064203918593335,False
0.05,8.0,567747957,True,231,0.04998930068519083,0.04990824732281112,0.050070354047570535,False
0.05,10.0,1209371921,True,231,0.04999607704369548,0.04993123435379171,0.050060919733599246,False
0.05,10.0,442323055,True,231,0.05000090780367736,0.04993606511377359,0.050065750493581127,False
0.05,10.0,578186484,True,231,0.049983662952195446,0.04991882026229168,0.050048505642099214,False
0.05,10.0,945513365,True,231,0.04998957386722285,0.04992473117731908,0.05005441655712662,False
0.05,10.0,533607084,True,231,0.049984104010103454,0.049919261320199686,0.05004894670000722,False
0.05,10.0,601347368,True,231,0.04999652734136772,0.04993168465146395,0.050061370031271486,False
0.05,10.0,574729011,True,231,0.049996663740455506,0.04993182105055174,0.050061506430359275,False
0.05,10.0,1786731161,True,231,0.050007483244276,0.04994264055437223,0.05007232593417977,False
0.05,10.0,994166702,True,231,0.04999713966459906,0.04993229697469529,0.05006198235450283,False
0.05,10.0,503119071,True,231,0.049981993404372954,0.049917150714469186,0.05004683609427672,False
0.05,10.0,734896108,True,231,0.04998240049267031,0.04991755780276654,0.05004724318257408,False
0.05,10.0,2123653570,True,231,0.05000743865292082,0.049942595963017054,0.05007228134282459,False
0.05,10.0,1151891846,True,231,0.049987717668865846,0.04992287497896208,0.050052560358769614,False
0.05,10.0,1427283332,True,231,0.05001101672835193,0.049946174038448164,0.0500758594182557,False
0.05,10.0,1420160719,True,231,0.0500066368957685,0.04994179420586473,0.05007147958567227,False
0.05,10.0,1110670950,True,231,0.0500332249904471,0.04996838230054333,0.05009806768035087,False
0.05,10.0,1648129706,True,231,0.049980712739840484,0.049915870049936716,0.05004555542974425,False
0.05,10.0,1784596257,True,231,0.049995062602163874,0.049930219912260106,0.05005990529206764,False
0.05,10.0,1199383057,True,231,0.05000044152665054,0.049935598836746774,0.05006528421655431,False
0.05,10.0,437324456,True,231,0.050008485855001686,0.04994364316509792,0.050073328544905454,False
0.05,10.0,667031527,True,231,0.04997808376115383,0.04991324107125006,0.050042926451057596,False
0.05,10.0,1865258138,True,231,0.05000460891032968,0.04993976622042591,0.05006945160023345,False
0.05,10.0,822398550,True,231,0.04998388253242484,0.04991903984252107,0.05004872522232861,False
0.05,10.0,1515099624,True,231,0.05004075020924227,0.0499759075193385,0.05010559289914604,False
0.05,10.0,686902361,True,231,0.05000942533756981,0.04994458264766604,0.05007426802747358,False
0.05,10.0,1032276654,True,231,0.05000054115816849,0.04993569846826472,0.050065383848072256,False
0.05,10.0,1092725634,True,231,0.04999852372917305,0.04993368103926928,0.05006336641907682,False
0.05,10.0,2002336612,True,231,0.0500120975519,0.049947254861996235,0.05007694024180377,False
0.05,10.0,8932408,True,231,0.049997472552102226,0.04993262986219846,0.050062315242005995,False
0.05,10.0,1571058392,True,231,0.04994397157944954,0.04987912888954577,0.05000881426935331,False
