patient_id,split
27327,train
379,train
17128,train
19894,train
16398,train
24775,train
12180,train
1248,train
18690,train
24560,train
15856,train
22106,train
21296,train
12214,train
6611,train
6330,train
19333,train
17658,train
4740,train
7746,train
25541,train
19456,train
22399,train
27866,train
1631,train
21015,train
17119,train
7838,train
12649,train
18524,train
5756,train
13283,train
25629,train
24677,train
5983,train
27347,train
26290,train
9743,train
27816,train
11208,train
19109,train
21994,train
3409,train
12076,train
27466,train
27519,train
3819,train
16656,train
22471,train
2300,train
17965,train
15229,train
3028,train
7795,train
9160,train
4111,train
25655,train
7161,train
18494,train
28097,train
6212,train
15099,train
24920,train
6500,train
13259,train
29800,train
11442,train
21574,train
21384,train
22853,train
27744,train
503,train
6972,train
21037,train
12606,train
18866,train
28793,train
3403,train
19882,train
17186,train
19673,train
24898,train
10343,train
10401,train
13264,train
27533,train
15315,train
10710,train
23011,train
17272,train
6053,train
21454,train
3923,train
5738,train
9682,train
27353,train
28617,train
21768,train
17552,train
22836,train
30126,train
6403,train
11767,train
23827,train
26218,train
22406,train
10327,train
3846,train
9314,train
25304,train
17922,train
23104,train
11925,train
19633,train
28206,train
27678,train
9578,train
12215,train
4524,train
2329,train
19727,train
2922,train
21011,train
22245,train
2813,train
5239,train
7262,train
8000,train
30084,train
18151,train
10360,train
6736,train
17692,train
2592,train
4711,train
25296,train
6253,train
2409,train
18068,train
13414,train
11271,train
29038,train
29285,train
897,train
23315,train
10680,train
9458,train
23832,train
20028,train
7697,train
15815,train
28495,train
7787,train
19365,train
20307,train
26650,train
11257,train
18446,train
24105,train
18057,train
9498,train
24351,train
5965,train
10131,train
14575,train
23298,train
3792,train
5616,train
9272,train
5905,train
443,train
9137,train
22917,train
30366,train
11374,train
16931,train
1339,train
10588,train
16769,train
8815,train
24196,train
2059,train
7364,train
19857,train
13388,train
17836,train
3622,train
23606,train
19596,train
25869,train
25098,train
2574,train
20315,train
6017,train
16265,train
1304,train
23659,train
3354,train
4276,train
20537,train
24891,train
4217,train
12341,train
11433,train
14079,train
20043,train
11643,train
19152,train
3465,train
10685,train
24699,train
23906,train
4146,train
9255,train
8205,train
22599,train
7204,train
2245,train
17273,train
28934,train
23347,train
13222,train
22611,train
14614,train
29263,train
28905,train
23498,train
6163,train
5207,train
19340,train
21278,train
23164,train
27444,train
22701,train
17626,train
8008,train
23671,train
6760,train
2448,train
12454,train
5360,train
15372,train
19249,train
30587,train
24147,train
23704,train
3949,train
19895,train
22099,train
9770,train
13876,train
13387,train
22633,train
19835,train
28301,train
12575,train
932,train
8876,train
17561,train
29443,train
776,train
5781,train
16670,train
26084,train
3518,train
24520,train
27694,train
3813,train
824,train
8952,train
8911,train
13168,train
30073,train
14081,train
14786,train
1125,train
19779,train
18741,train
25524,train
13557,train
3690,train
22560,train
26994,train
21706,train
8556,train
7235,train
23029,train
10015,train
8901,train
14343,train
25252,train
26575,train
21371,train
6668,train
12938,train
7819,train
21716,train
20739,train
8501,train
8669,train
24823,train
6148,train
24938,train
26646,train
29989,train
1613,train
2485,train
4397,train
9712,train
29984,train
27128,train
21433,train
14823,train
24648,train
29382,train
25408,train
14422,train
5864,train
2871,train
24251,train
19027,train
25496,train
1759,train
3226,train
894,train
20095,train
24220,train
1225,train
18094,train
29749,train
6602,train
6928,train
16134,train
19752,train
14420,train
14895,train
8293,train
26482,train
16210,train
1608,train
29822,train
20217,train
29723,train
21628,train
10864,train
1334,train
16736,train
14361,train
21423,train
18045,train
6612,train
6107,train
2028,train
29189,train
3979,train
13191,train
16723,train
16162,train
18136,train
24867,train
14390,train
23213,train
4601,train
14829,train
20458,train
15450,train
18281,train
28931,train
10779,train
16753,train
14211,train
2254,train
26186,train
17088,train
4834,train
11585,train
24197,train
4392,train
18148,train
16745,train
4709,train
10532,train
13251,train
5799,train
14439,train
29602,train
10981,train
2534,train
15646,train
20394,train
3304,train
30214,train
25324,train
9375,train
4576,train
16833,train
6189,train
19391,train
3678,train
8388,train
13783,train
12351,train
6839,train
7089,train
30263,train
2433,train
13279,train
11806,train
21593,train
2655,train
192,train
26133,train
6495,train
28500,train
13383,train
6885,train
16412,train
18785,train
4171,train
7691,train
17423,train
27393,train
27,train
26452,train
23741,train
19685,train
3497,train
3730,train
19642,train
29447,train
21640,train
20009,train
27165,train
6957,train
25703,train
2473,train
474,train
11837,train
27552,train
28803,train
19153,train
654,train
6435,train
4894,train
4202,train
25959,train
29999,train
30759,train
6862,train
3261,train
10637,train
8982,train
18966,train
796,train
14181,train
19884,train
20661,train
17772,train
4639,train
2650,train
392,train
3129,train
21791,train
13516,train
28276,train
22827,train
2357,train
17464,train
9225,train
5007,train
16193,train
928,train
11923,train
23002,train
3976,train
1468,train
14706,train
7520,train
12211,train
13733,train
4589,train
3085,train
9942,train
22299,train
6312,train
29308,train
14087,train
25895,train
6604,train
14462,train
12133,train
29908,train
6359,train
4681,train
4689,train
11714,train
20399,train
13711,train
29914,train
26736,train
3839,train
26751,train
26668,train
10164,train
5831,train
27520,train
25973,train
22094,train
19516,train
16804,train
11261,train
7301,train
5374,train
16928,train
16386,train
15658,train
16079,train
3658,train
20548,train
2555,train
16399,train
8652,train
22078,train
21098,train
7905,train
22242,train
24489,train
3900,train
27789,train
28397,train
11088,train
1738,train
15379,train
24588,train
4075,train
12416,train
9784,train
22009,train
22003,train
11293,train
11451,train
28991,train
5122,train
14671,train
16998,train
18890,train
16033,train
17878,train
2138,train
21785,train
23462,train
30661,train
23990,train
30700,train
28695,train
887,train
11534,train
22415,train
5526,train
3767,train
14945,train
5295,train
24465,train
10946,train
12044,train
26205,train
25782,train
16645,train
21756,train
3493,train
22528,train
12589,train
14579,train
28520,train
4355,train
19822,train
14910,train
20036,train
17118,train
11596,train
15317,train
10546,train
17360,train
2273,train
18132,train
22194,train
276,train
18649,train
8978,train
15050,train
13906,train
27017,train
27737,train
25261,train
29642,train
8915,train
7608,train
26711,train
1890,train
17771,train
2105,train
7323,train
12294,train
26616,train
4249,train
28535,train
26580,train
19361,train
1252,train
2778,train
13786,train
30771,train
24752,train
27914,train
9370,train
24610,train
1269,train
9119,train
14578,train
26847,train
24120,train
7985,train
12377,train
25910,train
12635,train
13235,train
5594,train
26029,train
5131,train
4680,train
19320,train
22586,train
26693,train
21453,train
30521,train
2054,train
10878,train
18097,train
6438,train
9918,train
16346,train
23664,train
7493,train
29917,train
14029,train
21153,train
21339,train
11670,train
17343,train
11662,train
19990,train
15492,train
19374,train
21517,train
4989,train
25047,train
3387,train
16765,train
18780,train
1545,train
18011,train
7097,train
610,train
24415,train
3216,train
14624,train
2867,train
204,train
25522,train
6809,train
16713,train
24649,train
15519,train
24674,train
2664,train
19653,train
18439,train
23966,train
4783,train
15106,train
2658,train
19409,train
28894,train
26728,train
3115,train
14442,train
48,train
19651,train
6925,train
20355,train
2112,train
16604,train
5625,train
25176,train
16463,train
722,train
23196,train
20593,train
183,train
29581,train
6457,train
21191,train
12346,train
3901,train
8344,train
19709,train
12489,train
21114,train
24487,train
29676,train
16910,train
9273,train
9729,train
21342,train
79,train
18472,train
17568,train
19132,train
23101,train
8880,train
11769,train
21975,train
8478,train
10417,train
20236,train
19489,train
23737,train
16335,train
14392,train
23221,train
10446,train
1618,train
10659,train
6120,train
6588,train
14733,train
4121,train
19000,train
8743,train
21016,train
8625,train
30024,train
11235,train
11716,train
19335,train
28797,train
23952,train
12580,train
30019,train
4358,train
16305,train
21570,train
28358,train
19077,train
13917,train
17135,train
6216,train
13274,train
16501,train
6130,train
23772,train
26682,train
25298,train
28288,train
25003,train
26030,train
25015,train
21028,train
17731,train
19493,train
26857,train
20581,train
13816,train
4446,train
30590,train
1674,train
28087,train
7913,train
29818,train
8349,train
16966,train
29781,train
3230,train
26370,train
18668,train
17974,train
22256,train
27900,train
6240,train
9675,train
3577,train
13171,train
23318,train
2487,train
24914,train
23857,train
27631,train
28990,train
5062,train
30152,train
12774,train
17415,train
30597,train
2262,train
3502,train
17729,train
6454,train
14591,train
5955,train
2982,train
4194,train
8041,train
19129,train
20238,train
25420,train
19140,train
11202,train
27350,train
13685,train
28541,train
10405,train
28828,train
21731,train
9426,train
30219,train
12620,train
11521,train
27526,train
7145,train
15410,train
24798,train
5990,train
4780,train
22366,train
30648,train
16568,train
10076,train
4702,train
26686,train
25788,train
28774,train
26147,train
24809,train
1265,train
22963,train
14970,train
21721,train
25326,train
5805,train
8040,train
21462,train
26066,train
16428,train
22948,train
10214,train
10195,train
25033,train
287,train
21818,train
10927,train
27410,train
114,train
12264,train
29199,train
19114,train
17102,train
21093,train
16564,train
10024,train
12205,train
27969,train
16381,train
6800,train
30072,train
2822,train
13932,train
20741,train
29887,train
8875,train
30307,train
1840,train
1812,train
1679,train
30135,train
16708,train
25233,train
4620,train
45,train
10696,train
4708,train
19886,train
15662,train
13075,train
6447,train
21664,train
30285,train
8628,train
8663,train
22887,train
10342,train
15277,train
13784,train
28863,train
21324,train
17765,train
8364,train
30093,train
12583,train
5262,train
21978,train
3574,train
4436,train
12962,train
28125,train
9296,train
29632,train
413,train
10784,train
16589,train
18947,train
8688,train
25131,train
7894,train
30777,train
24141,train
6384,train
23430,train
27052,train
16898,train
14114,train
19751,train
20309,train
3823,train
2965,train
13378,train
18830,train
7120,train
13372,train
20035,train
320,train
11427,train
9976,train
3473,train
20041,train
21701,train
23683,train
18249,train
28837,train
5744,train
21727,train
20614,train
27940,train
25319,train
22740,train
3047,train
2045,train
9333,train
19091,train
3305,train
15753,train
5839,train
27684,train
15717,train
8970,train
17386,train
25207,train
1242,train
2496,train
1113,train
26377,train
4263,train
17156,train
17940,train
5054,train
26538,train
26835,train
21152,train
24281,train
39,train
19980,train
13014,train
16542,train
15115,train
17600,train
4765,train
29414,train
27924,train
11264,train
5884,train
20446,train
13150,train
30098,train
22055,train
9461,train
7391,train
1557,train
6127,train
9580,train
30334,train
6146,train
23527,train
13299,train
4739,train
23982,train
24886,train
2649,train
16948,train
21498,train
7700,train
18585,train
27864,train
8980,train
19070,train
3601,train
27336,train
11893,train
27915,train
5514,train
23501,train
16956,train
7234,train
21804,train
19026,train
16114,train
12298,train
14746,train
568,train
20257,train
916,train
18908,train
487,train
14231,train
15058,train
9896,train
17270,train
16167,train
17682,train
4715,train
8415,train
14868,train
11663,train
11664,train
10339,train
26224,train
29095,train
5528,train
8861,train
24443,train
9649,train
27310,train
19619,train
29482,train
25888,train
7497,train
28824,train
5205,train
27285,train
25594,train
28717,train
27419,train
20158,train
5858,train
14736,train
17288,train
7517,train
15054,train
3743,train
7610,train
28142,train
15296,train
25457,train
8670,train
15910,train
29089,train
7010,train
28362,train
3207,train
16641,train
14013,train
12900,train
577,train
28491,train
18374,train
7960,train
3412,train
3633,train
24252,train
24323,train
996,train
22547,train
15746,train
15222,train
7185,train
11612,train
29976,train
8387,train
24999,train
9366,train
2705,train
20360,train
27892,train
24844,train
2130,train
626,train
12191,train
23290,train
6178,train
9348,train
11191,train
20234,train
11219,train
23115,train
14774,train
7797,train
6210,train
25828,train
23362,train
19319,train
21482,train
14814,train
12200,train
9528,train
23120,train
21530,train
28291,train
26372,train
14526,train
19036,train
21112,train
6569,train
16557,train
26933,train
21915,train
10666,train
16468,train
9602,train
15951,train
21699,train
4622,train
30167,train
5723,train
13211,train
7767,train
30332,train
12572,train
19851,train
22260,train
18913,train
19543,train
2353,train
9318,train
7322,train
18486,train
14450,train
6886,train
8234,train
10764,train
27154,train
10514,train
9248,train
7420,train
10874,train
10960,train
26578,train
3710,train
10589,train
3773,train
24399,train
24793,train
22293,train
5267,train
22084,train
18737,train
1541,train
9713,train
26327,train
19060,train
28438,train
30791,train
9494,train
15864,train
11517,train
24733,train
21928,train
12254,train
4227,train
1793,train
27843,train
23974,train
23450,train
8885,train
25571,train
22881,train
24361,train
13225,train
16789,train
12401,train
16451,train
14813,train
1747,train
10743,train
26738,train
29936,train
14245,train
11022,train
13002,train
21429,train
29905,train
26106,train
13936,train
16861,train
15654,train
27179,train
21249,train
6496,train
20897,train
26695,train
15265,train
25585,train
9560,train
11641,train
20808,train
28956,train
19414,train
24288,train
10137,train
30704,train
16984,train
30599,train
15251,train
6574,train
28914,train
15071,train
10301,train
17013,train
7947,train
26716,train
8566,train
20950,train
3673,train
17586,train
2562,train
8801,train
17438,train
24057,train
10490,train
14801,train
4501,train
1414,train
601,train
4898,train
5820,train
9526,train
20413,train
29801,train
16088,train
11366,train
21557,train
26917,train
12129,train
17473,train
17327,train
6980,train
18257,train
23416,train
19811,train
22372,train
27948,train
16194,train
7048,train
14950,train
8668,train
5369,train
19947,train
28977,train
27060,train
27779,train
23016,train
28840,train
23888,train
12655,train
27606,train
10563,train
28371,train
27991,train
11414,train
22122,train
25758,train
9499,train
21143,train
5002,train
1936,train
26604,train
19369,train
9044,train
13289,train
28853,train
12438,train
24133,train
27428,train
26156,train
14143,train
9050,train
29234,train
26176,train
30154,train
16831,train
23935,train
13214,train
30425,train
11857,train
28058,train
4877,train
30633,train
3182,train
5125,train
13950,train
28378,train
11359,train
1685,train
7806,train
28980,train
25893,train
8357,train
6440,train
18499,train
1694,train
17385,train
25805,train
17402,train
7831,train
1945,train
10805,train
6000,train
59,train
15266,train
7017,train
22882,train
28222,train
11028,train
10892,train
25824,train
10665,train
29596,train
7707,train
27522,train
1240,train
2932,train
19112,train
11795,train
22066,train
17419,train
18974,train
21459,train
9655,train
16997,train
27525,train
4144,train
19810,train
27199,train
22968,train
8692,train
25689,train
17913,train
12492,train
3200,train
25347,train
27794,train
7562,train
23361,train
4157,train
2998,train
12165,train
527,train
884,train
9090,train
7032,train
27696,train
23545,train
11112,train
23813,train
24438,train
16186,train
22435,train
15413,train
4150,train
8604,train
25405,train
10751,train
12432,train
15865,train
1525,train
28590,train
27566,train
18114,train
7566,train
6934,train
28474,train
6634,train
26332,train
479,train
21981,train
14735,train
26901,train
27582,train
17103,train
5785,train
26280,train
1990,train
24973,train
1573,train
9437,train
10649,train
23936,train
2128,train
25563,train
14473,train
1587,train
30050,train
24317,train
27768,train
10979,train
15110,train
11701,train
29042,train
3138,train
19021,train
22721,train
22332,train
23646,train
7781,train
21451,train
4548,train
17939,train
6592,train
19235,train
18165,train
903,train
7556,train
23389,train
19334,train
9343,train
30078,train
21335,train
14105,train
11262,train
6645,train
17260,train
14040,train
20034,train
16911,train
20138,train
26500,train
13844,train
2622,train
43,train
27971,train
19565,train
10481,train
27904,train
19640,train
2851,train
2430,train
3804,train
25180,train
23475,train
17471,train
7981,train
13638,train
13892,train
28226,train
4241,train
26188,train
21950,train
30142,train
18382,train
11755,train
15767,train
14265,train
5628,train
29260,train
13161,train
9092,train
3514,train
20849,train
6870,train
28338,train
20161,train
7336,train
11105,train
2862,train
25224,train
15848,train
16721,train
17046,train
29964,train
1477,train
445,train
26082,train
20040,train
29180,train
13315,train
4950,train
17787,train
694,train
14765,train
22239,train
15389,train
2804,train
27421,train
30781,train
16668,train
25058,train
21529,train
29265,train
29973,train
30577,train
15123,train
13912,train
8770,train
14650,train
12084,train
24840,train
20590,train
3267,train
7340,train
21638,train
23129,train
1549,train
17497,train
3688,train
29838,train
21188,train
33,train
15822,train
15531,train
19993,train
23308,train
21207,train
3156,train
30534,train
219,train
4706,train
23673,train
14002,train
12278,train
14637,train
19690,train
29590,train
27778,train
2062,train
2371,train
2629,train
12176,train
8567,train
6473,train
12327,train
23465,train
22482,train
4383,train
4382,train
19271,train
8887,train
26144,train
12125,train
2256,train
2417,train
13580,train
29925,train
5018,train
22843,train
29091,train
6507,train
21890,train
18050,train
22580,train
9456,train
25335,train
1197,train
26361,train
17059,train
16434,train
15158,train
10706,train
29609,train
10006,train
26371,train
22445,train
1980,train
11500,train
17127,train
28482,train
1505,train
29172,train
2220,train
26571,train
2384,train
13169,train
25373,train
6291,train
74,train
10128,train
62,train
13424,train
16782,train
11004,train
3435,train
19532,train
28101,train
18103,train
22652,train
8852,train
1970,train
29718,train
4835,train
10956,train
29313,train
6232,train
9776,train
6729,train
7599,train
27299,train
30145,train
13832,train
28232,train
29658,train
14307,train
28408,train
30604,train
29631,train
17299,train
2915,train
2429,train
3077,train
8656,train
27227,train
9093,train
19308,train
30097,train
13108,train
28673,train
5667,train
18702,train
14898,train
27414,train
5111,train
8101,train
22889,train
25966,train
21972,train
8133,train
30393,train
13254,train
7445,train
14232,train
3632,train
6340,train
7464,train
25026,train
15107,train
29357,train
20822,train
1221,train
13244,train
24988,train
2832,train
4984,train
27448,train
19992,train
7320,train
10281,train
8268,train
16402,train
7975,train
4286,train
138,train
20997,train
22469,train
21329,train
11505,train
29040,train
10356,train
30089,train
25989,train
17092,train
10152,train
29478,train
27257,train
19025,train
1412,train
28093,train
25632,train
7366,train
25454,train
27847,train
23386,train
19474,train
18443,train
8864,train
24703,train
19102,train
30776,train
17305,train
12210,train
21510,train
21113,train
21072,train
6819,train
24119,train
28868,train
13945,train
19463,train
3539,train
16776,train
26284,train
10005,train
25678,train
27053,train
19577,train
1251,train
28127,train
10703,train
27677,train
17949,train
8882,train
2593,train
12474,train
16128,train
16057,train
28817,train
22951,train
9741,train
1401,train
2744,train
23054,train
13556,train
30728,train
10167,train
29758,train
7527,train
10582,train
25581,train
10862,train
8760,train
13336,train
18932,train
30797,train
12045,train
19255,train
5533,train
23598,train
20420,train
22525,train
26012,train
1636,train
27929,train
14399,train
15935,train
19197,train
22361,train
13845,train
10046,train
9974,train
12906,train
25716,train
26195,train
16133,train
14255,train
14851,train
2543,train
29430,train
13969,train
732,train
1469,train
30235,train
20676,train
23755,train
5658,train
12696,train
8935,train
7984,train
15508,train
3033,train
28318,train
21111,train
13810,train
12414,train
12101,train
20024,train
8300,train
11135,train
777,train
4376,train
20068,train
2325,train
18187,train
12313,train
20718,train
19843,train
13826,train
15194,train
20920,train
12481,train
15031,train
12080,train
17995,train
13368,train
26495,train
1846,train
17034,train
1398,train
23217,train
20165,train
20934,train
16999,train
15850,train
18611,train
15577,train
11415,train
28511,train
10795,train
30040,train
80,train
17840,train
20886,train
5478,train
1065,train
17677,train
23638,train
1927,train
25954,train
11676,train
7530,train
8891,train
7453,train
21815,train
8181,train
12466,train
3687,train
12263,train
13779,train
10288,train
21855,train
744,train
7375,train
1264,train
29071,train
3537,train
6629,train
977,train
25557,train
17244,train
3595,train
15429,train
7463,train
22879,train
5626,train
11016,train
7820,train
9501,train
14555,train
26967,train
30731,train
13314,train
24544,train
30299,train
15539,train
8665,train
26150,train
24116,train
27317,train
30496,train
19055,train
10293,train
17927,train
6505,train
16935,train
20665,train
21419,train
6499,train
12498,train
21151,train
28940,train
16004,train
28254,train
2764,train
3399,train
27103,train
30484,train
1205,train
1441,train
1931,train
27612,train
9797,train
9336,train
25580,train
12638,train
5121,train
8602,train
25530,train
19776,train
22172,train
3549,train
16125,train
21129,train
3131,train
19052,train
7653,train
10381,train
17909,train
21404,train
26152,train
28726,train
8127,train
12765,train
4064,train
22374,train
20907,train
23938,train
22653,train
1529,train
22237,train
18365,train
23444,train
17389,train
27667,train
14070,train
2707,train
20861,train
6818,train
24226,train
27048,train
16442,train
10550,train
4827,train
5320,train
26683,train
5052,train
2597,train
1572,train
6151,train
9687,train
22354,train
196,train
21809,train
13614,train
14879,train
29316,train
18166,train
25967,train
23586,train
25150,train
24031,train
29987,train
13058,train
26248,train
18938,train
11229,train
21748,train
5218,train
9953,train
25559,train
16345,train
11506,train
23255,train
14314,train
14862,train
17951,train
12601,train
17266,train
11311,train
14403,train
26051,train
19120,train
17625,train
13675,train
2706,train
25141,train
9546,train
19104,train
6758,train
17474,train
4885,train
23876,train
19597,train
13261,train
18816,train
2476,train
20572,train
22010,train
5500,train
30453,train
18029,train
26831,train
3822,train
9721,train
1310,train
19692,train
17294,train
8784,train
5340,train
18487,train
11179,train
13814,train
10511,train
4951,train
13547,train
716,train
17739,train
21443,train
30763,train
25784,train
20113,train
3036,train
22135,train
18243,train
20260,train
9473,train
18252,train
29390,train
18394,train
27609,train
862,train
26885,train
16347,train
11922,train
19914,train
24817,train
27024,train
18916,train
5992,train
22749,train
13918,train
30695,train
8286,train
9259,train
18530,train
25446,train
23787,train
29562,train
8626,train
22456,train
8855,train
14921,train
16178,train
17401,train
5647,train
14954,train
14004,train
29877,train
10753,train
13641,train
15094,train
9197,train
4221,train
13192,train
6052,train
8640,train
13993,train
2978,train
29573,train
18855,train
1669,train
11084,train
22306,train
18918,train
26262,train
18730,train
24041,train
3152,train
22752,train
15366,train
20253,train
19106,train
6790,train
4549,train
1377,train
127,train
2959,train
864,train
2116,train
29998,train
19537,train
14510,train
12679,train
3108,train
29394,train
25258,train
2182,train
13309,train
30118,train
28719,train
6091,train
29177,train
30512,train
21637,train
2528,train
8167,train
22522,train
17100,train
1145,train
19207,train
24716,train
18848,train
3748,train
27442,train
19958,train
25403,train
6699,train
1989,train
24326,train
16014,train
17792,train
18545,train
7324,train
21184,train
16045,train
24630,train
1150,train
22609,train
15959,train
5188,train
13877,train
18632,train
25429,train
25730,train
22745,train
24401,train
13170,train
28670,train
11944,train
12753,train
2549,train
429,train
25071,train
3774,train
14778,train
13843,train
5231,train
9736,train
10302,train
15929,train
3235,train
15765,train
15231,train
21211,train
9283,train
14025,train
24040,train
22310,train
25345,train
5609,train
17477,train
22672,train
16129,train
12943,train
1524,train
2100,train
3391,train
6132,train
14334,train
9795,train
11350,train
24827,train
23844,train
15695,train
26103,train
10942,train
25836,train
7033,train
11957,train
26382,train
20194,train
12803,train
26684,train
13885,train
26407,train
17587,train
11232,train
10428,train
1003,train
26564,train
1515,train
19357,train
1770,train
8942,train
21041,train
6974,train
28334,train
28302,train
1312,train
14791,train
19284,train
5504,train
5473,train
4820,train
5106,train
16548,train
12035,train
30461,train
20412,train
19850,train
30645,train
19088,train
28372,train
28314,train
7701,train
10578,train
18478,train
29373,train
20949,train
1020,train
28191,train
3055,train
19623,train
26529,train
24926,train
14850,train
24306,train
7279,train
23474,train
22418,train
6213,train
23775,train
2590,train
18837,train
29306,train
5356,train
13978,train
28201,train
26310,train
5869,train
1167,train
14916,train
1565,train
5596,train
7023,train
1693,train
3992,train
7168,train
3021,train
20011,train
29858,train
13291,train
13629,train
17991,train
12126,train
14651,train
14704,train
7726,train
5108,train
4294,train
28202,train
19068,train
16989,train
15669,train
14067,train
28260,train
8245,train
24883,train
2811,train
7709,train
19253,train
4251,train
26239,train
27859,train
24899,train
24093,train
23093,train
14306,train
2927,train
12801,train
11008,train
6782,train
19878,train
13674,train
25602,train
13120,train
12027,train
3338,train
18575,train
27309,train
14341,train
28557,train
1243,train
16841,train
2694,train
8214,train
28925,train
27982,train
26722,train
13536,train
29627,train
18931,train
22852,train
4979,train
12747,train
13447,train
3343,train
21079,train
19815,train
18833,train
19744,train
11124,train
3421,train
11033,train
19270,train
497,train
28037,train
28346,train
29228,train
8775,train
25965,train
3668,train
15505,train
21931,train
8684,train
20288,train
19339,train
22608,train
14528,train
22246,train
14557,train
22535,train
25336,train
7594,train
14295,train
24137,train
2389,train
14861,train
13824,train
19295,train
13271,train
18142,train
27293,train
17666,train
16832,train
24698,train
27163,train
12281,train
10600,train
22866,train
25155,train
25902,train
16569,train
2536,train
22536,train
26141,train
26759,train
23281,train
4385,train
26073,train
6073,train
15719,train
24013,train
4691,train
10799,train
1433,train
24462,train
21619,train
30256,train
21298,train
15896,train
5095,train
7774,train
1043,train
2799,train
23413,train
2796,train
20142,train
2876,train
7008,train
25167,train
24598,train
294,train
4340,train
2936,train
9851,train
15260,train
23773,train
27102,train
3237,train
9293,train
14904,train
14810,train
28891,train
22270,train
30128,train
4349,train
2202,train
4453,train
13530,train
215,train
9887,train
11315,train
12720,train
28869,train
7416,train
14762,train
2324,train
25772,train
10378,train
18748,train
20583,train
13737,train
18024,train
17446,train
12824,train
28708,train
12603,train
8422,train
5860,train
21494,train
966,train
29122,train
14228,train
19123,train
18318,train
11095,train
25849,train
18250,train
13153,train
16066,train
12448,train
11599,train
30253,train
18324,train
25885,train
23111,train
3474,train
28661,train
30419,train
22641,train
13999,train
405,train
6337,train
13590,train
28043,train
9245,train
545,train
15569,train
335,train
16475,train
11790,train
326,train
30259,train
20324,train
13584,train
11067,train
30526,train
4818,train
3281,train
29175,train
20734,train
27080,train
16455,train
29789,train
17065,train
30325,train
27926,train
4999,train
27027,train
7860,train
15761,train
26336,train
26594,train
12768,train
15360,train
12576,train
22169,train
20343,train
18655,train
6734,train
10760,train
6023,train
25482,train
18512,train
21948,train
19330,train
12362,train
22086,train
26701,train
12992,train
25378,train
7646,train
30091,train
28757,train
14483,train
23118,train
22511,train
2374,train
25099,train
27946,train
13531,train
6813,train
20094,train
14346,train
16584,train
10901,train
8657,train
3780,train
7312,train
20032,train
14716,train
9707,train
10683,train
29812,train
20814,train
15244,train
26902,train
16023,train
27235,train
7469,train
28186,train
20750,train
15905,train
4096,train
11988,train
8810,train
23645,train
22294,train
15357,train
3599,train
3523,train
927,train
22837,train
24609,train
11600,train
25080,train
19758,train
27720,train
4476,train
23357,train
28531,train
28066,train
9990,train
10062,train
28857,train
30573,train
17330,train
1686,train
6843,train
19645,train
18987,train
23601,train
3983,train
3647,train
6051,train
24571,train
2304,train
25947,train
1002,train
2800,train
17256,train
2886,train
23150,train
16295,train
16936,train
13910,train
8172,train
7396,train
15826,train
16646,train
1193,train
15892,train
18919,train
28240,train
13451,train
27990,train
24088,train
26209,train
27346,train
3825,train
14875,train
23321,train
1087,train
18312,train
21487,train
15641,train
28745,train
14505,train
21192,train
423,train
20378,train
10473,train
1974,train
12593,train
18854,train
7924,train
14492,train
3481,train
25384,train
28105,train
25381,train
983,train
8827,train
15178,train
17606,train
26258,train
22798,train
27770,train
5987,train
28391,train
26921,train
26097,train
4306,train
5149,train
13491,train
26943,train
1934,train
26448,train
4336,train
9121,train
8060,train
17342,train
15448,train
28561,train
28258,train
29624,train
494,train
29531,train
10352,train
15269,train
688,train
14496,train
17011,train
6468,train
27826,train
15837,train
18817,train
22360,train
9015,train
28256,train
4682,train
23156,train
5534,train
11907,train
1190,train
26381,train
7254,train
29685,train
27976,train
23558,train
18792,train
12118,train
16481,train
22025,train
9046,train
23500,train
30767,train
22125,train
24918,train
13565,train
15329,train
18850,train
38,train
5183,train
24430,train
15526,train
17537,train
2571,train
17333,train
29608,train
24730,train
7574,train
5192,train
12549,train
12336,train
25977,train
22221,train
8659,train
6576,train
13672,train
25402,train
1395,train
11759,train
22762,train
8580,train
342,train
12957,train
2609,train
10124,train
17044,train
7412,train
26732,train
9130,train
15749,train
4103,train
736,train
5680,train
18654,train
29025,train
673,train
26625,train
14609,train
17040,train
463,train
20073,train
20964,train
4582,train
17257,train
23467,train
9935,train
30666,train
25870,train
21224,train
13117,train
6031,train
22639,train
7740,train
29033,train
14093,train
17382,train
6036,train
11825,train
10186,train
8194,train
22891,train
506,train
26306,train
29543,train
25760,train
18941,train
24208,train
19877,train
16607,train
4130,train
18744,train
16239,train
17509,train
3776,train
19349,train
22865,train
5201,train
401,train
22529,train
19496,train
21738,train
21957,train
16160,train
24590,train
23777,train
10396,train
7692,train
12067,train
27263,train
9469,train
10667,train
24806,train
21763,train
16794,train
15066,train
22859,train
12202,train
15995,train
15776,train
27335,train
16941,train
28946,train
8382,train
16955,train
4795,train
12024,train
28944,train
9653,train
21472,train
2086,train
26694,train
14423,train
270,train
768,train
4662,train
14066,train
6382,train
17192,train
12287,train
21658,train
8112,train
18069,train
6824,train
13941,train
12305,train
3186,train
10243,train
13064,train
25486,train
15454,train
680,train
24900,train
10954,train
4694,train
30438,train
16600,train
15347,train
22005,train
25438,train
12253,train
2920,train
3843,train
20152,train
10454,train
7190,train
24541,train
25291,train
22100,train
25542,train
14272,train
20487,train
8441,train
9702,train
23744,train
22861,train
25126,train
18695,train
18466,train
15483,train
8931,train
29611,train
25623,train
602,train
30714,train
15806,train
24819,train
3920,train
9024,train
21097,train
25172,train
28145,train
22409,train
20811,train
9783,train
7832,train
21952,train
28888,train
2589,train
22833,train
23511,train
14794,train
6773,train
15842,train
24507,train
10536,train
25134,train
29009,train
14038,train
24526,train
26172,train
15174,train
18606,train
25035,train
1341,train
18701,train
25284,train
15149,train
20911,train
16612,train
20459,train
28710,train
2559,train
14883,train
26229,train
24079,train
15114,train
1344,train
24857,train
16353,train
16675,train
8973,train
24853,train
5635,train
15610,train
14395,train
17322,train
30047,train
3194,train
30636,train
6842,train
199,train
6806,train
12183,train
11721,train
12993,train
21907,train
21735,train
26956,train
20684,train
12020,train
4607,train
8605,train
19559,train
12792,train
13204,train
7471,train
3376,train
14827,train
10739,train
18452,train
26330,train
9621,train
26478,train
3244,train
4572,train
22233,train
26752,train
10854,train
8844,train
10216,train
26570,train
23948,train
19059,train
4618,train
5032,train
1253,train
16875,train
13975,train
29733,train
6449,train
8570,train
7489,train
12716,train
18900,train
11061,train
15083,train
24745,train
14432,train
24002,train
13183,train
5019,train
3669,train
1526,train
9220,train
6561,train
15116,train
18688,train
26599,train
6463,train
26063,train
28678,train
1279,train
6786,train
8530,train
20887,train
821,train
20532,train
12458,train
19703,train
1849,train
357,train
8666,train
10978,train
5949,train
3861,train
4904,train
19358,train
9276,train
5969,train
19065,train
11589,train
2634,train
11189,train
10772,train
21085,train
15727,train
25121,train
25416,train
8054,train
28598,train
6978,train
16779,train
27252,train
30245,train
17427,train
8180,train
15777,train
2296,train
2327,train
6816,train
12777,train
19927,train
30191,train
9540,train
28551,train
7752,train
5512,train
9457,train
25572,train
29799,train
18937,train
10575,train
5554,train
2709,train
9316,train
5366,train
8065,train
24200,train
13622,train
13337,train
22815,train
10129,train
899,train
3337,train
29745,train
29565,train
29679,train
5139,train
5840,train
15933,train
18235,train
3231,train
5954,train
25472,train
9755,train
11326,train
9209,train
16202,train
4579,train
11376,train
6059,train
4378,train
206,train
29338,train
4281,train
16870,train
13039,train
2734,train
1360,train
21555,train
14541,train
2719,train
10534,train
11921,train
19254,train
6535,train
30658,train
19764,train
29993,train
17041,train
29258,train
16078,train
12477,train
8393,train
24218,train
30163,train
1374,train
24172,train
21607,train
20705,train
6192,train
7855,train
14031,train
3571,train
19172,train
25295,train
3613,train
13908,train
15436,train
4471,train
4002,train
7355,train
19096,train
4789,train
29833,train
25474,train
981,train
28412,train
23820,train
11919,train
30380,train
5269,train
17602,train
14592,train
4044,train
2883,train
19211,train
29541,train
15781,train
20507,train
4574,train
15944,train
7082,train
27280,train
23338,train
17790,train
25074,train
3333,train
29276,train
18411,train
15335,train
5489,train
8865,train
15226,train
11838,train
1900,train
4503,train
23872,train
18531,train
7137,train
22368,train
7384,train
10470,train
19658,train
19094,train
28159,train
13205,train
20868,train
23649,train
17799,train
13164,train
3290,train
17249,train
26464,train
5813,train
30088,train
23405,train
20313,train
3812,train
21614,train
15790,train
21038,train
5606,train
26320,train
8639,train
4017,train
13422,train
7358,train
11133,train
17592,train
27307,train
24757,train
1877,train
3777,train
1852,train
30192,train
16514,train
12453,train
15571,train
27894,train
6941,train
17565,train
14096,train
21456,train
6821,train
7868,train
20613,train
29820,train
6679,train
13813,train
19105,train
8120,train
25006,train
20039,train
24267,train
7814,train
2065,train
2492,train
12892,train
15510,train
6791,train
4628,train
24132,train
2341,train
28516,train
29198,train
8417,train
24285,train
17120,train
23770,train
26072,train
15943,train
22088,train
15484,train
25109,train
1173,train
29,train
8059,train
13155,train
11527,train
17388,train
14389,train
5422,train
10409,train
19498,train
2461,train
12729,train
12530,train
28937,train
10670,train
353,train
12710,train
28084,train
10987,train
17476,train
21087,train
6623,train
12418,train
1774,train
13834,train
10233,train
9246,train
15453,train
21626,train
22206,train
21826,train
6584,train
21133,train
23050,train
7684,train
25081,train
27622,train
2718,train
17205,train
6931,train
2291,train
23036,train
21885,train
20555,train
5431,train
12613,train
6551,train
18287,train
17115,train
5804,train
25742,train
21108,train
267,train
5086,train
7431,train
17514,train
24687,train
10789,train
10084,train
26048,train
17554,train
16706,train
15290,train
6116,train
7883,train
8881,train
8678,train
5819,train
23334,train
30400,train
6388,train
23625,train
4830,train
15137,train
30156,train
2395,train
8437,train
22222,train
9075,train
8424,train
23992,train
19230,train
22305,train
5679,train
18321,train
826,train
1764,train
7873,train
12319,train
1186,train
20052,train
22766,train
7203,train
13098,train
7039,train
13895,train
8384,train
9312,train
19686,train
13983,train
990,train
1009,train
7456,train
29991,train
8109,train
18303,train
21395,train
28680,train
4129,train
18630,train
374,train
19533,train
1670,train
23075,train
13187,train
7426,train
29105,train
27215,train
7373,train
10145,train
3999,train
5931,train
3006,train
934,train
12412,train
25536,train
1317,train
30437,train
14849,train
19398,train
399,train
25940,train
1006,train
7110,train
30243,train
10822,train
29929,train
5215,train
29535,train
2196,train
13369,train
27174,train
23905,train
4581,train
18992,train
12496,train
2475,train
13131,train
14345,train
5854,train
20013,train
290,train
20747,train
686,train
17081,train
27192,train
5660,train
7268,train
8146,train
12760,train
10027,train
22199,train
11430,train
11603,train
27619,train
25272,train
27433,train
21876,train
22301,train
10444,train
7920,train
13707,train
6983,train
28273,train
2548,train
3233,train
2728,train
27564,train
21669,train
6320,train
12217,train
1652,train
3589,train
26493,train
20948,train
9203,train
15968,train
8877,train
16651,train
13277,train
23860,train
4409,train
30635,train
21687,train
26900,train
8919,train
29350,train
13265,train
1392,train
5604,train
23481,train
18757,train
30465,train
13955,train
2015,train
16051,train
7976,train
7428,train
16859,train
13850,train
2287,train
4746,train
19093,train
5378,train
383,train
15084,train
9512,train
14350,train
14929,train
6267,train
22698,train
9806,train
7239,train
15052,train
24211,train
10717,train
7053,train
27129,train
25067,train
3928,train
3050,train
12637,train
24833,train
252,train
9049,train
17258,train
18752,train
22793,train
12895,train
19602,train
17316,train
22990,train
28746,train
27727,train
5825,train
2585,train
8950,train
4509,train
29736,train
9807,train
8195,train
3634,train
26788,train
13065,train
13931,train
1445,train
17498,train
24800,train
14908,train
21246,train
470,train
17157,train
9576,train
16606,train
16420,train
26957,train
8879,train
3348,train
26033,train
8673,train
7958,train
24369,train
20445,train
21666,train
2478,train
19906,train
10552,train
19564,train
2227,train
16216,train
21509,train
11071,train
15065,train
5338,train
15725,train
7991,train
17930,train
15533,train
7802,train
24502,train
24270,train
19741,train
14050,train
20753,train
7040,train
25844,train
5348,train
15297,train
1560,train
30170,train
13575,train
23721,train
2372,train
27176,train
5245,train
9569,train
16392,train
16401,train
30275,train
21627,train
24952,train
7704,train
27431,train
18288,train
8315,train
1535,train
10756,train
25635,train
25412,train
9785,train
22962,train
144,train
11356,train
4659,train
21054,train
18652,train
11178,train
19952,train
13121,train
965,train
18728,train
12814,train
1035,train
6139,train
23578,train
20209,train
28113,train
10910,train
17645,train
967,train
14058,train
22184,train
1979,train
30129,train
9894,train
27850,train
24849,train
8134,train
10998,train
13329,train
23780,train
11331,train
20763,train
23015,train
15812,train
11050,train
12811,train
15770,train
9386,train
6815,train
25427,train
12901,train
14372,train
28687,train
11999,train
7024,train
348,train
16416,train
16852,train
25008,train
16483,train
21301,train
26343,train
25231,train
936,train
15915,train
10896,train
21237,train
21233,train
20597,train
11536,train
27042,train
23965,train
28858,train
4145,train
21884,train
13899,train
25525,train
12622,train
12381,train
21833,train
23912,train
12337,train
29861,train
23600,train
30280,train
3892,train
4169,train
22298,train
30367,train
29646,train
2463,train
18172,train
8828,train
11091,train
7346,train
6542,train
9550,train
17414,train
5346,train
19080,train
7363,train
27142,train
19558,train
6293,train
12775,train
82,train
1950,train
24479,train
29448,train
11477,train
29418,train
4368,train
22983,train
778,train
22783,train
12941,train
22748,train
29235,train
28437,train
25612,train
20203,train
8794,train
14596,train
20557,train
13294,train
7250,train
12839,train
8721,train
21064,train
19488,train
1166,train
4381,train
13833,train
23654,train
26712,train
15698,train
22203,train
23100,train
8299,train
5708,train
9762,train
20591,train
18975,train
21803,train
12493,train
15033,train
3544,train
27753,train
26399,train
16015,train
5648,train
11130,train
9568,train
1817,train
23639,train
26021,train
797,train
677,train
7300,train
8229,train
14522,train
3855,train
12379,train
3505,train
1294,train
17690,train
6785,train
785,train
27014,train
1407,train
17068,train
30615,train
22582,train
2041,train
17377,train
30611,train
5493,train
27470,train
26909,train
13376,train
3691,train
4060,train
15279,train
2588,train
16817,train
30522,train
6504,train
24917,train
24459,train
12347,train
18895,train
12097,train
8307,train
16285,train
24877,train
21566,train
331,train
23099,train
13297,train
26291,train
29470,train
26659,train
5350,train
20606,train
1028,train
4701,train
2236,train
22168,train
29346,train
3726,train
23874,train
16820,train
19610,train
26352,train
14320,train
23544,train
8270,train
27782,train
19921,train
18345,train
17961,train
10335,train
16110,train
14179,train
14315,train
24457,train
5919,train
6780,train
24774,train
19461,train
840,train
23760,train
28450,train
4109,train
19246,train
1411,train
24802,train
23669,train
22064,train
3236,train
20587,train
19144,train
13822,train
24803,train
13568,train
4485,train
11780,train
24935,train
8145,train
11482,train
135,train
2700,train
16441,train
5172,train
1425,train
14665,train
4987,train
21434,train
29748,train
12907,train
1981,train
4247,train
19001,train
3416,train
18838,train
25369,train
19475,train
27149,train
4707,train
2787,train
12246,train
12251,train
8190,train
17802,train
4244,train
2812,train
13439,train
22693,train
26714,train
16390,train
11537,train
11390,train
12358,train
19731,train
13771,train
19554,train
10579,train
21385,train
23234,train
2688,train
24131,train
18299,train
19171,train
11772,train
17328,train
13093,train
21777,train
4024,train
19312,train
15827,train
20655,train
7626,train
6029,train
9813,train
9826,train
19800,train
26204,train
5424,train
29529,train
21245,train
2362,train
184,train
29932,train
5280,train
27833,train
2895,train
24265,train
22436,train
22946,train
8763,train
2953,train
26085,train
11491,train
23985,train
11672,train
29899,train
28098,train
8983,train
15283,train
28361,train
6105,train
26031,train
29680,train
6549,train
15584,train
16476,train
8222,train
1215,train
11453,train
7388,train
12471,train
2380,train
10323,train
23614,train
30798,train
25459,train
25603,train
29971,train
21222,train
22484,train
3245,train
26685,train
24181,train
13136,train
17056,train
15714,train
3158,train
5083,train
13421,train
20654,train
25068,train
20992,train
2845,train
23062,train
10497,train
11122,train
11624,train
14466,train
8141,train
9446,train
23454,train
14802,train
22300,train
13381,train
13105,train
22807,train
10785,train
2531,train
25494,train
4037,train
23214,train
2174,train
30541,train
10879,train
3585,train
7311,train
29617,train
4309,train
23198,train
11791,train
2645,train
24011,train
9017,train
24368,train
25143,train
10227,train
24090,train
24759,train
19700,train
23457,train
26265,train
27456,train
26649,train
26802,train
10040,train
30681,train
6214,train
29950,train
29444,train
28274,train
6494,train
6386,train
18504,train
22158,train
17283,train
22379,train
15788,train
1876,train
12308,train
17435,train
26981,train
26092,train
25797,train
6466,train
1351,train
11046,train
1075,train
12630,train
3117,train
26347,train
1641,train
23512,train
13501,train
8464,train
24414,train
29499,train
18806,train
24190,train
27750,train
18403,train
8142,train
5368,train
647,train
18711,train
8858,train
2797,train
14564,train
29021,train
23470,train
2776,train
18892,train
10087,train
20206,train
9356,train
4730,train
7689,train
427,train
22170,train
28628,train
4417,train
21714,train
26978,train
25212,train
16309,train
10571,train
711,train
16236,train
19215,train
2535,train
11180,train
29162,train
17858,train
5670,train
484,train
28497,train
25642,train
8838,train
6606,train
19161,train
4917,train
631,train
22551,train
12922,train
20782,train
3500,train
3274,train
11478,train
5727,train
24343,train
300,train
2929,train
26820,train
17679,train
9086,train
6406,train
19777,train
13939,train
18260,train
22012,train
26174,train
3641,train
24518,train
24714,train
15087,train
7718,train
23718,train
17793,train
14284,train
16683,train
6341,train
14796,train
8462,train
28936,train
17421,train
4125,train
2418,train
9704,train
26335,train
17516,train
4489,train
334,train
26673,train
1712,train
16748,train
439,train
19049,train
27132,train
27379,train
25595,train
14037,train
23027,train
2161,train
21183,train
8811,train
29318,train
21394,train
14015,train
13377,train
20599,train
3854,train
15480,train
7158,train
5552,train
49,train
27593,train
5891,train
9177,train
14776,train
14727,train
17429,train
30592,train
12486,train
10562,train
8947,train
25937,train
24889,train
28739,train
21789,train
23823,train
26676,train
25911,train
9541,train
11703,train
1922,train
25449,train
28076,train
409,train
7362,train
24723,train
26641,train
21846,train
22604,train
18457,train
1642,train
20534,train
18438,train
28134,train
6901,train
14865,train
17808,train
2945,train
20177,train
18413,train
17693,train
6649,train
1507,train
6186,train
18765,train
16169,train
25903,train
9471,train
9978,train
25866,train
7544,train
1400,train
21898,train
26903,train
28386,train
3534,train
17252,train
27358,train
22984,train
11288,train
22958,train
504,train
18746,train
29329,train
5275,train
23711,train
19708,train
8217,train
1664,train
10735,train
3797,train
18734,train
19657,train
14333,train
22513,train
13670,train
28228,train
18162,train
11255,train
14539,train
385,train
19481,train
18333,train
13,train
22350,train
2666,train
7668,train
25277,train
28303,train
17177,train
22365,train
12404,train
2646,train
10345,train
12031,train
7643,train
23941,train
7713,train
15007,train
8749,train
9908,train
4307,train
18969,train
23492,train
11383,train
476,train
15783,train
25601,train
28544,train
10077,train
14204,train
18760,train
21967,train
21660,train
17301,train
5075,train
1387,train
17276,train
19582,train
27748,train
10623,train
19527,train
12791,train
16563,train
28218,train
21798,train
28631,train
53,train
7706,train
24631,train
19051,train
17539,train
4248,train
6315,train
22534,train
11841,train
17030,train
30748,train
26742,train
26221,train
27492,train
25244,train
9341,train
4729,train
832,train
13736,train
17325,train
11917,train
27294,train
23083,train
175,train
26386,train
6108,train
4212,train
16844,train
26790,train
1939,train
8001,train
23979,train
10308,train
17112,train
23390,train
16006,train
13863,train
12732,train
6691,train
6172,train
17936,train
774,train
19867,train
7455,train
14017,train
20239,train
19486,train
12653,train
7140,train
9284,train
28319,train
19711,train
20284,train
24161,train
14100,train
4386,train
7351,train
11401,train
17318,train
5916,train
16661,train
28002,train
19722,train
16198,train
20015,train
18186,train
13196,train
2250,train
12926,train
18917,train
20081,train
2404,train
29160,train
23324,train
13791,train
22024,train
11870,train
18138,train
25323,train
26586,train
261,train
27690,train
6030,train
15844,train
30295,train
30725,train
29015,train
1666,train
14859,train
28211,train
6228,train
5455,train
5208,train
25626,train
17338,train
18876,train
16024,train
15254,train
16264,train
8212,train
12480,train
16690,train
13009,train
12739,train
21024,train
7386,train
9508,train
26465,train
3311,train
16362,train
5827,train
8438,train
5030,train
20579,train
6967,train
14366,train
21307,train
23003,train
7554,train
18715,train
4998,train
1111,train
5457,train
16939,train
1139,train
24846,train
20,train
22149,train
13860,train
23365,train
8759,train
19716,train
13540,train
4676,train
1898,train
8139,train
4781,train
3220,train
6711,train
3426,train
12224,train
11449,train
28323,train
4165,train
4843,train
30593,train
10677,train
30428,train
4023,train
3356,train
7377,train
16104,train
22973,train
20746,train
18222,train
20356,train
26871,train
29291,train
13581,train
648,train
5525,train
1566,train
24320,train
15574,train
874,train
13648,train
1033,train
8771,train
18666,train
21861,train
16405,train
6964,train
28805,train
29187,train
8951,train
5720,train
14835,train
15755,train
2788,train
14740,train
400,train
24056,train
16174,train
20112,train
24511,train
15954,train
21046,train
14019,train
1257,train
12835,train
19494,train
21292,train
8833,train
6958,train
469,train
14419,train
4868,train
14976,train
28270,train
30318,train
4452,train
20552,train
20596,train
833,train
26803,train
20809,train
2836,train
16771,train
16528,train
13398,train
28554,train
7277,train
21910,train
27901,train
19015,train
5133,train
16396,train
190,train
25810,train
30164,train
11811,train
9192,train
6209,train
9582,train
6712,train
27844,train
3456,train
6716,train
29360,train
24686,train
11873,train
5361,train
4240,train
11136,train
25998,train
15603,train
8218,train
22851,train
15621,train
26737,train
5739,train
9329,train
25306,train
2969,train
1133,train
27649,train
15488,train
22595,train
23049,train
8997,train
19669,train
21027,train
22315,train
1847,train
26326,train
4155,train
11030,train
14454,train
262,train
26266,train
7514,train
29570,train
3062,train
15470,train
22092,train
4038,train
28820,train
15165,train
27773,train
12491,train
29810,train
29605,train
14565,train
8660,train
30294,train
11074,train
1591,train
3234,train
19750,train
18552,train
9405,train
11649,train
6548,train
16191,train
16173,train
6010,train
27516,train
11464,train
224,train
4971,train
22102,train
8091,train
7299,train
26591,train
10223,train
21003,train
6109,train
655,train
16700,train
15664,train
3648,train
29372,train
21694,train
30757,train
11863,train
7770,train
14874,train
2792,train
20817,train
16,train
12420,train
11601,train
4927,train
5523,train
9445,train
19162,train
24776,train
24722,train
16356,train
1464,train
201,train
29366,train
2491,train
24363,train
2347,train
19033,train
22116,train
6084,train
10488,train
7886,train
11425,train
13410,train
29960,train
19306,train
2150,train
6277,train
19632,train
20928,train
6181,train
7683,train
10761,train
13278,train
22711,train
11243,train
24074,train
4744,train
5917,train
19317,train
8913,train
1825,train
13057,train
25968,train
3902,train
30482,train
20044,train
13937,train
28540,train
9000,train
15659,train
15706,train
5993,train
28008,train
12740,train
17664,train
4398,train
28477,train
24248,train
20407,train
22506,train
29053,train
23924,train
9778,train
17681,train
26588,train
23691,train
27625,train
19833,train
8816,train
8494,train
9564,train
16038,train
19718,train
1586,train
9408,train
2503,train
2544,train
21797,train
25471,train
12551,train
26440,train
4486,train
27406,train
8561,train
8241,train
13709,train
5282,train
4753,train
8489,train
22495,train
15535,train
12083,train
16140,train
30255,train
15003,train
22383,train
6369,train
27790,train
29634,train
26232,train
8115,train
16276,train
4196,train
10694,train
21231,train
20502,train
30751,train
21058,train
9742,train
5928,train
20122,train
25030,train
7096,train
26272,train
17213,train
30559,train
20351,train
17072,train
5762,train
16828,train
23510,train
17063,train
8547,train
22394,train
4997,train
23833,train
22405,train
10338,train
30506,train
25652,train
7031,train
10656,train
4184,train
14171,train
15960,train
14616,train
15923,train
3728,train
9760,train
28045,train
1323,train
22235,train
24962,train
30365,train
23048,train
29871,train
12315,train
634,train
9434,train
17251,train
27171,train
3352,train
9236,train
23140,train
29958,train
26226,train
14543,train
20348,train
21583,train
17202,train
12523,train
23875,train
116,train
19981,train
18592,train
26663,train
10187,train
741,train
18310,train
6176,train
10968,train
4151,train
28293,train
18107,train
15215,train
16623,train
3579,train
28932,train
15423,train
11379,train
24741,train
12378,train
28685,train
1716,train
30424,train
18459,train
30718,train
8413,train
19458,train
8803,train
16845,train
16909,train
3071,train
28156,train
21674,train
26698,train
7503,train
14349,train
28020,train
30112,train
7821,train
15401,train
14797,train
24467,train
16777,train
2103,train
30617,train
12137,train
4134,train
7842,train
22622,train
9840,train
22858,train
17232,train
28510,train
4422,train
29137,train
8871,train
27441,train
15428,train
19403,train
873,train
17071,train
5889,train
23329,train
14313,train
15190,train
22877,train
26842,train
19111,train
25796,train
20018,train
6362,train
30095,train
5347,train
8581,train
3517,train
26433,train
19781,train
8365,train
27588,train
22603,train
19620,train
7001,train
269,train
25275,train
26087,train
17826,train
23564,train
4333,train
9977,train
4556,train
16680,train
9043,train
7406,train
25077,train
5944,train
4188,train
22359,train
3083,train
2958,train
6718,train
13293,train
12652,train
14443,train
17036,train
19648,train
19808,train
29450,train
20977,train
18719,train
12275,train
13815,train
21254,train
27911,train
20092,train
1815,train
15567,train
12218,train
7696,train
4479,train
14730,train
6762,train
27469,train
27912,train
11697,train
16011,train
25846,train
20607,train
8166,train
10418,train
25492,train
8679,train
27871,train
14400,train
9870,train
16788,train
29610,train
1753,train
713,train
5638,train
29920,train
10612,train
25523,train
7669,train
279,train
3309,train
22253,train
16021,train
14991,train
18291,train
5706,train
28584,train
5375,train
15041,train
8086,train
2271,train
11150,train
27119,train
21452,train
19048,train
30244,train
20831,train
11044,train
27880,train
19438,train
4767,train
11940,train
12455,train
13357,train
29521,train
1017,train
3931,train
14595,train
28976,train
24183,train
1447,train
13217,train
14728,train
14589,train
24664,train
1548,train
2151,train
23403,train
26446,train
7451,train
20779,train
30411,train
13361,train
21526,train
7850,train
23040,train
17280,train
24059,train
23656,train
15562,train
2567,train
22654,train
14376,train
28411,train
6095,train
6347,train
2878,train
13258,train
2749,train
567,train
27540,train
5237,train
16106,train
847,train
15679,train
27501,train
28886,train
27191,train
25458,train
16495,train
30045,train
8116,train
29011,train
29125,train
30302,train
9926,train
19311,train
11462,train
22901,train
17811,train
24232,train
26547,train
14725,train
18383,train
4802,train
22755,train
27482,train
8677,train
14987,train
27490,train
19073,train
27113,train
13194,train
891,train
30408,train
29552,train
24830,train
29179,train
11604,train
2225,train
19871,train
22737,train
3630,train
18988,train
16791,train
14268,train
2986,train
16746,train
1967,train
1095,train
21732,train
850,train
8087,train
23663,train
27761,train
17562,train
28213,train
3395,train
17145,train
17662,train
15794,train
15144,train
28662,train
26236,train
23719,train
18105,train
2751,train
25708,train
19534,train
15393,train
24852,train
24531,train
28072,train
20389,train
12974,train
18468,train
3832,train
23019,train
17815,train
23731,train
26425,train
26160,train
14016,train
13680,train
7407,train
30233,train
24382,train
16652,train
11789,train
10340,train
11357,train
23623,train
14080,train
17907,train
6630,train
16629,train
16349,train
20846,train
22481,train
17761,train
22145,train
28329,train
18636,train
4464,train
11409,train
13006,train
20524,train
17453,train
29892,train
23181,train
30642,train
7258,train
23854,train
15666,train
20509,train
491,train
28096,train
10729,train
22244,train
24307,train
10253,train
2702,train
14574,train
12152,train
11358,train
21117,train
22062,train
17490,train
22182,train
16017,train
11743,train
12853,train
10840,train
21588,train
1330,train
22164,train
20492,train
12990,train
28668,train
9914,train
7215,train
23571,train
17607,train
852,train
1957,train
23231,train
4180,train
26792,train
13128,train
18924,train
182,train
1995,train
8914,train
8985,train
19373,train
15876,train
22617,train
23529,train
8527,train
19225,train
25059,train
26993,train
7030,train
14117,train
16731,train
20790,train
19913,train
11246,train
8208,train
157,train
30210,train
28083,train
16594,train
21060,train
9211,train
16313,train
27881,train
15680,train
24392,train
17216,train
9781,train
7937,train
26498,train
10306,train
8385,train
1675,train
28737,train
25634,train
11495,train
4225,train
8261,train
29664,train
24274,train
8463,train
9523,train
20089,train
2976,train
11508,train
14191,train
5420,train
18543,train
5996,train
25375,train
27434,train
13496,train
15124,train
8496,train
19177,train
1966,train
10994,train
5696,train
5600,train
14721,train
10261,train
6196,train
23086,train
8244,train
14021,train
20550,train
9472,train
12555,train
26142,train
9787,train
27791,train
30678,train
29513,train
17129,train
11308,train
28325,train
17504,train
6136,train
16119,train
14431,train
172,train
11579,train
9244,train
9432,train
24679,train
26091,train
28585,train
13173,train
12376,train
29525,train
13959,train
1281,train
9868,train
30637,train
2941,train
16835,train
18304,train
4256,train
8093,train
24691,train
29242,train
8012,train
20215,train
5449,train
16091,train
1923,train
21531,train
26629,train
24314,train
1244,train
19437,train
4612,train
4487,train
19379,train
18812,train
5423,train
9196,train
11775,train
12052,train
7604,train
6004,train
9327,train
28207,train
18262,train
4788,train
23345,train
8419,train
30209,train
25890,train
21685,train
25831,train
8752,train
25699,train
29134,train
28292,train
15100,train
2121,train
7659,train
12292,train
15019,train
23085,train
4552,train
30454,train
19371,train
12970,train
6254,train
20314,train
1973,train
23987,train
20014,train
26,train
16827,train
21838,train
26760,train
5707,train
5411,train
3962,train
17123,train
21840,train
17159,train
11798,train
30094,train
883,train
24658,train
9661,train
28775,train
7936,train
20419,train
8455,train
14932,train
20999,train
19995,train
4326,train
20558,train
25706,train
21217,train
25811,train
16387,train
3540,train
20055,train
11006,train
15308,train
18514,train
1875,train
8539,train
22683,train
16083,train
3616,train
29670,train
1247,train
13550,train
23388,train
2315,train
19786,train
7318,train
17932,train
22143,train
27222,train
27164,train
12499,train
2541,train
4324,train
19789,train
28801,train
25925,train
7582,train
19028,train
25160,train
28296,train
13920,train
2843,train
24535,train
5004,train
20088,train
23980,train
8870,train
2765,train
23319,train
28610,train
23726,train
12532,train
12627,train
3506,train
22579,train
22438,train
9041,train
5608,train
6644,train
13972,train
19521,train
20246,train
8548,train
25247,train
18758,train
10627,train
17883,train
18232,train
1345,train
25918,train
24653,train
4930,train
10126,train
19802,train
19257,train
15249,train
12394,train
2617,train
13548,train
27423,train
1286,train
12744,train
1283,train
11574,train
5694,train
5276,train
25329,train
26880,train
1942,train
3198,train
25710,train
27245,train
9117,train
29380,train
18023,train
11648,train
5984,train
28751,train
1655,train
7788,train
11473,train
19755,train
15090,train
8017,train
7836,train
17655,train
16693,train
25913,train
18809,train
6360,train
23817,train
5985,train
21805,train
1184,train
795,train
11320,train
10558,train
17547,train
13158,train
20483,train
24016,train
11110,train
1905,train
14844,train
23729,train
27108,train
9585,train
34,train
24335,train
23021,train
21039,train
17993,train
14145,train
19964,train
11792,train
29778,train
14069,train
14497,train
2639,train
17789,train
29912,train
28200,train
29496,train
20056,train
26480,train
17705,train
16258,train
6764,train
26970,train
4721,train
2156,train
1589,train
11854,train
23685,train
4033,train
18216,train
15760,train
28131,train
867,train
18501,train
9133,train
4842,train
29500,train
5515,train
15869,train
2484,train
29062,train
15607,train
11274,train
17005,train
19889,train
6045,train
13869,train
23367,train
3380,train
28182,train
10958,train
22061,train
24682,train
26735,train
14210,train
6491,train
4851,train
29404,train
1029,train
15186,train
13866,train
20230,train
17313,train
16751,train
5132,train
13200,train
28877,train
26955,train
11090,train
5832,train
5979,train
25040,train
26572,train
16812,train
24764,train
21189,train
28988,train
27301,train
22039,train
6489,train
2513,train
4197,train
8536,train
23627,train
18464,train
9270,train
25802,train
12280,train
29101,train
23204,train
1930,train
16799,train
1955,train
613,train
8595,train
28271,train
15792,train
30061,train
8468,train
10217,train
25608,train
8906,train
18140,train
555,train
25666,train
27429,train
25245,train
19760,train
7862,train
13974,train
8102,train
22776,train
20374,train
5022,train
28570,train
13882,train
27013,train
15023,train
11749,train
15947,train
17544,train
29158,train
22123,train
20957,train
10931,train
3809,train
28246,train
18965,train
24383,train
6752,train
9594,train
16297,train
11010,train
3480,train
4009,train
22019,train
28192,train
1301,train
22903,train
18583,train
11212,train
16741,train
17567,train
10593,train
1270,train
23146,train
9401,train
2721,train
25379,train
30644,train
29770,train
2043,train
9883,train
266,train
20595,train
28085,train
18594,train
30800,train
30187,train
2029,train
28771,train
7036,train
5811,train
30630,train
18950,train
3280,train
15236,train
12759,train
16669,train
23528,train
2055,train
84,train
1975,train
4186,train
8559,train
26817,train
18564,train
18826,train
24365,train
19103,train
29619,train
6628,train
8510,train
7591,train
26269,train
16860,train
11720,train
9033,train
15214,train
4597,train
28994,train
29832,train
29857,train
20474,train
15179,train
9725,train
3018,train
5443,train
15852,train
8243,train
26733,train
7121,train
26235,train
20858,train
12173,train
28289,train
8186,train
1813,train
6541,train
27600,train
7200,train
7154,train
3451,train
2392,train
27308,train
24070,train
26703,train
27884,train
18017,train
19061,train
20254,train
26328,train
16192,train
809,train
25674,train
10559,train
8518,train
9642,train
30655,train
2750,train
29041,train
3498,train
1503,train
19730,train
21512,train
24832,train
21973,train
14787,train
8490,train
20516,train
10622,train
26877,train
1384,train
13062,train
2358,train
30622,train
29878,train
9876,train
26541,train
1239,train
29938,train
27479,train
29100,train
1646,train
11794,train
21332,train
25484,train
26960,train
6728,train
29606,train
14548,train
28042,train
4688,train
16725,train
18065,train
25600,train
15938,train
8868,train
2481,train
13362,train
26988,train
17915,train
8934,train
4132,train
14224,train
18115,train
26916,train
17329,train
28887,train
2683,train
24269,train
23371,train
19737,train
3058,train
7957,train
15840,train
18152,train
18003,train
25957,train
16951,train
19667,train
26609,train
8958,train
5725,train
18156,train
8841,train
11960,train
25493,train
3970,train
1072,train
7092,train
10673,train
18511,train
16273,train
29716,train
1534,train
9102,train
15961,train
18322,train
6896,train
143,train
3538,train
24345,train
2368,train
23678,train
12030,train
9028,train
4637,train
27803,train
25945,train
26340,train
20521,train
21262,train
8404,train
11496,train
30674,train
1799,train
30790,train
26364,train
2522,train
19303,train
3069,train
4257,train
693,train
22155,train
23806,train
16130,train
389,train
17736,train
19974,train
15887,train
17372,train
7135,train
24500,train
1290,train
9659,train
20050,train
5963,train
85,train
8289,train
5561,train
857,train
28086,train
24027,train
26178,train
20538,train
22741,train
950,train
24661,train
27412,train
23839,train
4205,train
3034,train
22413,train
2612,train
14424,train
297,train
3328,train
28091,train
12181,train
27897,train
17640,train
16807,train
24841,train
729,train
5322,train
13396,train
14488,train
21432,train
24454,train
15162,train
23515,train
7257,train
3035,train
6433,train
19156,train
9562,train
23620,train
20212,train
18778,train
29530,train
21235,train
20503,train
13085,train
4754,train
804,train
20881,train
18570,train
19594,train
21029,train
16701,train
16170,train
19089,train
8999,train
23314,train
28811,train
17597,train
26041,train
24860,train
10824,train
15787,train
6439,train
24434,train
26099,train
6322,train
11429,train
4395,train
26059,train
13209,train
11507,train
15468,train
26870,train
742,train
23547,train
15203,train
9623,train
29195,train
12367,train
5334,train
3251,train
26055,train
9657,train
17737,train
20091,train
9191,train
14318,train
16733,train
28718,train
4253,train
7452,train
12693,train
17631,train
27557,train
10955,train
4420,train
2081,train
2175,train
24957,train
1416,train
15810,train
12478,train
19178,train
8769,train
30628,train
13061,train
12757,train
1710,train
6837,train
5531,train
4143,train
9731,train
9514,train
11072,train
12232,train
20765,train
13958,train
15312,train
6260,train
10477,train
6057,train
17768,train
10450,train
20429,train
25932,train
6795,train
29019,train
2980,train
14156,train
3339,train
20408,train
26798,train
28187,train
10890,train
1580,train
28130,train
5844,train
727,train
17398,train
24130,train
5898,train
27989,train
8330,train
24154,train
29460,train
912,train
10598,train
9072,train
2955,train
818,train
19661,train
10286,train
24509,train
16491,train
26876,train
30030,train
15437,train
29315,train
13729,train
10414,train
12756,train
28216,train
9739,train
25565,train
22486,train
15394,train
13785,train
21032,train
10476,train
29507,train
27518,train
12296,train
20312,train
28490,train
759,train
6570,train
27234,train
6282,train
16435,train
6543,train
17053,train
18587,train
29743,train
20135,train
717,train
1993,train
16747,train
22521,train
6075,train
27454,train
23842,train
13848,train
11583,train
2370,train
1237,train
22138,train
1385,train
15921,train
28073,train
8485,train
15670,train
30778,train
15313,train
30463,train
3961,train
10893,train
23797,train
16418,train
13696,train
18221,train
24293,train
4291,train
9857,train
18265,train
8010,train
4977,train
15172,train
3312,train
17972,train
3568,train
16284,train
2743,train
3316,train
9002,train
28952,train
19824,train
30501,train
30629,train
9768,train
6246,train
15926,train
24022,train
30062,train
22264,train
9167,train
16151,train
19881,train
2580,train
15119,train
2926,train
24304,train
26049,train
23182,train
15800,train
16995,train
1187,train
11725,train
20754,train
2298,train
25562,train
9428,train
7878,train
8525,train
26768,train
14196,train
6072,train
15325,train
29110,train
137,train
7522,train
28549,train
29054,train
9811,train
11741,train
10357,train
28505,train
25854,train
12506,train
27484,train
13913,train
9087,train
3422,train
20902,train
30204,train
15455,train
20626,train
1804,train
3934,train
25187,train
29648,train
323,train
23869,train
3060,train
10601,train
25648,train
27592,train
21020,train
17432,train
19746,train
20075,train
26879,train
4216,train
20652,train
30405,train
2568,train
153,train
3708,train
16310,train
26808,train
25729,train
20679,train
18643,train
11463,train
20560,train
16550,train
16561,train
17788,train
20616,train
2026,train
18868,train
3997,train
27974,train
552,train
19940,train
18129,train
28847,train
24693,train
28938,train
20416,train
13903,train
10804,train
28845,train
14051,train
3717,train
21532,train
21171,train
26060,train
26873,train
30340,train
6248,train
1779,train
19231,train
14633,train
23821,train
10721,train
18859,train
14603,train
20380,train
28403,train
27045,train
20656,train
10156,train
5078,train
5922,train
12558,train
10269,train
13797,train
2119,train
4457,train
24483,train
20365,train
16081,train
23045,train
23543,train
15072,train
15901,train
20715,train
18978,train
4532,train
28281,train
20904,train
23472,train
16968,train
4137,train
24036,train
27331,train
24456,train
22373,train
17212,train
6550,train
23665,train
11499,train
18867,train
2573,train
13074,train
18753,train
25149,train
10431,train
18427,train
3127,train
7124,train
19495,train
5607,train
11797,train
25753,train
22801,train
27981,train
17634,train
21388,train
7987,train
3645,train
3011,train
18442,train
20227,train
26861,train
9436,train
21044,train
17832,train
12013,train
22080,train
23662,train
25437,train
26040,train
26191,train
22952,train
8944,train
20163,train
572,train
20541,train
29865,train
22894,train
10267,train
29977,train
9595,train
4105,train
24760,train
14923,train
8170,train
15751,train
23323,train
3104,train
28151,train
29579,train
18213,train
27303,train
10037,train
23975,train
18853,train
23850,train
18500,train
7216,train
22109,train
27133,train
2981,train
19570,train
15017,train
16046,train
21266,train
5833,train
20200,train
4341,train
20996,train
27487,train
6900,train
25862,train
5123,train
13546,train
147,train
15697,train
11436,train
12219,train
1593,train
21839,train
19406,train
29157,train
19440,train
26887,train
9430,train
6663,train
10884,train
21271,train
6125,train
8329,train
6272,train
11407,train
8554,train
24038,train
8600,train
2190,train
25657,train
21402,train
17599,train
26519,train
15955,train
18841,train
9109,train
13997,train
24095,train
4066,train
16363,train
23660,train
29439,train
6301,train
21052,train
21711,train
29090,train
11217,train
20438,train
3829,train
29135,train
5815,train
28021,train
3342,train
21124,train
19856,train
25453,train
16662,train
8964,train
15897,train
3012,train
7786,train
23847,train
11875,train
11826,train
9636,train
5015,train
12794,train
14699,train
2302,train
12933,train
19214,train
14271,train
3609,train
21736,train
740,train
3753,train
3166,train
8425,train
1512,train
24174,train
16616,train
13725,train
4351,train
18295,train
14151,train
13104,train
18188,train
28682,train
2369,train
16886,train
15987,train
9995,train
12209,train
23268,train
10115,train
4569,train
10868,train
26536,train
4623,train
28638,train
6025,train
18720,train
1681,train
1086,train
8173,train
27443,train
15592,train
15523,train
18783,train
3918,train
27426,train
2621,train
28534,train
12269,train
19194,train
1855,train
6607,train
3155,train
5480,train
24433,train
13652,train
3870,train
24047,train
8029,train
5544,train
21954,train
681,train
25515,train
10272,train
963,train
6992,train
23680,train
25817,train
18861,train
24426,train
24907,train
17191,train
30000,train
17703,train
28415,train
13404,train
19726,train
28090,train
21239,train
11322,train
20418,train
28387,train
26105,train
4413,train
30476,train
2856,train
3381,train
784,train
10374,train
16115,train
24572,train
10202,train
2458,train
11810,train
13122,train
3141,train
24263,train
7436,train
10542,train
21492,train
10763,train
10266,train
17211,train
13435,train
27332,train
8959,train
30516,train
8118,train
9021,train
25229,train
6940,train
26170,train
15051,train
29487,train
11867,train
1134,train
16235,train
20335,train
24416,train
12483,train
6685,train
22505,train
14513,train
4966,train
27318,train
30487,train
28876,train
11295,train
18539,train
4344,train
9614,train
25734,train
17208,train
5958,train
23030,train
4284,train
3565,train
23434,train
17141,train
8123,train
15817,train
20098,train
2158,train
20853,train
18534,train
8519,train
21657,train
13479,train
3167,train
25334,train
14371,train
7244,train
23624,train
8524,train
18254,train
25583,train
11930,train
25228,train
2360,train
13310,train
2882,train
23306,train
761,train
11420,train
11796,train
19547,train
1175,train
499,train
10225,train
25060,train
25313,train
1259,train
3905,train
11980,train
6129,train
7392,train
29860,train
12722,train
24091,train
26907,train
15289,train
30799,train
5176,train
870,train
19870,train
22500,train
9206,train
13195,train
1432,train
3915,train
9003,train
20896,train
20823,train
24607,train
2437,train
21100,train
10208,train
97,train
27584,train
15181,train
28997,train
30669,train
14007,train
4470,train
14239,train
6076,train
13352,train
15513,train
14379,train
8724,train
139,train
10691,train
7269,train
8048,train
15524,train
17560,train
16907,train
13732,train
29548,train
679,train
6390,train
9396,train
22105,train
24816,train
25887,train
21187,train
15343,train
25005,train
18909,train
20434,train
1851,train
7952,train
17179,train
17391,train
2442,train
29217,train
8154,train
11419,train
22437,train
8927,train
7413,train
14964,train
104,train
500,train
24595,train
23633,train
7462,train
30619,train
19548,train
13004,train
27399,train
22378,train
18267,train
17106,train
4629,train
4742,train
24936,train
3180,train
14524,train
11938,train
28264,train
23183,train
8895,train
11459,train
11818,train
14393,train
30279,train
25926,train
11733,train
4526,train
11541,train
25946,train
4039,train
12828,train
26636,train
14789,train
19738,train
12213,train
3268,train
3803,train
12548,train
28503,train
1498,train
24911,train
30239,train
19797,train
19611,train
26581,train
15703,train
19598,train
5556,train
11361,train
1807,train
7521,train
30464,train
14208,train
21283,train
29220,train
23422,train
25837,train
87,train
28268,train
21787,train
30431,train
4829,train
5152,train
4661,train
1819,train
2155,train
28729,train
23538,train
2159,train
22165,train
18214,train
668,train
5232,train
1040,train
10814,train
23742,train
24210,train
9334,train
28574,train
8298,train
17506,train
19948,train
15809,train
3660,train
20157,train
6140,train
14298,train
26308,train
4458,train
29145,train
5178,train
18176,train
24517,train
9252,train
18193,train
17381,train
27659,train
4570,train
10610,train
1500,train
2591,train
24728,train
28185,train
16333,train
4051,train
3922,train
24110,train
27224,train
20448,train
6889,train
17877,train
8610,train
8373,train
18844,train
20223,train
18637,train
20441,train
7425,train
2465,train
6922,train
2910,train
15388,train
12832,train
27829,train
17911,train
23657,train
27351,train
1493,train
19181,train
28538,train
25255,train
23923,train
131,train
13272,train
3863,train
2777,train
3225,train
24956,train
7876,train
23452,train
4007,train
8941,train
10875,train
8498,train
426,train
27460,train
8694,train
29188,train
21985,train
17708,train
6553,train
3454,train
3097,train
5377,train
27261,train
8546,train
21118,train
2868,train
13359,train
8900,train
26567,train
11986,train
4316,train
6546,train
29455,train
13053,train
13655,train
28420,train
22732,train
12704,train
5907,train
8928,train
5810,train
24783,train
24569,train
15818,train
8520,train
25620,train
15397,train
16942,train
9417,train
21845,train
24708,train
22225,train
23034,train
18492,train
11388,train
9212,train
7450,train
105,train
22520,train
13902,train
9194,train
10351,train
25639,train
29456,train
4061,train
1497,train
24928,train
2823,train
23798,train
29954,train
17383,train
7950,train
13617,train
15148,train
1518,train
29207,train
23838,train
23795,train
15399,train
29212,train
16157,train
27422,train
22976,train
13321,train
19384,train
15748,train
30181,train
30679,train
21495,train
9782,train
25613,train
1369,train
23835,train
3888,train
2624,train
431,train
5877,train
20102,train
26124,train
7232,train
12522,train
17302,train
23788,train
15965,train
21579,train
19095,train
3090,train
9151,train
13230,train
29436,train
29431,train
24050,train
28092,train
28762,train
28723,train
10625,train
21834,train
11156,train
417,train
1391,train
15364,train
10160,train
15772,train
7367,train
16862,train
23825,train
28773,train
10716,train
1921,train
24359,train
27660,train
3984,train
21922,train
6861,train
18307,train
23520,train
29497,train
18481,train
28689,train
28645,train
12516,train
5380,train
27571,train
15345,train
7805,train
5140,train
28815,train
13679,train
12783,train
27090,train
24998,train
14337,train
1274,train
4047,train
3778,train
10058,train
19586,train
13802,train
3358,train
17827,train
1438,train
29164,train
30197,train
27635,train
15754,train
2782,train
616,train
24568,train
3378,train
8251,train
2331,train
27718,train
27465,train
21002,train
13609,train
16316,train
26791,train
13086,train
28480,train
7357,train
7576,train
26989,train
22340,train
23699,train
27719,train
452,train
2252,train
26552,train
1118,train
13961,train
29811,train
9153,train
29568,train
28705,train
28616,train
5542,train
1228,train
26113,train
22988,train
15184,train
14982,train
27652,train
11292,train
17590,train
1649,train
16199,train
29604,train
21066,train
17233,train
3520,train
14469,train
20045,train
2748,train
21644,train
29542,train
6039,train
27835,train
7756,train
27740,train
19809,train
8537,train
8592,train
17488,train
6046,train
16364,train
30747,train
29491,train
21520,train
22992,train
30122,train
55,train
24493,train
1585,train
2343,train
25344,train
1235,train
878,train
22838,train
17493,train
10270,train
21149,train
17091,train
12295,train
28407,train
9842,train
1748,train
9933,train
24420,train
8269,train
22204,train
11121,train
22266,train
9492,train
17963,train
14900,train
22220,train
11027,train
2512,train
23672,train
22723,train
4876,train
6724,train
22655,train
22993,train
13661,train
22621,train
3933,train
8638,train
7127,train
19247,train
16330,train
26416,train
12542,train
1986,train
24212,train
12033,train
16175,train
18847,train
9672,train
18870,train
18169,train
28624,train
12005,train
16613,train
21325,train
11504,train
26130,train
19364,train
3293,train
10815,train
24955,train
29933,train
25857,train
1379,train
26283,train
5194,train
17375,train
10464,train
16232,train
5508,train
11005,train
22699,train
15135,train
8912,train
18827,train
14943,train
30071,train
19747,train
1713,train
12112,train
29098,train
24796,train
12662,train
11698,train
3344,train
10165,train
17831,train
28261,train
11330,train
7440,train
23891,train
11384,train
21667,train
2603,train
14622,train
23715,train
15386,train
19396,train
10329,train
8957,train
5104,train
5942,train
10188,train
1053,train
13527,train
23277,train
11194,train
22280,train
17057,train
29939,train
14287,train
4312,train
220,train
16052,train
5156,train
1496,train
26841,train
3468,train
24261,train
2265,train
3944,train
4713,train
364,train
23753,train
4941,train
26392,train
940,train
1383,train
6920,train
24608,train
5226,train
20482,train
6336,train
28555,train
28658,train
14700,train
5630,train
1722,train
22630,train
488,train
24863,train
14833,train
26259,train
27147,train
24374,train
23350,train
11397,train
27585,train
23700,train
1333,train
20742,train
27688,train
12881,train
14697,train
9302,train
14342,train
9146,train
15570,train
13495,train
28515,train
14499,train
9734,train
10300,train
18435,train
27496,train
23859,train
28852,train
29304,train
15069,train
16460,train
29082,train
10065,train
9187,train
10449,train
28995,train
14125,train
18781,train
7236,train
28204,train
15154,train
23617,train
29640,train
23843,train
12142,train
9895,train
25317,train
25000,train
15522,train
20342,train
2575,train
5823,train
4449,train
30685,train
11272,train
244,train
25137,train
17277,train
20850,train
17612,train
25421,train
28168,train
11689,train
3529,train
20758,train
12590,train
9982,train
9962,train
26378,train
27063,train
7304,train
23257,train
14110,train
26562,train
6719,train
16592,train
11174,train
9320,train
27146,train
11435,train
16436,train
2237,train
23764,train
18386,train
16834,train
15257,train
10107,train
21786,train
8486,train
14047,train
13836,train
5463,train
12666,train
19852,train
28796,train
8609,train
4726,train
472,train
6907,train
27109,train
22610,train
22030,train
18246,train
8517,train
28272,train
12147,train
11843,train
2864,train
15956,train
22058,train
8143,train
10697,train
11996,train
18529,train
23421,train
7875,train
1829,train
5433,train
5639,train
5081,train
26633,train
6902,train
8671,train
21606,train
24207,train
14568,train
6739,train
15663,train
28900,train
8368,train
26424,train
8834,train
17354,train
29202,train
8675,train
23493,train
22230,train
22036,train
8529,train
8620,train
14743,train
14664,train
23774,train
13967,train
27603,train
30373,train
14138,train
8848,train
15801,train
1959,train
9325,train
970,train
12573,train
5821,train
16149,train
12046,train
10273,train
6640,train
3672,train
11450,train
5549,train
14642,train
17775,train
28730,train
25939,train
16422,train
876,train
10928,train
7694,train
910,train
14690,train
12721,train
23000,train
15527,train
6169,train
28748,train
18348,train
2274,train
27992,train
20250,train
25538,train
6705,train
6973,train
26661,train
3543,train
1128,train
20526,train
2952,train
26129,train
13874,train
5233,train
9824,train
1094,train
19324,train
11513,train
21267,train
30761,train
2163,train
15201,train
5538,train
9337,train
2950,train
26185,train
12661,train
10565,train
4274,train
1041,train
16965,train
18426,train
27578,train
22806,train
26109,train
13523,train
13700,train
21203,train
26438,train
21080,train
1677,train
7056,train
19158,train
25881,train
29823,train
12991,train
26640,train
3494,train
20352,train
12880,train
2940,train
28366,train
1761,train
21807,train
8757,train
26645,train
24052,train
29537,train
6281,train
10853,train
3954,train
9148,train
7693,train
9168,train
8376,train
23212,train
13538,train
21508,train
17873,train
15708,train
21725,train
6043,train
1729,train
28669,train
12737,train
20326,train
7365,train
21154,train
28162,train
13504,train
15284,train
22013,train
12546,train
24504,train
14547,train
6765,train
1361,train
15336,train
6851,train
27462,train
24129,train
2364,train
6332,train
22351,train
22307,train
12026,train
18001,train
22898,train
24593,train
29133,train
9570,train
19237,train
21744,train
18698,train
4838,train
16311,train
24707,train
6733,train
20632,train
10668,train
17748,train
26726,train
27452,train
23805,train
6217,train
25259,train
26196,train
30121,train
16622,train
22430,train
4785,train
10941,train
23368,train
17180,train
29945,train
25681,train
28370,train
7175,train
25002,train
11240,train
24582,train
10530,train
18332,train
7385,train
26971,train
12021,train
28309,train
9269,train
27170,train
14436,train
22509,train
22180,train
10105,train
13020,train
28109,train
3374,train
30662,train
10967,train
10951,train
4030,train
18777,train
24240,train
10364,train
28239,train
3016,train
549,train
10883,train
27175,train
4953,train
2938,train
22428,train
30109,train
15258,train
17214,train
14924,train
7027,train
26128,train
13348,train
29245,train
30215,train
2058,train
7549,train
15192,train
13825,train
26492,train
22112,train
15000,train
28139,train
9604,train
17460,train
8323,train
6484,train
12234,train
17526,train
22083,train
2216,train
17786,train
15868,train
1439,train
9605,train
14567,train
9470,train
4443,train
976,train
23919,train
6838,train
6446,train
22311,train
5080,train
6071,train
7424,train
11142,train
5116,train
5448,train
2888,train
9875,train
11300,train
14534,train
9404,train
11820,train
2606,train
8586,train
23391,train
20546,train
6944,train
21219,train
27356,train
14024,train
27637,train
13423,train
6372,train
4562,train
16068,train
20341,train
24953,train
30390,train
20843,train
19155,train
7941,train
30507,train
14498,train
20392,train
12977,train
15319,train
19336,train
9592,train
20653,train
16388,train
7205,train
18625,train
10141,train
29277,train
4224,train
23259,train
1700,train
22819,train
15683,train
13697,train
21147,train
25132,train
3764,train
7372,train
28320,train
9681,train
22416,train
22250,train
14710,train
30705,train
2581,train
25083,train
20604,train
10838,train
18220,train
17451,train
9238,train
16506,train
15780,train
19086,train
19629,train
29159,train
19969,train
8461,train
18313,train
14845,train
17206,train
20340,train
26096,train
14939,train
19929,train
18761,train
28112,train
24035,train
13710,train
16877,train
20856,train
9693,train
5037,train
23584,train
5683,train
27666,train
13483,train
30566,train
5490,train
31,train
15581,train
26463,train
14091,train
13938,train
26799,train
9987,train
15734,train
363,train
17045,train
18055,train
24118,train
14131,train
22872,train
27975,train
12526,train
8469,train
3459,train
12409,train
11089,train
15821,train
26530,train
10895,train
30287,train
1375,train
20249,train
7460,train
24861,train
13963,train
19962,train
17981,train
5853,train
27856,train
28070,train
9504,train
13796,train
17838,train
23304,train
5593,train
26388,train
9465,train
22259,train
22331,train
18451,train
12705,train
18230,train
16479,train
25312,train
4824,train
8158,train
10995,train
22095,train
6423,train
19476,train
1511,train
16649,train
16150,train
25794,train
21376,train
14640,train
19252,train
30414,train
19526,train
14440,train
14931,train
4480,train
23605,train
2498,train
16030,train
29457,train
15479,train
13208,train
27238,train
15142,train
22895,train
2874,train
1595,train
3501,train
14897,train
11158,train
29442,train
23449,train
21753,train
9823,train
3950,train
27695,train
26122,train
22514,train
15594,train
20680,train
4327,train
21368,train
30426,train
17829,train
8175,train
20405,train
18007,train
15232,train
24331,train
8627,train
13202,train
11283,train
22309,train
29520,train
22475,train
12634,train
21642,train
16327,train
20162,train
27784,train
22338,train
12038,train
26093,train
3850,train
28331,train
20414,train
11877,train
20219,train
9726,train
29809,train
26331,train
25392,train
16880,train
25839,train
4213,train
7399,train
12208,train
10157,train
8236,train
11606,train
7678,train
19617,train
28166,train
30766,train
24380,train
19199,train
24206,train
330,train
22542,train
22202,train
860,train
7319,train
28684,train
23756,train
19356,train
23560,train
17720,train
30327,train
7500,train
27736,train
4407,train
27849,train
18582,train
2763,train
29424,train
15866,train
20829,train
3027,train
12611,train
9081,train
4747,train
10650,train
11539,train
23800,train
25462,train
3987,train
14611,train
14054,train
29599,train
13806,train
314,train
18436,train
13229,train
10966,train
3313,train
27754,train
22387,train
6437,train
1622,train
18714,train
24862,train
7189,train
26647,train
9487,train
2009,train
6665,train
26747,train
18925,train
18856,train
4022,train
9455,train
19575,train
22945,train
28046,train
16233,train
8363,train
12079,train
11859,train
13018,train
28909,train
17149,train
132,train
2989,train
2118,train
27447,train
4900,train
23360,train
28237,train
1284,train
24532,train
24453,train
1390,train
6999,train
2501,train
10741,train
12944,train
6564,train
2975,train
19075,train
7196,train
9008,train
27890,train
28451,train
10125,train
21596,train
22292,train
19591,train
14938,train
27801,train
4797,train
28724,train
15227,train
16756,train
13765,train
25912,train
12972,train
10064,train
26293,train
22813,train
16533,train
9061,train
3495,train
530,train
17581,train
4374,train
1520,train
3541,train
27680,train
11325,train
20202,train
9937,train
27743,train
9928,train
9304,train
756,train
28965,train
1313,train
30480,train
25907,train
24799,train
18449,train
2186,train
11416,train
17098,train
10973,train
14480,train
22130,train
15439,train
23349,train
3977,train
4140,train
14770,train
17361,train
27654,train
20975,train
19175,train
15544,train
17406,train
11093,train
20619,train
26202,train
15541,train
3916,train
11103,train
30306,train
12537,train
15493,train
11752,train
4353,train
27118,train
11545,train
16292,train
15668,train
18207,train
8475,train
27088,train
2280,train
20728,train
17500,train
6695,train
25687,train
11492,train
16739,train
18173,train
22476,train
30556,train
26491,train
13210,train
23811,train
3229,train
22212,train
2716,train
3340,train
19439,train
5190,train
28483,train
5067,train
13399,train
7492,train
24142,train
5069,train
7342,train
6128,train
26282,train
6329,train
22001,train
9912,train
27682,train
2387,train
7147,train
14456,train
27832,train
21749,train
4414,train
13539,train
14779,train
1509,train
9771,train
20258,train
1637,train
25061,train
18673,train
18355,train
25401,train
9442,train
14677,train
12199,train
24551,train
10709,train
30586,train
23402,train
16950,train
1389,train
23768,train
5511,train
13232,train
17601,train
14303,train
277,train
29268,train
30391,train
2482,train
20504,train
16617,train
13775,train
6579,train
19116,train
16740,train
27131,train
20898,train
4027,train
26393,train
25088,train
10204,train
7966,train
2189,train
21773,train
21930,train
27639,train
9453,train
25100,train
21995,train
15638,train
30293,train
5091,train
1459,train
9362,train
24808,train
9379,train
6841,train
4271,train
14500,train
788,train
20644,train
11786,train
10919,train
6027,train
22590,train
2793,train
27196,train
24758,train
15983,train
4010,train
5352,train
4558,train
11973,train
7804,train
15882,train
27861,train
4663,train
16322,train
21739,train
25007,train
23523,train
13242,train
25816,train
9353,train
29735,train
17374,train
12201,train
10150,train
28519,train
16206,train
13792,train
7598,train
2293,train
13050,train
30745,train
24667,train
23224,train
25953,train
16183,train
2133,train
7181,train
11566,train
2120,train
30624,train
27071,train
7888,train
16908,train
14512,train
8873,train
27742,train
962,train
28269,train
9818,train
7105,train
16237,train
11605,train
10584,train
5951,train
1107,train
18051,train
14465,train
10533,train
10516,train
11172,train
4491,train
16546,train
8793,train
10900,train
29757,train
19714,train
8358,train
3038,train
22065,train
27738,train
28382,train
19030,train
14983,train
15035,train
26824,train
19423,train
16520,train
15949,train
28481,train
13101,train
30680,train
5887,train
18326,train
19911,train
5344,train
25376,train
15487,train
4690,train
9018,train
8699,train
29026,train
27407,train
4484,train
17172,train
1203,train
14467,train
28234,train
17204,train
23455,train
23550,train
18144,train
26984,train
22940,train
19480,train
13819,train
12323,train
13519,train
28434,train
2013,train
2595,train
20233,train
9118,train
7286,train
7144,train
29571,train
14831,train
8588,train
3631,train
24927,train
18199,train
24954,train
17178,train
17275,train
29902,train
11017,train
17512,train
802,train
6182,train
15803,train
5611,train
7162,train
9917,train
9388,train
2020,train
21302,train
982,train
10629,train
24822,train
20918,train
16180,train
8729,train
29076,train
23518,train
14618,train
21712,train
9619,train
23580,train
11510,train
20901,train
6279,train
14985,train
1484,train
25268,train
27953,train
13301,train
4934,train
17591,train
6750,train
1965,train
12790,train
12529,train
728,train
25049,train
30388,train
28210,train
19916,train
2483,train
4460,train
18082,train
7846,train
2145,train
13893,train
20204,train
19378,train
129,train
26973,train
23188,train
5893,train
30478,train
18002,train
4087,train
8049,train
6759,train
1067,train
12631,train
16474,train
16547,train
6042,train
21841,train
362,train
2584,train
13782,train
8533,train
3612,train
14692,train
6467,train
5012,train
17542,train
1030,train
25023,train
5915,train
6545,train
5283,train
9161,train
5071,train
28731,train
12980,train
1784,train
26303,train
18982,train
13513,train
25696,train
23238,train
23785,train
22787,train
22830,train
1901,train
30634,train
13475,train
15625,train
18508,train
1083,train
12417,train
10746,train
7160,train
7016,train
10911,train
9199,train
15635,train
30149,train
1479,train
4208,train
1830,train
5073,train
5943,train
11053,train
2090,train
18773,train
1925,train
26078,train
27304,train
8682,train
19605,train
12158,train
23242,train
6968,train
8386,train
16702,train
25958,train
1342,train
9412,train
18407,train
7099,train
8068,train
5051,train
24555,train
11087,train
25540,train
11149,train
27007,train
12658,train
27212,train
28017,train
10159,train
7630,train
24290,train
12082,train
13607,train
26532,train
23748,train
12316,train
22782,train
8697,train
24332,train
26126,train
14033,train
10134,train
3294,train
24026,train
12197,train
7371,train
13347,train
24789,train
21729,train
11445,train
25640,train
19422,train
20430,train
3695,train
6310,train
30621,train
7387,train
16013,train
29557,train
12678,train
10002,train
13994,train
4546,train
30418,train
12577,train
4642,train
22863,train
19387,train
8550,train
11979,train
12887,train
21780,train
18590,train
22219,train
17756,train
23856,train
14556,train
23282,train
12050,train
4804,train
10933,train
22710,train
5400,train
13872,train
16930,train
13919,train
10441,train
8954,train
9941,train
25948,train
29963,train
30016,train
12154,train
1872,train
16415,train
25819,train
9744,train
25285,train
24032,train
6377,train
9496,train
21538,train
20110,train
5228,train
22849,train
22006,train
10108,train
14773,train
2516,train
6346,train
9285,train
24916,train
16400,train
15467,train
10212,train
25009,train
14441,train
14160,train
10246,train
6664,train
6787,train
12462,train
11145,train
12867,train
19430,train
3434,train
16360,train
15433,train
6696,train
7648,train
19892,train
22905,train
14044,train
10848,train
22423,train
9948,train
24258,train
15057,train
28470,train
6379,train
25845,train
26017,train
6410,train
319,train
20773,train
10798,train
14084,train
9185,train
8611,train
20191,train
22878,train
17306,train
24418,train
16448,train
2991,train
3816,train
18986,train
13054,train
23611,train
2833,train
7020,train
29508,train
10636,train
4478,train
15239,train
4540,train
7474,train
6270,train
27018,train
20882,train
449,train
26721,train
8238,train
7350,train
24985,train
2722,train
5950,train
8267,train
11410,train
15223,train
21393,train
24001,train
10921,train
8716,train
16367,train
13542,train
7188,train
21965,train
25481,train
22241,train
3511,train
26255,train
1567,train
18245,train
15134,train
26076,train
16512,train
14112,train
17990,train
17295,train
26763,train
895,train
9551,train
15259,train
4995,train
2746,train
9288,train
10033,train
28253,train
5918,train
25590,train
3486,train
14409,train
24640,train
4389,train
4994,train
14893,train
2393,train
12751,train
25241,train
20019,train
24328,train
4102,train
7403,train
4098,train
7498,train
25964,train
27769,train
4133,train
25872,train
21173,train
4297,train
13071,train
3833,train
9414,train
20390,train
20801,train
9074,train
27104,train
24324,train
24209,train
1262,train
5900,train
1603,train
9360,train
8918,train
9931,train
4906,train
2673,train
7699,train
30620,train
1176,train
4214,train
9970,train
29119,train
25332,train
19702,train
17448,train
6849,train
13766,train
20914,train
24061,train
3914,train
8412,train
21175,train
25256,train
8495,train
25338,train
23358,train
23414,train
22381,train
3217,train
171,train
18219,train
465,train
780,train
9820,train
844,train
25394,train
20145,train
9233,train
27395,train
7201,train
12240,train
4583,train
21799,train
22909,train
9290,train
7664,train
13669,train
20271,train
14680,train
23626,train
6092,train
17747,train
6112,train
6707,train
15354,train
12947,train
15634,train
5613,train
30246,train
17595,train
24670,train
2815,train
13594,train
10616,train
21205,train
19735,train
18905,train
24020,train
29672,train
21471,train
2900,train
25178,train
3775,train
26612,train
22454,train
9906,train
5587,train
798,train
10367,train
30760,train
21378,train
533,train
9786,train
9042,train
12469,train
22173,train
1388,train
11173,train
19766,train
28592,train
25133,train
20393,train
18638,train
9135,train
2011,train
13751,train
18398,train
14201,train
4853,train
20308,train
17795,train
25073,train
27760,train
29000,train
24279,train
6517,train
15555,train
25685,train
16945,train
19954,train
20517,train
7293,train
27792,train
10908,train
15616,train
15444,train
6298,train
26114,train
29389,train
17407,train
11886,train
4048,train
10158,train
12140,train
7283,train
11205,train
8582,train
18727,train
2771,train
24618,train
2005,train
4223,train
25720,train
10619,train
7183,train
19179,train
228,train
28344,train
26227,train
12862,train
22390,train
13804,train
25238,train
4766,train
8593,train
12800,train
2452,train
10073,train
24617,train
25351,train
22161,train
6307,train
6101,train
6835,train
2021,train
25924,train
17456,train
10244,train
26010,train
4302,train
28265,train
19381,train
18723,train
28698,train
6055,train
13005,train
2569,train
26690,train
29814,train
29689,train
28169,train
5971,train
27802,train
23105,train
17576,train
21043,train
15738,train
25983,train
26316,train
23178,train
2760,train
10438,train
9542,train
26761,train
7044,train
26203,train
24150,train
10687,train
5506,train
18226,train
15407,train
7434,train
30539,train
4571,train
21412,train
23017,train
17769,train
16507,train
6601,train
4777,train
19321,train
12681,train
26263,train
13828,train
21445,train
12,train
21859,train
22900,train
18821,train
28935,train
22501,train
7948,train
10964,train
11561,train
23377,train
28439,train
19821,train
12736,train
8375,train
23254,train
2685,train
15528,train
4508,train
17550,train
29399,train
18568,train
25992,train
21023,train
13660,train
10754,train
4650,train
17347,train
17628,train
7624,train
7233,train
880,train
24924,train
11488,train
30386,train
5982,train
18419,train
25664,train
2167,train
26473,train
26299,train
27509,train
3640,train
29942,train
20129,train
956,train
2993,train
26521,train
22323,train
27657,train
21863,train
27359,train
22538,train
27333,train
22429,train
25253,train
2653,train
26297,train
16249,train
15958,train
4198,train
11490,train
1105,train
4181,train
25871,train
14669,train
7885,train
1604,train
13935,train
22614,train
20699,train
12726,train
1155,train
28188,train
13317,train
29510,train
24475,train
4604,train
22790,train
30699,train
29004,train
9822,train
1025,train
15885,train
1787,train
14288,train
10192,train
19689,train
6620,train
11771,train
20939,train
15899,train
4204,train
24501,train
19733,train
30230,train
14919,train
13287,train
18544,train
17899,train
3188,train
553,train
6461,train
14608,train
1672,train
8825,train
26527,train
18929,train
2774,train
20486,train
7255,train
3197,train
2557,train
17507,train
4957,train
15030,train
1532,train
22949,train
10041,train
8845,train
24283,train
19182,train
25503,train
26610,train
25354,train
13366,train
15585,train
4168,train
26230,train
18700,train
28036,train
21450,train
7468,train
23169,train
14293,train
9300,train
23279,train
25774,train
2641,train
17265,train
28942,train
25122,train
418,train
28277,train
14046,train
20476,train
25930,train
20760,train
5801,train
17049,train
17886,train
23922,train
19393,train
4242,train
29882,train
10722,train
23356,train
5325,train
14886,train
29039,train
21268,train
30416,train
13830,train
13630,train
15964,train
2738,train
2010,train
14724,train
6308,train
28487,train
29150,train
384,train
16035,train
7998,train
15515,train
27366,train
9278,train
1066,train
8756,train
987,train
18846,train
23078,train
27980,train
14656,train
8264,train
11674,train
7212,train
10866,train
13625,train
16277,train
19058,train
18616,train
17189,train
6662,train
16100,train
10818,train
794,train
1047,train
30234,train
10791,train
28600,train
20639,train
26118,train
7942,train
15925,train
5009,train
28392,train
24287,train
10404,train
23574,train
11281,train
9485,train
12187,train
3720,train
8227,train
25410,train
13553,train
27710,train
12461,train
25498,train
14186,train
2582,train
29829,train
6622,train
28752,train
20364,train
5425,train
3733,train
15304,train
14674,train
22681,train
30518,train
18233,train
3516,train
21247,train
18770,train
2354,train
24072,train
9643,train
2873,train
7333,train
2148,train
19427,train
24178,train
11692,train
28433,train
3107,train
8106,train
9910,train
28548,train
23879,train
22885,train
15682,train
15900,train
25691,train
9440,train
17411,train
24549,train
7439,train
29001,train
3415,train
753,train
23418,train
26622,train
21313,train
29842,train
28506,train
19291,train
11037,train
8361,train
26953,train
10899,train
2282,train
22775,train
28404,train
1600,train
9994,train
25879,train
28537,train
17161,train
13023,train
14072,train
2111,train
18200,train
9120,train
11987,train
6483,train
8720,train
14446,train
1165,train
15811,train
9363,train
11799,train
17130,train
12495,train
18604,train
21668,train
21870,train
1188,train
20983,train
11939,train
21320,train
4203,train
8053,train
23163,train
18873,train
18484,train
24045,train
792,train
22918,train
13163,train
5807,train
12752,train
734,train
16473,train
14648,train
2494,train
16489,train
3405,train
19465,train
14546,train
21253,train
20144,train
16734,train
13570,train
18565,train
835,train
9573,train
23778,train
15101,train
29051,train
7146,train
24993,train
6954,train
26969,train
3789,train
5733,train
21009,train
13506,train
30618,train
29750,train
5349,train
5598,train
19344,train
19309,train
7822,train
12981,train
6226,train
20495,train
14701,train
22645,train
7879,train
22464,train
4728,train
16704,train
19538,train
16535,train
7629,train
17996,train
25158,train
16695,train
28249,train
10531,train
25534,train
19006,train
25568,train
19836,train
4521,train
7245,train
3824,train
17851,train
11783,train
26906,train
1924,train
7155,train
14192,train
12284,train
5144,train
1179,train
12356,train
30027,train
20953,train
827,train
3084,train
9186,train
25348,train
14476,train
21150,train
19656,train
24299,train
17080,train
5059,train
27574,train
11085,train
30598,train
16067,train
5576,train
17416,train
15287,train
19782,train
12468,train
12312,train
3551,train
1624,train
24054,train
10829,train
4852,train
27244,train
16429,train
20970,train
24923,train
12093,train
4693,train
7292,train
11346,train
15301,train
29774,train
715,train
17704,train
7605,train
16871,train
15010,train
28635,train
19071,train
1606,train
16684,train
2199,train
24140,train
26874,train
7557,train
3029,train
26132,train
29777,train
25234,train
3795,train
7060,train
15424,train
9624,train
26104,train
26624,train
16842,train
20444,train
23227,train
14328,train
26472,train
1870,train
4603,train
17292,train
18943,train
7906,train
24385,train
24940,train
5021,train
11705,train
2445,train
9904,train
28558,train
13437,train
9629,train
869,train
12472,train
7389,train
28530,train
10929,train
21860,train
25340,train
26653,train
2365,train
12484,train
20627,train
18013,train
3580,train
25518,train
5567,train
24989,train
2747,train
14404,train
25289,train
10913,train
17365,train
16868,train
21056,train
17696,train
16458,train
27799,train
16714,train
11969,train
13682,train
23331,train
22978,train
21827,train
6827,train
17164,train
1058,train
30591,train
565,train
25183,train
8335,train
9728,train
9382,train
28875,train
4459,train
1406,train
17636,train
19912,train
20687,train
8410,train
24600,train
7768,train
28313,train
29130,train
10331,train
11885,train
7079,train
25066,train
16554,train
16165,train
12192,train
13663,train
6421,train
19228,train
28799,train
17822,train
28055,train
8541,train
6582,train
7542,train
8055,train
21282,train
8099,train
21351,train
15766,train
27952,train
27100,train
24039,train
7919,train
26773,train
16144,train
25194,train
12405,train
25216,train
4328,train
12220,train
29782,train
30119,train
758,train
28841,train
1650,train
27195,train
23505,train
6910,train
17610,train
26449,train
18557,train
951,train
26942,train
14294,train
27396,train
4138,train
20432,train
20701,train
14418,train
13011,train
5481,train
30120,train
22316,train
12157,train
11639,train
16055,train
11365,train
4174,train
14873,train
6962,train
21223,train
93,train
4599,train
12810,train
4810,train
28000,train
27870,train
16332,train
7992,train
670,train
30034,train
24217,train
3912,train
25117,train
4343,train
29483,train
24768,train
14198,train
16215,train
5874,train
12961,train
23004,train
8440,train
13256,train
2791,train
23216,train
1582,train
24524,train
22573,train
16539,train
27246,train
9637,train
17481,train
14523,train
13047,train
24482,train
2007,train
29139,train
2684,train
9766,train
30544,train
12223,train
30322,train
10255,train
24356,train
27732,train
10493,train
16425,train
28686,train
29284,train
26351,train
2898,train
28812,train
21294,train
19946,train
30570,train
18906,train
13060,train
13517,train
19855,train
7798,train
28603,train
26806,train
11484,train
22736,train
1857,train
9631,train
13166,train
24897,train
30127,train
9808,train
16784,train
14807,train
24134,train
6292,train
6420,train
3761,train
28126,train
25725,train
3000,train
30212,train
11266,train
19900,train
8313,train
9299,train
3082,train
21410,train
15863,train
5686,train
1196,train
18218,train
11929,train
14928,train
28048,train
1162,train
23667,train
9274,train
21745,train
21181,train
14501,train
8884,train
11214,train
24881,train
10030,train
1386,train
5114,train
19719,train
22994,train
12939,train
5627,train
2790,train
23766,train
21213,train
20232,train
21623,train
11620,train
12186,train
3847,train
28011,train
27511,train
30348,train
25301,train
6049,train
27638,train
20762,train
11317,train
16492,train
23890,train
23607,train
28882,train
10723,train
29734,train
16027,train
10369,train
25491,train
17975,train
22040,train
9838,train
9829,train
8542,train
4315,train
14767,train
28317,train
22434,train
2752,train
4450,train
18933,train
17944,train
29049,train
3273,train
11385,train
28025,train
5257,train
17956,train
22185,train
24121,train
25232,train
25407,train
994,train
14588,train
23631,train
10819,train
2449,train
13257,train
9648,train
29700,train
9836,train
10284,train
23930,train
22927,train
6153,train
21848,train
5364,train
3736,train
29937,train
19044,train
1609,train
26770,train
10925,train
25586,train
2378,train
16892,train
178,train
1899,train
16566,train
1308,train
9279,train
12419,train
28010,train
15580,train
29476,train
1454,train
25943,train
25031,train
20737,train
21817,train
30080,train
6706,train
11958,train
1261,train
12931,train
21071,train
29115,train
14106,train
1337,train
4926,train
13603,train
4909,train
21762,train
20937,train
24948,train
15911,train
30252,train
17558,train
2626,train
9967,train
1778,train
16056,train
4660,train
17466,train
19874,train
27058,train
27345,train
19578,train
4331,train
751,train
18567,train
5691,train
19945,train
5222,train
8987,train
27354,train
28732,train
19812,train
5137,train
27485,train
18056,train
6671,train
19615,train
24125,train
3041,train
23453,train
18489,train
20922,train
8473,train
12326,train
29055,train
6996,train
14803,train
26088,train
17221,train
10548,train
275,train
28850,train
14373,train
22404,train
26746,train
5313,train
12879,train
22142,train
28675,train
12517,train
13282,train
24842,train
28405,train
8332,train
30639,train
8545,train
16755,train
21470,train
2171,train
6877,train
5956,train
29711,train
10604,train
18208,train
26456,train
1471,train
16575,train
15624,train
212,train
8829,train
30711,train
7673,train
17235,train
10985,train
18617,train
5323,train
6906,train
23581,train
7769,train
29893,train
3709,train
8493,train
5766,train
13402,train
22269,train
4674,train
11140,train
13649,train
25951,train
30147,train
3614,train
11597,train
30789,train
18716,train
14247,train
4166,train
28987,train
21045,train
26357,train
10796,train
14847,train
27258,train
21274,train
23354,train
12363,train
18678,train
28038,train
14018,train
1300,train
18999,train
4437,train
22811,train
17694,train
18674,train
10888,train
18437,train
10018,train
27480,train
4519,train
3430,train
13223,train
25896,train
27226,train
21656,train
12919,train
1084,train
4008,train
30733,train
3838,train
7616,train
5911,train
8380,train
599,train
27011,train
17336,train
5063,train
17311,train
4442,train
27721,train
30727,train
8899,train
14764,train
164,train
5862,train
12707,train
454,train
23332,train
13800,train
17934,train
4647,train
8259,train
24603,train
119,train
16334,train
10844,train
16103,train
2471,train
4313,train
17867,train
28864,train
23728,train
16673,train
28509,train
6351,train
5674,train
26070,train
11299,train
7735,train
13143,train
10032,train
6848,train
24098,train
14792,train
8007,train
9596,train
29776,train
16893,train
11302,train
26300,train
17952,train
9735,train
15408,train
338,train
4141,train
10440,train
16341,train
15590,train
8254,train
3256,train
28879,train
7511,train
72,train
25148,train
14242,train
16658,train
28550,train
6888,train
3013,train
22110,train
18527,train
20275,train
20784,train
25456,train
16678,train
12925,train
14195,train
10239,train
15122,train
20818,train
27140,train
5074,train
19449,train
5485,train
8050,train
21681,train
13465,train
6478,train
15857,train
21194,train
5359,train
8607,train
4445,train
13916,train
118,train
10993,train
28776,train
26183,train
15716,train
6249,train
13324,train
25205,train
10580,train
16610,train
185,train
5436,train
29425,train
19757,train
30769,train
21992,train
19646,train
11489,train
21214,train
20058,train
23712,train
21033,train
14878,train
14375,train
1023,train
21380,train
5964,train
7046,train
25935,train
5721,train
30449,train
28808,train
12723,train
7996,train
12145,train
16579,train
23629,train
29916,train
30459,train
9656,train
6593,train
8471,train
6748,train
1806,train
25271,train
3066,train
13929,train
8646,train
16992,train
29554,train
15032,train
6392,train
17300,train
17673,train
10322,train
29791,train
10684,train
11304,train
20551,train
3142,train
28627,train
23065,train
10312,train
15633,train
6912,train
20624,train
7552,train
17334,train
7589,train
12816,train
17902,train
560,train
30546,train
15793,train
15024,train
28458,train
23926,train
7271,train
27295,train
21479,train
5060,train
4356,train
29549,train
7703,train
22979,train
3801,train
15314,train
14169,train
19366,train
4036,train
18314,train
11535,train
28672,train
24189,train
17839,train
10758,train
24932,train
12875,train
28140,train
25270,train
29084,train
11204,train
20903,train
27686,train
14383,train
18431,train
20117,train
20588,train
7750,train
3587,train
21506,train
7214,train
27663,train
8104,train
13216,train
11961,train
18697,train
20225,train
9684,train
22402,train
18319,train
18256,train
2431,train
10769,train
6016,train
13453,train
21373,train
11479,train
15466,train
23190,train
25641,train
24322,train
30495,train
10295,train
13488,train
24937,train
20585,train
4431,train
27979,train
26058,train
10063,train
5097,train
9374,train
28449,train
29269,train
9700,train
11623,train
10296,train
6432,train
18766,train
30117,train
3821,train
29992,train
17919,train
5187,train
5128,train
22996,train
23303,train
28904,train
11254,train
22914,train
16620,train
22658,train
11455,train
21541,train
13252,train
7173,train
19066,train
7280,train
22960,train
11327,train
7762,train
22527,train
18323,train
30565,train
16105,train
5959,train
8252,train
189,train
13076,train
3974,train
27340,train
12354,train
14014,train
18886,train
2168,train
3553,train
20694,train
22363,train
23220,train
1913,train
13156,train
2879,train
21912,train
7755,train
29411,train
7035,train
23652,train
657,train
28518,train
12905,train
29813,train
17818,train
412,train
26777,train
2820,train
16614,train
2997,train
3111,train
1211,train
15026,train
2307,train
7278,train
15061,train
1108,train
12773,train
14055,train
25920,train
1226,train
28235,train
20442,train
1992,train
19622,train
27320,train
590,train
11894,train
21120,train
9652,train
7543,train
9831,train
1501,train
5682,train
16179,train
30206,train
280,train
10499,train
7055,train
20982,train
15074,train
6306,train
30370,train
7738,train
24821,train
24995,train
26579,train
2861,train
20306,train
10809,train
12561,train
27365,train
15814,train
8240,train
27617,train
644,train
15092,train
1711,train
12268,train
15136,train
25395,train
154,train
22704,train
5337,train
20777,train
17142,train
23252,train
10263,train
26238,train
5945,train
10337,train
27405,train
11468,train
16806,train
25938,train
17589,train
8945,train
3440,train
8263,train
9381,train
2780,train
14563,train
17582,train
17022,train
11059,train
29715,train
26322,train
27453,train
27594,train
15431,train
28733,train
11626,train
28355,train
10425,train
8534,train
19063,train
2456,train
5440,train
28251,train
6177,train
10917,train
2600,train
29940,train
1699,train
21416,train
17732,train
17390,train
20906,train
11349,train
27671,train
3677,train
122,train
23885,train
17618,train
16116,train
17684,train
22154,train
23592,train
26797,train
8383,train
12976,train
8963,train
20001,train
25371,train
6650,train
24990,train
2990,train
17783,train
16413,train
11437,train
16291,train
25990,train
16947,train
19876,train
20097,train
29556,train
27474,train
26470,train
19695,train
15272,train
22478,train
8340,train
19217,train
26119,train
14035,train
5429,train
5789,train
6807,train
26549,train
30456,train
29354,train
29272,train
14104,train
18113,train
30701,train
19698,train
9835,train
6930,train
12488,train
20323,train
29340,train
29988,train
15807,train
440,train
22111,train
23555,train
12967,train
28250,train
27944,train
21425,train
8557,train
14582,train
18620,train
18171,train
14935,train
29768,train
25250,train
11141,train
12465,train
19469,train
30131,train
18212,train
7784,train
15579,train
4513,train
15737,train
11943,train
1104,train
7437,train
23425,train
25546,train
29174,train
17337,train
12338,train
26415,train
19721,train
5367,train
28026,train
16927,train
24983,train
10750,train
3980,train
5229,train
17997,train
6167,train
19281,train
23716,train
27151,train
547,train
7240,train
13024,train
9484,train
5181,train
2099,train
19031,train
30673,train
24591,train
16582,train
15097,train
22659,train
18740,train
12352,train
15270,train
11026,train
16278,train
8687,train
281,train
4794,train
21635,train
28373,train
2094,train
10689,train
6797,train
15381,train
7491,train
29522,train
6019,train
17501,train
24177,train
3666,train
17695,train
24128,train
17730,train
11849,train
26513,train
17089,train
5700,train
14329,train
17517,train
481,train
22446,train
3802,train
6677,train
27493,train
20252,train
16691,train
10173,train
13626,train
14267,train
30033,train
11853,train
12427,train
30378,train
14502,train
26045,train
27601,train
3765,train
20696,train
8795,train
3175,train
5924,train
7302,train
24980,train
16404,train
30524,train
20287,train
1183,train
11860,train
23147,train
2829,train
8854,train
3301,train
11250,train
29211,train
11839,train
15182,train
10432,train
4267,train
1868,train
9036,train
17830,train
18297,train
14885,train
6749,train
19848,train
2089,train
16904,train
14848,train
23562,train
21924,train
9966,train
8584,train
12587,train
13231,train
667,train
2012,train
5306,train
9747,train
25929,train
4845,train
26323,train
5921,train
16414,train
16438,train
7125,train
22412,train
20559,train
377,train
26891,train
12413,train
29922,train
7763,train
13705,train
27116,train
5287,train
23542,train
13593,train
25461,train
9834,train
1656,train
6970,train
12657,train
26944,train
10427,train
7803,train
26741,train
17410,train
23815,train
8035,train
18306,train
21853,train
20329,train
7698,train
13041,train
13776,train
18696,train
30221,train
2052,train
18694,train
20968,train
16016,train
9097,train
12625,train
9158,train
25535,train
25011,train
26039,train
4456,train
5722,train
7316,train
14147,train
5808,train
9591,train
13612,train
6603,train
22023,train
24237,train
2931,train
15991,train
30296,train
5303,train
4211,train
28986,train
9773,train
29485,train
28056,train
2074,train
14099,train
11543,train
27158,train
6520,train
3530,train
23955,train
29662,train
24271,train
28704,train
25362,train
15928,train
19659,train
27765,train
3065,train
28019,train
30735,train
14157,train
7649,train
7818,train
23135,train
12706,train
16980,train
14391,train
10003,train
26526,train
22986,train
17367,train
4364,train
1575,train
22473,train
20697,train
15564,train
29805,train
28902,train
5413,train
3572,train
2877,train
6006,train
29644,train
11206,train
29080,train
3563,train
516,train
15836,train
10287,train
21436,train
15261,train
19624,train
26911,train
9841,train
13333,train
21590,train
18206,train
5294,train
19352,train
18447,train
4915,train
25833,train
13571,train
17113,train
16718,train
28783,train
13760,train
4718,train
6847,train
10543,train
6350,train
26771,train
8157,train
17621,train
26243,train
16583,train
15678,train
19956,train
8883,train
17417,train
17058,train
3680,train
28871,train
7775,train
25783,train
28345,train
6297,train
11927,train
17293,train
16163,train
6539,train
7171,train
22174,train
3118,train
19539,train
12691,train
27821,train
7733,train
3140,train
14090,train
8434,train
26923,train
10138,train
17196,train
18335,train
23942,train
731,train
26250,train
19849,train
23244,train
6698,train
3826,train
23317,train
5672,train
23977,train
25356,train
25279,train
4210,train
16657,train
19681,train
4617,train
27851,train
21359,train
16631,train
17095,train
2971,train
1643,train
2414,train
6636,train
11324,train
12825,train
14240,train
26882,train
1671,train
15651,train
2201,train
26402,train
23079,train
2057,train
18010,train
17227,train
7988,train
8921,train
17323,train
17054,train
7864,train
19079,train
17463,train
3880,train
17564,train
29650,train
13551,train
19763,train
22046,train
12077,train
16796,train
3447,train
15462,train
1481,train
11155,train
9489,train
15380,train
21474,train
12945,train
9879,train
25309,train
24894,train
13643,train
8745,train
5238,train
18858,train
16209,train
18496,train
14257,train
21647,train
17133,train
2992,train
29879,train
20663,train
22576,train
4237,train
4712,train
10939,train
27756,train
19650,train
787,train
5779,train
6117,train
27267,train
28267,train
20631,train
12609,train
4535,train
20066,train
9224,train
18997,train
20159,train
24300,train
13092,train
19571,train
2676,train
24445,train
30330,train
23954,train
30303,train
14278,train
28595,train
17888,train
2564,train
8955,train
30225,train
23142,train
6202,train
16933,train
22382,train
13574,train
9944,train
19248,train
5599,train
30450,train
8507,train
5453,train
13730,train
22448,train
107,train
28951,train
17422,train
17728,train
21259,train
148,train
18341,train
6141,train
3697,train
19845,train
29710,train
20756,train
29259,train
21523,train
22011,train
2198,train
1160,train
16391,train
6547,train
7962,train
2648,train
26098,train
2188,train
13034,train
30377,train
17194,train
17220,train
21603,train
28212,train
752,train
25756,train
2205,train
20568,train
19241,train
3254,train
13079,train
20038,train
12927,train
8508,train
16343,train
24388,train
29215,train
166,train
9014,train
15652,train
19908,train
23886,train
13583,train
17271,train
19477,train
4226,train
20338,train
18278,train
10215,train
7516,train
14732,train
7177,train
3174,train
19941,train
492,train
22619,train
27268,train
15847,train
9981,train
21091,train
21386,train
7485,train
16050,train
4722,train
7792,train
26853,train
14491,train
8005,train
3135,train
16937,train
26977,train
20171,train
1569,train
12770,train
13839,train
14511,train
29524,train
16990,train
8360,train
16300,train
576,train
8308,train
12702,train
26573,train
16688,train
22297,train
28899,train
26151,train
99,train
10639,train
6069,train
12445,train
21676,train
23447,train
6134,train
3762,train
1231,train
14503,train
23301,train
26667,train
13907,train
15715,train
8708,train
25038,train
11962,train
14213,train
16095,train
27959,train
4965,train
17925,train
24547,train
17042,train
28137,train
20852,train
23871,train
20255,train
29243,train
30582,train
1574,train
26997,train
6684,train
14755,train
19400,train
7253,train
169,train
4956,train
4884,train
29451,train
671,train
23084,train
15161,train
28059,train
30569,train
14129,train
16894,train
18612,train
14763,train
20562,train
23792,train
2614,train
4289,train
9423,train
27136,train
28572,train
20063,train
10861,train
9511,train
23521,train
209,train
26405,train
6952,train
24064,train
19301,train
10070,train
29219,train
15514,train
21828,train
22463,train
24049,train
17859,train
30283,train
6997,train
12574,train
3269,train
11100,train
15674,train
14942,train
11125,train
3264,train
13954,train
13693,train
8725,train
9352,train
16410,train
11334,train
4342,train
24273,train
29271,train
6326,train
20744,train
21088,train
9410,train
13925,train
13855,train
4710,train
3591,train
27788,train
29385,train
30308,train
28744,train
15318,train
24167,train
6364,train
7870,train
29254,train
19999,train
30513,train
17380,train
20508,train
6625,train
2018,train
26775,train
29589,train
830,train
23572,train
24736,train
14190,train
6804,train
1871,train
5566,train
23994,train
5986,train
26140,train
6062,train
6005,train
22796,train
6434,train
10980,train
12375,train
10540,train
614,train
13799,train
18756,train
19880,train
12036,train
6881,train
28337,train
22743,train
30369,train
8986,train
13096,train
5848,train
14993,train
1421,train
8197,train
25679,train
18798,train
15330,train
19930,train
8253,train
4945,train
22308,train
7534,train
17492,train
16787,train
4801,train
20305,train
11227,train
10529,train
30139,train
16735,train
29546,train
21630,train
24295,train
15573,train
3469,train
23395,train
8564,train
26217,train
6231,train
14809,train
15694,train
28388,train
4052,train
29661,train
6402,train
24740,train
23540,train
8297,train
26074,train
3442,train
15004,train
12520,train
29772,train
1502,train
29523,train
9957,train
23023,train
3750,train
30099,train
11687,train
13977,train
3101,train
946,train
26801,train
23398,train
2060,train
3868,train
27232,train
19193,train
3086,train
21911,train
3122,train
26514,train
19453,train
20000,train
7219,train
23526,train
10525,train
3526,train
6400,train
248,train
4113,train
11681,train
12911,train
14261,train
3279,train
26028,train
19520,train
24724,train
20280,train
27665,train
29163,train
10554,train
493,train
22342,train
19282,train
9565,train
24077,train
15204,train
11551,train
7731,train
29695,train
12018,train
17890,train
5886,train
22352,train
3582,train
15769,train
19005,train
3396,train
20766,train
18880,train
327,train
11519,train
24750,train
7267,train
16743,train
22950,train
4784,train
21536,train
19325,train
22689,train
15481,train
13694,train
18352,train
7249,train
14030,train
20984,train
15640,train
24148,train
14937,train
13364,train
12788,train
29014,train
20357,train
13466,train
3921,train
14073,train
27231,train
9298,train
15894,train
18063,train
21172,train
8200,train
26755,train
8587,train
30533,train
4580,train
15120,train
26898,train
369,train
3851,train
14707,train
11395,train
18280,train
15728,train
11368,train
6914,train
4685,train
28155,train
1811,train
2423,train
29862,train
12122,train
26654,train
23288,train
13706,train
21125,train
21537,train
28324,train
5439,train
28468,train
13623,train
2379,train
18771,train
21812,train
25085,train
27349,train
26776,train
4363,train
13174,train
3357,train
28524,train
317,train
2825,train
4869,train
23989,train
26067,train
3810,train
20096,train
1760,train
14279,train
16932,train
29441,train
2914,train
30404,train
26708,train
20421,train
29869,train
15176,train
10733,train
27085,train
23194,train
30589,train
6864,train
28016,train
28521,train
16312,train
23853,train
1451,train
16326,train
23228,train
4918,train
18364,train
26313,train
20465,train
21974,train
14747,train
7331,train
4101,train
21458,train
13880,train
26345,train
28897,train
20321,train
17134,train
8597,train
23846,train
15053,train
15324,train
2642,train
757,train
15242,train
3093,train
16924,train
9228,train
25861,train
2735,train
15252,train
23289,train
623,train
14219,train
29282,train
22987,train
15062,train
4440,train
27553,train
23997,train
5651,train
7997,train
15690,train
25864,train
22880,train
10628,train
3751,train
9350,train
13111,train
29013,train
4968,train
26190,train
7441,train
26614,train
22831,train
11051,train
24624,train
24191,train
18995,train
23170,train
14783,train
7874,train
10346,train
30479,train
2563,train
13704,train
14538,train
28639,train
20077,train
18273,train
19525,train
30323,train
23751,train
18671,train
11233,train
29872,train
10185,train
621,train
11263,train
12826,train
12946,train
10453,train
16923,train
25737,train
27049,train
9558,train
24136,train
7590,train
16008,train
15475,train
25113,train
23175,train
151,train
10198,train
29740,train
3533,train
23114,train
13773,train
22718,train
18874,train
22832,train
25203,train
8984,train
23577,train
10788,train
1088,train
25841,train
3917,train
5100,train
12442,train
21279,train
14175,train
24516,train
21806,train
3907,train
11934,train
13555,train
5105,train
1329,train
10106,train
27287,train
10775,train
21256,train
17777,train
14254,train
27039,train
2611,train
14975,train
23953,train
5868,train
4423,train
22016,train
26937,train
13692,train
27726,train
13758,train
30238,train
29580,train
1884,train
12116,train
6173,train
27168,train
11972,train
8975,train
29203,train
18989,train
18272,train
4332,train
30006,train
29018,train
9083,train
3567,train
17070,train
12068,train
6284,train
17809,train
10719,train
20493,train
20650,train
21341,train
23478,train
8896,train
24660,train
26015,train
29582,train
2342,train
5688,train
27747,train
20677,train
11394,train
1998,train
11339,train
15672,train
5746,train
10859,train
7370,train
15349,train
25018,train
9128,train
11876,train
29453,train
6801,train
30123,train
16376,train
16250,train
6646,train
4031,train
19701,train
25826,train
29036,train
22060,train
12102,train
28819,train
24967,train
531,train
19337,train
22335,train
11486,train
7715,train
17635,train
2219,train
1783,train
6159,train
3831,train
17405,train
25991,train
26927,train
29831,train
2399,train
23722,train
28376,train
22932,train
24695,train
6977,train
19972,train
18647,train
5974,train
7558,train
13808,train
23043,train
29746,train
1790,train
8067,train
19655,train
29561,train
6926,train
27988,train
30631,train
2240,train
4606,train
29114,train
22492,train
16720,train
10502,train
21909,train
2192,train
2288,train
26350,train
7844,train
10359,train
1639,train
8078,train
28640,train
7778,train
18198,train
14230,train
19762,train
21135,train
2051,train
11753,train
19983,train
25883,train
26666,train
3005,train
9114,train
9821,train
7681,train
30018,train
23286,train
5016,train
16648,train
27173,train
12697,train
18340,train
21877,train
13846,train
5863,train
839,train
25164,train
22781,train
24622,train
15575,train
1620,train
700,train
10777,train
15490,train
20114,train
8439,train
2375,train
27908,train
21958,train
3307,train
18801,train
28448,train
5995,train
22321,train
21035,train
11035,train
24974,train
7972,train
22017,train
17521,train
8302,train
20561,train
11933,train
333,train
7526,train
7573,train
25853,train
6981,train
27415,train
24075,train
17781,train
14625,train
26391,train
26237,train
14598,train
15271,train
25156,train
2030,train
23583,train
16987,train
17535,train
15352,train
9450,train
6289,train
23352,train
12249,train
17297,train
30355,train
11632,train
25921,train
14308,train
4937,train
19883,train
27854,train
24746,train
27057,train
19244,train
12171,train
28117,train
2880,train
3735,train
20522,train
2239,train
19420,train
25315,train
11640,train
19,train
24243,train
24680,train
15578,train
16142,train
15127,train
16986,train
27436,train
29057,train
15740,train
18025,train
8287,train
11652,train
13604,train
27560,train
20973,train
21507,train
5213,train
28135,train
26551,train
11614,train
27958,train
9173,train
3991,train
6882,train
12331,train
9692,train
15858,train
26177,train
17716,train
2004,train
27807,train
12535,train
18150,train
27034,train
27197,train
11557,train
21966,train
24668,train
15256,train
11683,train
12048,train
14936,train
6792,train
13611,train
22567,train
12596,train
21218,train
18239,train
21331,train
29732,train
44,train
5584,train
9235,train
1151,train
11287,train
14222,train
19388,train
20637,train
19823,train
23008,train
29117,train
13891,train
7931,train
24903,train
29402,train
18864,train
2403,train
5483,train
30475,train
11814,train
5583,train
1737,train
13063,train
30488,train
25770,train
1046,train
25722,train
6087,train
27852,train
12595,train
13688,train
20070,train
881,train
21921,train
21547,train
30090,train
13327,train
7238,train
16768,train
11146,train
13712,train
8746,train
15673,train
14039,train
23570,train
17384,train
16289,train
13567,train
12604,train
27717,train
1767,train
7766,train
25682,train
20832,train
14452,train
24296,train
18641,train
14922,train
22050,train
4545,train
8785,train
6988,train
13288,train
1943,train
24696,train
4886,train
3759,train
20409,train
19189,train
7248,train
2659,train
18776,train
4692,train
25265,train
17151,train
1331,train
17148,train
24826,train
12285,train
27123,train
6339,train
16587,train
17483,train
628,train
20860,train
3102,train
8401,train
7865,train
12554,train
581,train
17349,train
2053,train
7889,train
21275,train
9861,train
11532,train
22526,train
29433,train
24235,train
21182,train
3177,train
18573,train
10043,train
14012,train
13026,train
21621,train
10448,train
10385,train
10781,train
12633,train
16532,train
11949,train
17702,train
28958,train
14960,train
5703,train
88,train
17107,train
12912,train
29022,train
14292,train
26389,train
23812,train
4308,train
30601,train
24941,train
16148,train
6672,train
28375,train
21577,train
29794,train
28973,train
4800,train
29075,train
16274,train
23327,train
11719,train
2247,train
12864,train
2,train
26855,train
3738,train
17585,train
29528,train
5577,train
5171,train
2261,train
20396,train
1629,train
1720,train
23585,train
21092,train
2080,train
8974,train
7741,train
12470,train
18879,train
27839,train
28469,train
13865,train
21497,train
3161,train
1678,train
21240,train
25280,train
16226,train
5,train
17578,train
19499,train
12855,train
22623,train
17312,train
22629,train
25305,train
21258,train
3148,train
923,train
4907,train
27872,train
498,train
24933,train
7059,train
17549,train
1199,train
9411,train
5038,train
4667,train
17754,train
18560,train
16602,train
15006,train
7971,train
9344,train
7029,train
5753,train
7721,train
15430,train
13325,train
30562,train
1350,train
25157,train
7959,train
18270,train
8140,train
20873,train
24245,train
26004,train
18091,train
20151,train
3586,train
30342,train
18106,train
15972,train
2244,train
14628,train
9946,train
20109,train
22031,train
6667,train
875,train
13847,train
1147,train
20132,train
9475,train
16993,train
8878,train
26437,train
22846,train
30588,train
16324,train
2835,train
16823,train
890,train
3464,train
1465,train
30107,train
18888,train
28057,train
16572,train
627,train
12423,train
29121,train
12793,train
3113,train
16876,train
10101,train
8077,train
24223,train
16195,train
1393,train
24710,train
18048,train
30085,train
2613,train
3162,train
23394,train
9031,train
24262,train
18623,train
14280,train
173,train
11650,train
13303,train
609,train
15417,train
6113,train
14052,train
23426,train
13639,train
20261,train
16301,train
14225,train
180,train
30007,train
16863,train
24602,train
4704,train
23814,train
156,train
11673,train
14689,train
1537,train
28383,train
21643,train
23335,train
26800,train
9774,train
931,train
16047,train
20570,train
19631,train
30429,train
25201,train
29512,train
12034,train
4369,train
4822,train
24663,train
20834,train
23988,train
13763,train
25750,train
29396,train
5145,train
3146,train
17246,train
9319,train
11115,train
26720,train
2696,train
22907,train
23370,train
29625,train
17603,train
27559,train
19817,train
11360,train
1873,train
23341,train
3266,train
14712,train
27370,train
1757,train
6955,train
22587,train
1704,train
3849,train
27008,train
25733,train
24864,train
14182,train
9229,train
13992,train
11766,train
22915,train
9759,train
6396,train
22929,train
30579,train
5159,train
15198,train
7197,train
9481,train
7550,train
15758,train
18973,train
27643,train
28128,train
4610,train
15502,train
25630,train
16650,train
696,train
27471,train
7547,train
8196,train
4741,train
20468,train
13185,train
7047,train
20057,train
7072,train
22708,train
4840,train
22642,train
8191,train
29572,train
19164,train
25545,train
23937,train
23180,train
24071,train
23273,train
2677,train
29614,train
17152,train
707,train
5936,train
21209,train
6143,train
29930,train
22195,train
4931,train
17784,train
8341,train
23674,train
28692,train
20636,train
6378,train
12623,train
1916,train
5975,train
24239,train
10380,train
361,train
22459,train
21503,train
21348,train
13052,train
5559,train
3366,train
29819,train
23417,train
459,train
9138,train
19135,train
1138,train
27450,train
17020,train
18626,train
21997,train
26851,train
6269,train
4592,train
21212,train
6299,train
15278,train
26881,train
25589,train
19174,train
16156,train
6615,train
589,train
8512,train
6735,train
11918,train
30440,train
812,train
22675,train
27722,train
21399,train
19787,train
20184,train
23563,train
27236,train
21758,train
11275,train
29978,train
27697,train
19982,train
20921,train
4011,train
30458,train
27905,train
27041,train
22228,train
4942,train
30363,train
10000,train
26568,train
1740,train
15999,train
13561,train
25043,train
8416,train
7152,train
1597,train
1625,train
27834,train
12680,train
16821,train
3936,train
28605,train
3106,train
8989,train
17674,train
3238,train
21317,train
22773,train
6266,train
22577,train
27641,train
7148,train
2346,train
19814,train
29222,train
4160,train
1818,train
25105,train
18293,train
12501,train
11024,train
28943,train
354,train
4410,train
14781,train
6609,train
23556,train
25660,train
4542,train
17468,train
17903,train
11730,train
11165,train
20105,train
29006,train
24378,train
26990,train
4334,train
12865,train
19137,train
2715,train
8069,train
22515,train
15045,train
18125,train
9477,train
30137,train
15971,train
7869,train
278,train
19039,train
24470,train
1068,train
25659,train
6874,train
9219,train
16204,train
28821,train
4672,train
27676,train
21311,train
28012,train
2703,train
24635,train
13690,train
2157,train
9954,train
23203,train
6971,train
13281,train
24577,train
5909,train
8105,train
26665,train
8930,train
2594,train
11039,train
16029,train
19418,train
26504,train
5529,train
1506,train
17400,train
9052,train
18519,train
23808,train
22193,train
28755,train
8156,train
13438,train
29490,train
6686,train
12682,train
2366,train
21104,train
29283,train
28725,train
26707,train
11020,train
11251,train
2762,train
10055,train
13727,train
21816,train
21568,train
11036,train
15234,train
3452,train
14416,train
25776,train
7540,train
7435,train
11476,train
19236,train
10232,train
30392,train
3830,train
20974,train
29103,train
3491,train
12225,train
23134,train
6286,train
1719,train
20101,train
2757,train
29600,train
17124,train
13182,train
24294,train
20565,train
12883,train
23063,train
21713,train
5329,train
28409,train
27300,train
10924,train
2977,train
14251,train
18523,train
16248,train
1444,train
1220,train
6068,train
14426,train
12538,train
13676,train
6945,train
6015,train
23964,train
14005,train
12582,train
3785,train
2674,train
1563,train
22742,train
28406,train
3347,train
582,train
2505,train
16365,train
6591,train
16393,train
14301,train
13498,train
20864,train
16293,train
68,train
6913,train
3910,train
18661,train
16537,train
17155,train
27558,train
5241,train
18548,train
6532,train
3657,train
12755,train
4277,train
6884,train
7912,train
28702,train
30451,train
27047,train
25605,train
15823,train
25690,train
21951,train
8691,train
26892,train
13141,train
26657,train
7572,train
26899,train
18425,train
23883,train
24400,train
21084,train
3336,train
26574,train
25588,train
5912,train
10595,train
4973,train
25509,train
3219,train
23513,train
10801,train
29003,train
19579,train
6991,train
2572,train
25952,train
23046,train
14128,train
16527,train
26200,train
5540,train
10566,train
20854,train
24180,train
6654,train
27534,train
3790,train
13250,train
17868,train
22985,train
18875,train
2935,train
16439,train
30012,train
27869,train
25034,train
30125,train
18092,train
24845,train
4967,train
27177,train
7672,train
3602,train
10016,train
17712,train
2263,train
22160,train
16976,train
14748,train
27200,train
14915,train
2008,train
27577,train
6366,train
13029,train
19919,train
23274,train
21990,train
14330,train
22288,train
12954,train
26436,train
8328,train
21132,train
17198,train
3325,train
1883,train
2521,train
8767,train
24168,train
17074,train
9738,train
25328,train
20960,train
24,train
5745,train
28129,train
11241,train
15773,train
17757,train
21312,train
23340,train
27673,train
5210,train
23786,train
29083,train
10803,train
3725,train
12047,train
17014,train
13129,train
18201,train
15554,train
15563,train
26211,train
19283,train
8193,train
23804,train
6250,train
29849,train
19113,train
5539,train
12357,train
18515,train
10986,train
1090,train
11593,train
2299,train
23253,train
13500,train
26212,train
13458,train
4520,train
13302,train
24151,train
15904,train
2731,train
19490,train
29223,train
9007,train
19917,train
18894,train
23300,train
11428,train
939,train
3815,train
554,train
3417,train
21115,train
7665,train
24203,train
21299,train
16667,train
2440,train
17001,train
14903,train
7414,train
5777,train
10140,train
21801,train
11658,train
239,train
8867,train
13911,train
26592,train
27437,train
17632,train
4792,train
30172,train
11076,train
16197,train
7938,train
20770,train
23971,train
16337,train
18843,train
1409,train
7994,train
24338,train
2466,train
7356,train
7986,train
21690,train
8654,train
5354,train
2587,train
26233,train
25978,train
18796,train
23802,train
18586,train
6201,train
9342,train
7209,train
22247,train
28916,train
6150,train
22606,train
20180,train
22370,train
15427,train
245,train
12960,train
29325,train
17472,train
9059,train
15253,train
20022,train
25450,train
9934,train
10075,train
21703,train
9531,train
3100,train
2633,train
7050,train
10262,train
3503,train
16500,train
20179,train
21356,train
8849,train
6544,train
9651,train
16282,train
6215,train
23855,train
1154,train
22544,train
20362,train
17861,train
380,train
30211,train
26540,train
30647,train
27051,train
1359,train
29369,train
28402,train
7567,train
23830,train
22556,train
25899,train
800,train
11636,train
9852,train
23052,train
29763,train
6949,train
23956,train
30044,train
17139,train
18325,train
21984,train
28608,train
9383,train
14155,train
19347,train
909,train
17286,train
7867,train
1224,train
10120,train
16781,train
19265,train
16510,train
17596,train
12541,train
6294,train
4669,train
1457,train
5031,train
28001,train
9583,train
26057,train
17350,train
8348,train
8081,train
17510,train
17760,train
14406,train
26435,train
19666,train
27371,train
26052,train
18139,train
5047,train
18957,train
186,train
13921,train
12799,train
2779,train
22333,train
22439,train
3994,train
16526,train
14535,train
23276,train
15986,train
22465,train
26397,train
6349,train
9105,train
19609,train
20855,train
12261,train
14158,train
14338,train
14010,train
10039,train
5456,train
24266,train
22499,train
8232,train
1352,train
9670,train
30151,train
29183,train
19185,train
21932,train
24417,train
13394,train
30385,train
9690,train
7677,train
26670,train
26745,train
21164,train
21982,train
13537,train
11086,train
26958,train
4793,train
21216,train
6480,train
17027,train
30298,train
18145,train
19256,train
3037,train
24873,train
14722,train
14447,train
25749,train
18074,train
27646,train
21346,train
6041,train
25199,train
25695,train
11269,train
11237,train
26095,train
6536,train
13887,train
3842,train
11619,train
29682,train
25159,train
11544,train
16676,train
4567,train
21631,train
28738,train
4755,train
13040,train
30486,train
6577,train
26787,train
37,train
30764,train
15210,train
3470,train
16961,train
703,train
1661,train
13497,train
649,train
16384,train
29156,train
5041,train
19513,train
17817,train
3834,train
29065,train
19949,train
23996,train
1836,train
6498,train
10935,train
10442,train
23294,train
27780,train
21308,train
24249,train
14613,train
10902,train
13926,train
4675,train
9182,train
16578,train
29280,train
3172,train
10104,train
30331,train
22649,train
12531,train
8454,train
25820,train
25242,train
25230,train
16143,train
30376,train
21808,train
24425,train
7538,train
21705,train
6475,train
14134,train
1185,train
19017,train
6533,train
5962,train
13995,train
26362,train
11040,train
2672,train
28542,train
5816,train
19296,train
2278,train
1632,train
4415,train
5242,train
17724,train
5258,train
27003,train
21882,train
65,train
21338,train
1354,train
14220,train
22263,train
3527,train
6229,train
24231,train
7361,train
3428,train
12940,train
16230,train
21475,train
9971,train
15521,train
6264,train
2165,train
7825,train
28831,train
5388,train
28972,train
16593,train
6179,train
17073,train
5643,train
23679,train
23816,train
21766,train
1106,train
6470,train
5749,train
7199,train
6893,train
1306,train
22291,train
28750,train
4233,train
6271,train
26517,train
6469,train
21142,train
18300,train
1100,train
20998,train
8888,train
6028,train
14533,train
11109,train
17572,train
23152,train
11627,train
16467,train
25104,train
13025,train
13140,train
20666,train
18409,train
4720,train
16729,train
20053,train
5414,train
14362,train
19924,train
5894,train
10169,train
4131,train
24394,train
30003,train
27184,train
11616,train
1903,train
19188,train
4116,train
12023,train
30396,train
1944,train
1570,train
4928,train
19753,train
11197,train
11729,train
22284,train
19368,train
1070,train
10219,train
4076,train
3088,train
13461,train
4185,train
19561,train
8443,train
15485,train
12676,train
24779,train
9665,train
30397,train
3149,train
1864,train
17083,train
13807,train
13635,train
13181,train
18204,train
9678,train
15702,train
21991,train
1590,train
27342,train
24366,train
22314,train
7,train
28322,train
26543,train
24874,train
26161,train
19245,train
6387,train
21678,train
12274,train
4865,train
12776,train
29731,train
9718,train
15155,train
11406,train
26785,train
5216,train
12588,train
13088,train
11025,train
14260,train
4301,train
13186,train
6355,train
17577,train
28721,train
8192,train
29681,train
92,train
13355,train
29788,train
2231,train
3625,train
7898,train
16075,train
9730,train
3948,train
15128,train
13857,train
21227,train
13960,train
3676,train
21013,train
710,train
20452,train
2388,train
17753,train
3260,train
24017,train
15630,train
955,train
2427,train
13605,train
27546,train
28385,train
30774,train
29759,train
15532,train
23392,train
22620,train
5353,train
26930,train
24127,train
702,train
16595,train
30336,train
29797,train
20525,train
28545,train
12424,train
25596,train
23714,train
7095,train
5314,train
7563,train
13469,train
13831,train
19210,train
15486,train
18490,train
29388,train
10701,train
24492,train
421,train
8342,train
11773,train
6144,train
26043,train
1076,train
416,train
12283,train
24719,train
11669,train
12370,train
25863,train
26444,train
16407,train
25314,train
24766,train
28517,train
7378,train
5690,train
24869,train
11816,train
9306,train
1073,train
30498,train
23565,train
1715,train
11788,train
1988,train
1982,train
21407,train
12719,train
11153,train
9581,train
18087,train
27325,train
15238,train
6932,train
2960,train
30472,train
14149,train
8619,train
14654,train
3072,train
7479,train
7656,train
15460,train
5371,train
29728,train
18121,train
12909,train
3413,train
10528,train
8359,train
2301,train
9545,train
5336,train
25220,train
2885,train
13780,train
11260,train
4000,train
6149,train
685,train
14857,train
8207,train
12842,train
9516,train
25095,train
25533,train
30171,train
18269,train
22690,train
3169,train
19838,train
1164,train
6257,train
1373,train
20078,train
25551,train
30439,train
6979,train
12115,train
25386,train
18831,train
3248,train
19712,train
17853,train
13239,train
3665,train
4112,train
2537,train
3423,train
29563,train
20363,train
13949,train
30717,train
25712,train
23759,train
23690,train
2644,train
2680,train
24543,train
10178,train
7859,train
16290,train
9067,train
19209,train
28981,train
18197,train
11594,train
5793,train
20725,train
9012,train
8965,train
27888,train
25878,train
16918,train
22051,train
5649,train
3455,train
17019,train
8806,train
697,train
24978,train
17663,train
2725,train
10963,train
17937,train
12621,train
29722,train
853,train
591,train
5451,train
10098,train
9001,train
13456,train
6296,train
13395,train
7051,train
11690,train
20087,train
3359,train
18878,train
25677,train
22874,train
556,train
2902,train
15623,train
3332,train
21473,train
20403,train
5946,train
17332,train
12632,train
14590,train
15568,train
11802,train
20566,train
11868,train
21107,train
15718,train
17182,train
8346,train
402,train
30551,train
17604,train
3361,train
28664,train
29943,train
20923,train
2303,train
30653,train
30444,train
24468,train
15356,train
16421,train
15157,train
24931,train
9793,train
1486,train
20327,train
20574,train
2217,train
24225,train
13133,train
29764,train
13118,train
17,train
2497,train
16041,train
16411,train
27220,train
1302,train
7165,train
3758,train
26839,train
12866,train
8221,train
9155,train
2234,train
27565,train
22077,train
14475,train
9328,train
23566,train
22997,train
19639,train
24301,train
15853,train
27785,train
10410,train
3989,train
14934,train
27233,train
5960,train
5247,train
24486,train
11762,train
14841,train
2651,train
23077,train
19273,train
10238,train
22171,train
23643,train
22779,train
5046,train
11569,train
25713,train
14374,train
22687,train
16940,train
10574,train
24880,train
9142,train
7488,train
6080,train
393,train
22670,train
23313,train
15975,train
2143,train
6191,train
8403,train
26366,train
23524,train
24469,train
5165,train
1275,train
10366,train
24574,train
18795,train
29351,train
9035,train
14323,train
7495,train
29889,train
11432,train
515,train
7210,train
7911,train
10727,train
11265,train
29073,train
11774,train
15883,train
8177,train
5082,train
5866,train
20668,train
25599,train
2724,train
4947,train
25399,train
29875,train
8812,train
208,train
22727,train
448,train
12425,train
18388,train
27651,train
29969,train
28174,train
17746,train
19184,train
28788,train
22114,train
8107,train
4122,train
25999,train
10965,train
11270,train
26154,train
16913,train
10230,train
5564,train
8137,train
12368,train
18477,train
25111,train
14359,train
442,train
11936,train
19893,train
9955,train
16577,train
14485,train
7639,train
30510,train
5520,train
26924,train
9662,train
17434,train
15285,train
14918,train
28643,train
14821,train
16960,train
25310,train
13494,train
29197,train
15425,train
27193,train
10229,train
8591,train
7748,train
2232,train
570,train
4889,train
9980,train
25795,train
3786,train
22777,train
20174,train
9495,train
3205,train
20469,train
11446,train
36,train
2842,train
15874,train
21886,train
20647,train
8159,train
11310,train
1051,train
14734,train
3074,train
5214,train
28910,train
958,train
28765,train
9427,train
16319,train
21609,train
28426,train
29693,train
19024,train
22018,train
17154,train
669,train
12890,train
10984,train
24202,train
23769,train
13003,train
11739,train
28193,train
18392,train
14199,train
20805,train
866,train
28809,train
30468,train
29072,train
18080,train
24559,train
29643,train
27198,train
14056,train
30011,train
19761,train
24268,train
25286,train
5536,train
2281,train
1174,train
3576,train
7903,train
13330,train
8276,train
22157,train
7679,train
8826,train
27107,train
22644,train
13944,train
10382,train
6713,train
9172,train
2023,train
14687,train
10135,train
13066,train
5332,train
22795,train
24890,train
18361,train
24370,train
24762,train
532,train
11013,train
10484,train
5390,train
19635,train
3703,train
22939,train
18775,train
10415,train
18751,train
489,train
17445,train
20353,train
2949,train
7744,train
27919,train
3889,train
17700,train
21943,train
11336,train
8814,train
19567,train
5120,train
9647,train
20963,train
9586,train
17834,train
15403,train
20798,train
25529,train
24597,train
28040,train
18308,train
5049,train
18803,train
3796,train
14676,train
5957,train
15970,train
9862,train
28205,train
12787,train
689,train
29687,train
5088,train
18884,train
12406,train
5734,train
17942,train
10489,train
17843,train
27942,train
4388,train
11362,train
13640,train
18231,train
8764,train
22844,train
260,train
7466,train
1801,train
29509,train
27572,train
20192,train
14098,train
925,train
13220,train
766,train
2913,train
3321,train
28659,train
8070,train
7502,train
1919,train
8738,train
29697,train
1254,train
21613,train
3865,train
4086,train
6626,train
6987,train
15446,train
29108,train
1777,train
29677,train
29564,train
15445,train
27455,train
20173,train
1792,train
26379,train
10445,train
30511,train
20729,train
17399,train
13305,train
2317,train
22730,train
29698,train
1195,train
4551,train
22756,train
18462,train
2579,train
10112,train
23972,train
14600,train
30595,train
3887,train
18127,train
18595,train
18037,train
22211,train
4153,train
30469,train
26148,train
20664,train
28766,train
13573,train
6206,train
7438,train
6338,train
22322,train
27662,train
5530,train
2912,train
13508,train
5417,train
16351,train
16666,train
27265,train
9080,train
21446,train
4743,train
29931,train
11082,train
18488,train
11686,train
28660,train
9593,train
16465,train
25218,train
26962,train
7305,train
5712,train
22759,train
24813,train
27278,train
26022,train
28304,train
23251,train
25645,train
24008,train
19434,train
22376,train
25743,train
18471,train
14317,train
5550,train
4699,train
7505,train
12989,train
10265,train
14062,train
10679,train
3204,train
15130,train
14234,train
9993,train
3362,train
8751,train
21121,train
23382,train
16899,train
13446,train
14445,train
24348,train
28681,train
2434,train
27951,train
22685,train
28080,train
13144,train
12708,train
2286,train
8910,train
20594,train
786,train
29257,train
26675,train
8215,train
25409,train
30111,train
6353,train
5557,train
5244,train
20245,train
7764,train
14636,train
16920,train
30082,train
3841,train
22252,train
27138,train
22163,train
29792,train
25575,train
8219,train
9548,train
12665,train
17615,train
24029,train
4980,train
26509,train
15647,train
17926,train
4536,train
16973,train
25766,train
21821,train
17480,train
8758,train
13332,train
3521,train
9149,train
8837,train
21550,train
2235,train
1833,train
20328,train
10692,train
1491,train
19056,train
27823,train
6331,train
20651,train
10825,train
13019,train
10877,train
6796,train
10568,train
28501,train
16490,train
22789,train
12436,train
22571,train
15055,train
18940,train
18664,train
13177,train
30614,train
7863,train
24227,train
28158,train
3420,train
19544,train
14339,train
27642,train
3210,train
12996,train
26298,train
5595,train
25439,train
13738,train
22072,train
10081,train
13724,train
29469,train
11381,train
26630,train
11768,train
2438,train
18095,train
29707,train
12361,train
16034,train
20322,train
12735,train
30372,train
4001,train
21018,train
10149,train
16685,train
14599,train
9409,train
18834,train
2697,train
11154,train
14593,train
25898,train
21916,train
22,train
11284,train
30130,train
11916,train
56,train
4163,train
7866,train
7757,train
30667,train
28077,train
16843,train
26487,train
8797,train
1977,train
1230,train
19286,train
24706,train
10207,train
18031,train
81,train
27698,train
8314,train
8988,train
9486,train
28829,train
6145,train
27424,train
10586,train
15443,train
19342,train
16793,train
7074,train
19007,train
14894,train
20785,train
4910,train
5028,train
41,train
4807,train
2210,train
11554,train
20703,train
4976,train
24773,train
27091,train
28786,train
23373,train
27321,train
29193,train
6038,train
19918,train
30132,train
25502,train
8033,train
22487,train
20945,train
390,train
9701,train
29615,train
12229,train
14326,train
19310,train
20759,train
15245,train
15263,train
3674,train
23889,train
13837,train
27186,train
26116,train
17887,train
10110,train
7754,train
15185,train
10355,train
29737,train
16750,train
4772,train
23122,train
12935,train
22666,train
19341,train
3414,train
25196,train
23032,train
21177,train
15939,train
19662,train
17368,train
24982,train
170,train
23651,train
16101,train
12355,train
19350,train
12310,train
2946,train
24963,train
5934,train
2755,train
24272,train
29957,train
18189,train
27586,train
1935,train
9938,train
15402,train
24797,train
3079,train
12599,train
27400,train
14032,train
25057,train
30523,train
8748,train
6472,train
8543,train
24709,train
20281,train
12276,train
27589,train
23443,train
25464,train
3760,train
6166,train
12421,train
13001,train
6477,train
529,train
15108,train
18465,train
29332,train
13280,train
3132,train
22912,train
24377,train
5087,train
28280,train
19572,train
13360,train
16929,train
4565,train
24419,train
4054,train
403,train
26475,train
11456,train
26003,train
26804,train
748,train
2682,train
8874,train
19865,train
14252,train
692,train
6594,train
4335,train
29921,train
1514,train
28332,train
9340,train
6020,train
25865,train
17525,train
29701,train
17605,train
9189,train
21917,train
23579,train
3402,train
15511,train
26825,train
23861,train
20164,train
12207,train
11528,train
9216,train
12903,train
6737,train
5841,train
3030,train
18769,train
17646,train
15543,train
17348,train
4004,train
30795,train
12841,train
3836,train
24067,train
8305,train
13564,train
14695,train
5297,train
22546,train
19581,train
5718,train
4059,train
28436,train
7533,train
9740,train
25079,train
6327,train
10034,train
16783,train
11236,train
22144,train
9997,train
17363,train
20298,train
15642,train
25537,train
29371,train
8338,train
30402,train
28588,train
9751,train
22440,train
17043,train
30794,train
5591,train
17870,train
27515,train
18729,train
5908,train
5778,train
16268,train
10832,train
6894,train
10909,train
21864,train
15764,train
6825,train
29639,train
18599,train
7834,train
6657,train
7395,train
16121,train
13248,train
5939,train
12914,train
1112,train
14065,train
18896,train
9056,train
3284,train
8514,train
5129,train
2044,train
20488,train
21019,train
21595,train
27759,train
28227,train
10773,train
12505,train
17656,train
23595,train
5617,train
19208,train
22705,train
15073,train
19707,train
28492,train
7597,train
12565,train
4231,train
1064,train
367,train
1516,train
26138,train
1015,train
6274,train
19092,train
20986,train
14354,train
13198,train
8817,train
29904,train
25697,train
18811,train
5999,train
20518,train
10434,train
23504,train
7193,train
25396,train
27813,train
16496,train
3283,train
3897,train
17441,train
15518,train
30675,train
9365,train
19825,train
4724,train
12984,train
19097,train
26961,train
13219,train
20774,train
18084,train
868,train
10379,train
10426,train
25847,train
10522,train
620,train
3857,train
9397,train
30723,train
13559,train
27021,train
6753,train
14666,train
22132,train
15421,train
746,train
15713,train
17687,train
24521,train
4081,train
21401,train
15681,train
430,train
2948,train
1233,train
638,train
2892,train
3461,train
19832,train
7518,train
10658,train
8728,train
23246,train
25908,train
19618,train
6832,train
27757,train
11411,train
23168,train
18790,train
18605,train
25108,train
957,train
5270,train
2511,train
9613,train
17018,train
23723,train
12692,train
573,train
17896,train
20786,train
10720,train
13046,train
5112,train
6519,train
26687,train
21622,train
922,train
18111,train
27368,train
1045,train
9891,train
2828,train
21971,train
27068,train
12829,train
11761,train
22931,train
25556,train
10906,train
23200,train
4541,train
247,train
16256,train
30612,train
3042,train
24460,train
10206,train
2526,train
13514,train
8996,train
22746,train
12130,train
16808,train
2333,train
14978,train
30575,train
1726,train
30804,train
14142,train
23740,train
23442,train
28499,train
24606,train
1588,train
2754,train
7921,train
12877,train
28095,train
22070,train
3466,train
21871,train
12882,train
18147,train
76,train
1327,train
28241,train
19840,train
18100,train
9422,train
29238,train
17882,train
20108,train
3515,train
10992,train
1419,train
29081,train
28779,train
22920,train
7743,train
2172,train
4040,train
18942,train
25333,train
1839,train
3701,train
4469,train
23895,train
17433,train
22890,train
5716,train
4525,train
12827,train
22626,train
11951,train
23235,train
13750,train
293,train
17444,train
14708,train
20471,train
28782,train
19457,train
26301,train
24756,train
6283,train
9126,train
18454,train
21137,train
30070,train
1299,train
16752,train
4528,train
11578,train
524,train
28709,train
6808,train
28339,train
5305,train
20046,train
18047,train
14478,train
14602,train
3734,train
28082,train
12868,train
20251,train
21,train
15105,train
18597,train
16637,train
29027,train
21148,train
4872,train
29488,train
21684,train
14679,train
28652,train
6426,train
29250,train
14388,train
16949,train
6456,train
6524,train
13312,train
3558,train
17823,train
7432,train
3449,train
16728,train
23343,train
9775,train
26127,train
18128,train
22386,train
4796,train
351,train
19890,train
25260,train
13400,train
29278,train
20871,train
22761,train
8460,train
24946,train
19704,train
26346,train
13444,train
28649,train
4063,train
6986,train
28328,train
11547,train
13722,train
28623,train
14356,train
4201,train
26558,train
23619,train
3706,train
10730,train
20640,train
5154,train
1071,train
20294,train
7810,train
27539,train
12175,train
8085,train
29317,train
8667,train
381,train
25673,train
8096,train
16419,train
23967,train
22788,train
25873,train
23311,train
11602,train
13914,train
25526,train
23047,train
10411,train
19888,train
27209,train
5786,train
29928,train
26143,train
20453,train
24690,train
8563,train
11417,train
11598,train
6503,train
22817,train
22151,train
22862,train
25254,train
14639,train
7923,train
7724,train
5614,train
10504,train
23310,train
968,train
24362,train
13610,train
9262,train
18058,train
22049,train
21131,train
20139,train
9885,train
16461,train
20490,train
19332,train
5634,train
20447,train
18088,train
22772,train
16682,train
21868,train
23892,train
24014,train
26069,train
21844,train
14351,train
6924,train
9053,train
10049,train
10117,train
8121,train
14088,train
11123,train
3721,train
11815,train
17239,train
12711,train
30270,train
28336,train
5612,train
28676,train
17584,train
14644,train
29017,train
25662,train
24910,train
25761,train
30691,train
28830,train
19019,train
2108,train
3646,train
29934,train
28178,train
18784,train
19907,train
2322,train
30505,train
15530,train
14739,train
13549,train
3593,train
9618,train
13646,train
2214,train
14071,train
17622,train
2577,train
1985,train
29086,train
8030,train
24851,train
29924,train
14489,train
21665,train
8449,train
17842,train
8664,train
19305,train
11398,train
21005,train
29432,train
20373,train
6389,train
13115,train
274,train
26620,train
6846,train
24675,train
19226,train
16819,train
15014,train
17901,train
8399,train
7287,train
5757,train
20496,train
25744,train
4136,train
21691,train
14869,train
19035,train
23278,train
12586,train
29348,train
8039,train
11485,train
18618,train
21345,train
10166,train
10028,train
16703,train
17889,train
1435,train
9129,train
24972,train
4074,train
12494,train
395,train
2916,train
26277,train
8995,train
4339,train
2515,train
25914,train
20347,train
23717,train
21347,train
4671,train
27837,train
7402,train
23568,train
29720,train
29538,train
5070,train
10585,train
26276,train
10524,train
3882,train
27860,train
20195,train
19076,train
21935,train
21484,train
17090,train
17285,train
13382,train
23095,train
17495,train
877,train
6559,train
23648,train
19706,train
21336,train
18579,train
21476,train
22643,train
7800,train
13190,train
19022,train
5826,train
24337,train
3886,train
14775,train
17094,train
24855,train
21036,train
3193,train
1364,train
15808,train
6021,train
3699,train
825,train
8863,train
9029,train
17459,train
29479,train
8317,train
13442,train
25971,train
19134,train
27134,train
8290,train
14516,train
15615,train
18762,train
17520,train
15351,train
21525,train
24639,train
30698,train
12673,train
25110,train
20454,train
19233,train
12127,train
21327,train
7619,train
3080,train
2000,train
14673,train
18168,train
12303,train
12821,train
18600,train
18807,train
29299,train
21441,train
10386,train
22998,train
5622,train
27334,train
17007,train
6008,train
20007,train
9612,train
6371,train
13448,train
18274,train
27348,train
13487,train
24553,train
11801,train
30676,train
13031,train
26952,train
29459,train
7963,train
23697,train
18805,train
27776,train
19029,train
7088,train
2110,train
30509,train
29186,train
25400,train
20005,train
9311,train
10826,train
23789,train
22396,train
19976,train
30492,train
7871,train
6160,train
27708,train
18948,train
2411,train
4298,train
1823,train
6887,train
17938,train
26506,train
14691,train
26758,train
9927,train
11114,train
1348,train
3937,train
20633,train
20867,train
5326,train
16137,train
23803,train
30143,train
4857,train
10344,train
17218,train
1119,train
15782,train
5053,train
12106,train
23608,train
23696,train
3605,train
22236,train
3635,train
12999,train
11647,train
5876,train
24352,train
347,train
3317,train
11470,train
22283,train
22908,train
17188,train
3247,train
27960,train
15306,train
5464,train
3784,train
23963,train
21734,train
3770,train
15382,train
18562,train
25818,train
9968,train
16359,train
5101,train
11373,train
2772,train
26576,train
3398,train
5768,train
9627,train
16494,train
29352,train
24082,train
19232,train
1962,train
4234,train
14266,train
8643,train
18146,train
15537,train
26061,train
20031,train
2259,train
1744,train
541,train
2257,train
21031,train
16471,train
9639,train
11707,train
5098,train
19861,train
4142,train
22906,train
10811,train
16878,train
4787,train
30702,train
924,train
4902,train
16638,train
18076,train
16320,train
13968,train
10376,train
12687,train
18996,train
8651,train
19279,train
7091,train
9275,train
7019,train
10632,train
7457,train
15250,train
14641,train
22319,train
4,train
12410,train
7422,train
11711,train
7260,train
822,train
18725,train
25955,train
25619,train
27178,train
25262,train
20344,train
6273,train
22441,train
4615,train
18808,train
23933,train
8216,train
29900,train
27137,train
14163,train
27498,train
19127,train
26525,train
25447,train
4085,train
26795,train
27544,train
5505,train
5130,train
8642,train
456,train
30563,train
9297,train
17629,train
7647,train
17953,train
5273,train
2530,train
20224,train
11069,train
7794,train
6730,train
24435,train
18506,train
22337,train
27700,train
3458,train
23256,train
12435,train
4666,train
949,train
12796,train
23258,train
14806,train
12340,train
6170,train
10180,train
18054,train
22349,train
29779,train
1078,train
90,train
19064,train
2027,train
19205,train
7408,train
16097,train
13897,train
18839,train
8129,train
6701,train
27595,train
14479,train
27604,train
5754,train
14977,train
14816,train
28425,train
1909,train
27567,train
4408,train
21276,train
25463,train
20722,train
2654,train
26256,train
23834,train
7584,train
6492,train
15779,train
17946,train
308,train
10494,train
23927,train
811,train
29854,train
1246,train
27613,train
10328,train
12534,train
17447,train
29756,train
3636,train
16446,train
29295,train
12644,train
29526,train
17910,train
3548,train
15774,train
19901,train
11955,train
1628,train
15688,train
18432,train
28838,train
13102,train
4290,train
19717,train
4139,train
14187,train
13746,train
12951,train
1758,train
30,train
1653,train
16146,train
30269,train
23325,train
15171,train
29883,train
11844,train
22493,train
23911,train
28953,train
27079,train
10870,train
19121,train
10315,train
834,train
14123,train
15441,train
19218,train
21989,train
25377,train
18391,train
22744,train
29994,train
4943,train
25505,train
18493,train
6738,train
7571,train
6252,train
5286,train
20605,train
2923,train
8396,train
19644,train
8149,train
26998,train
30638,train
27922,train
24405,train
11874,train
21563,train
22137,train
2504,train
23237,train
6985,train
10109,train
7338,train
18852,train
16727,train
15321,train
29751,train
28462,train
6175,train
28883,train
25193,train
3363,train
259,train
26231,train
9424,train
20519,train
15924,train
19773,train
18921,train
12689,train
16605,train
16373,train
23866,train
25316,train
21089,train
11530,train
19009,train
896,train
26948,train
155,train
22938,train
5005,train
22562,train
10194,train
17162,train
13379,train
13486,train
8381,train
1474,train
24106,train
11064,train
12321,train
16800,train
21987,train
7954,train
11845,train
22348,train
13811,train
17619,train
24428,train
24632,train
8872,train
18483,train
2560,train
13778,train
10676,train
30022,train
26251,train
28471,train
935,train
10116,train
13094,train
14968,train
24801,train
13560,train
18968,train
22391,train
9677,train
29392,train
20100,train
1032,train
29052,train
5066,train
29248,train
25417,train
10790,train
2623,train
22000,train
19362,train
23275,train
28581,train
6946,train
8071,train
18857,train
28190,train
28075,train
27602,train
26929,train
18793,train
7777,train
15884,train
2238,train
3110,train
4643,train
26287,train
11342,train
13767,train
20683,train
2699,train
2339,train
16711,train
15726,train
15784,train
6527,train
29434,train
19768,train
1130,train
4627,train
10121,train
7501,train
27009,train
4803,train
28052,train
1037,train
24350,train
29232,train
9630,train
13726,train
8578,train
8296,train
29463,train
12928,train
8015,train
25717,train
3168,train
16858,train
13055,train
5418,train
6162,train
1161,train
22274,train
13157,train
10182,train
20478,train
17672,train
24409,train
14154,train
12160,train
27755,train
18376,train
17540,train
11555,train
5875,train
22770,train
28444,train
23330,train
21430,train
187,train
22421,train
14830,train
13719,train
15240,train
11777,train
20991,train
23546,train
6247,train
8452,train
7759,train
9057,train
27101,train
7058,train
24579,train
391,train
28374,train
2995,train
14881,train
6856,train
10365,train
2553,train
3105,train
27019,train
5387,train
29152,train
16897,train
14709,train
24689,train
9390,train
22289,train
24613,train
8650,train
1271,train
28777,train
12953,train
5363,train
27899,train
1456,train
7447,train
2455,train
3531,train
13146,train
12675,train
25393,train
29550,train
22941,train
11402,train
14933,train
17675,train
4866,train
9439,train
8733,train
29821,train
20681,train
4135,train
1116,train
29915,train
15056,train
11075,train
4547,train
12846,train
15981,train
26324,train
10842,train
16626,train
22802,train
17718,train
11807,train
18255,train
20800,train
25900,train
24829,train
29863,train
25790,train
6165,train
11904,train
21654,train
29104,train
6687,train
27223,train
23355,train
1122,train
16108,train
20520,train
28754,train
30640,train
18532,train
11866,train
7315,train
17534,train
25460,train
23689,train
7004,train
21379,train
21478,train
27269,train
200,train
28114,train
17160,train
4495,train
23894,train
24921,train
9859,train
115,train
27771,train
26338,train
20318,train
16182,train
20153,train
441,train
30157,train
15156,train
25076,train
7198,train
11722,train
1288,train
9438,train
25419,train
17224,train
953,train
16764,train
223,train
10608,train
8131,train
5851,train
28445,train
25631,train
20689,train
10626,train
2017,train
23397,train
23903,train
4350,train
879,train
5790,train
17762,train
25684,train
18736,train
1752,train
24791,train
25263,train
3206,train
23940,train
9389,train
7134,train
18286,train
26613,train
8753,train
11351,train
25370,train
20580,train
6966,train
22545,train
5878,train
26826,train
25552,train
10572,train
26816,train
3878,train
14685,train
26648,train
7400,train
10298,train
12090,train
8362,train
1376,train
14165,train
2566,train
3437,train
24471,train
22803,train
611,train
7195,train
11622,train
19531,train
2421,train
11677,train
9060,train
28214,train
1278,train
28364,train
11481,train
5861,train
17242,train
9039,train
3214,train
11200,train
16243,train
11175,train
27281,train
6429,train
27873,train
26700,train
16830,train
17513,train
20372,train
15243,train
24234,train
30282,train
30220,train
8402,train
1544,train
5516,train
18358,train
29123,train
3704,train
10252,train
22897,train
6317,train
15459,train
18209,train
24556,train
17570,train
5930,train
27386,train
22189,train
30497,train
11222,train
27877,train
6600,train
7529,train
17806,train
3827,train
3227,train
29397,train
26565,train
30343,train
15599,train
26905,train
17866,train
10200,train
9361,train
6617,train
24604,train
6953,train
23587,train
271,train
27124,train
24533,train
30554,train
1413,train
13653,train
23296,train
18961,train
9956,train
19473,train
17623,train
18160,train
30352,train
2001,train
1238,train
3443,train
24662,train
27767,train
29070,train
2919,train
14852,train
21962,train
20059,train
24625,train
11073,train
1976,train
22552,train
24336,train
27903,train
4619,train
26461,train
28855,train
5077,train
4981,train
13684,train
16261,train
14537,train
29966,train
30104,train
13577,train
16837,train
28880,train
30421,train
21825,train
29185,train
10083,train
21586,train
6065,train
6883,train
20539,train
6661,train
25825,train
25777,train
29808,train
26503,train
16654,train
29560,train
14995,train
22508,train
15655,train
9606,train
26535,train
21679,train
16484,train
1964,train
29007,train
20690,train
10119,train
19818,train
26376,train
23794,train
8023,train
20270,train
21918,train
10211,train
23931,train
15775,train
14542,train
10447,train
1841,train
22540,train
19936,train
20404,train
14953,train
4401,train
9757,train
12124,train
2144,train
12857,train
537,train
6578,train
7845,train
40,train
6460,train
18175,train
19354,train
19687,train
27587,train
5447,train
19806,train
12971,train
24589,train
18362,train
1861,train
19950,train
16634,train
2846,train
12256,train
12238,train
20836,train
26368,train
22422,train
21675,train
159,train
26337,train
12255,train
25769,train
16218,train
14963,train
23359,train
22347,train
22226,train
28502,train
27500,train
1733,train
17093,train
2906,train
9292,train
13790,train
1426,train
23263,train
9671,train
765,train
4778,train
8535,train
23284,train
24726,train
18553,train
2477,train
9537,train
5166,train
29802,train
7708,train
9399,train
7837,train
6633,train
14997,train
19556,train
19819,train
1862,train
8502,train
13403,train
4649,train
22964,train
12859,train
10259,train
13996,train
14365,train
6989,train
29663,train
15416,train
27972,train
3670,train
22512,train
27672,train
28671,train
25090,train
19660,train
24804,train
27326,train
15890,train
24126,train
9162,train
14463,train
21392,train
23848,train
15145,train
17264,train
24229,train
21724,train
19641,train
16389,train
14460,train
23233,train
26034,train
25531,train
29986,train
17914,train
19259,train
10276,train
28284,train
30605,train
9871,train
27064,train
21895,train
25963,train
11031,train
13228,train
10026,train
13520,train
7513,train
2838,train
14863,train
26157,train
16002,train
30430,train
8768,train
24478,train
26935,train
22975,train
15710,train
27221,train
8714,train
25792,train
16954,train
21481,train
11501,train
25789,train
908,train
19050,train
6488,train
20826,train
8038,train
27569,train
19725,train
22961,train
30064,train
3017,train
20936,train
12667,train
3160,train
18079,train
13970,train
24605,train
20065,train
15477,train
20987,train
14309,train
7546,train
6064,train
23010,train
18731,train
28122,train
29868,train
8932,train
11157,train
20221,train
1026,train
24735,train
15835,train
284,train
14264,train
1236,train
21913,train
27055,train
12975,train
23801,train
4899,train
848,train
24030,train
11908,train
30732,train
14332,train
29544,train
13363,train
2662,train
13976,train
14604,train
6011,train
25346,train
20004,train
26947,train
28890,train
13842,train
23261,train
27687,train
4441,train
26101,train
3355,train
24701,train
16348,train
20648,train
2539,train
6083,train
19040,train
14817,train
28164,train
20895,train
27927,train
30583,train
13554,train
22279,train
2073,train
19407,train
5948,train
20848,train
19647,train
6805,train
2275,train
21138,train
11582,train
13757,train
6086,train
30168,train
6891,train
21680,train
5445,train
9391,train
11423,train
29020,train
2269,train
30043,train
11216,train
9506,train
23133,train
3769,train
20026,train
4310,train
3629,train
7765,train
9517,train
512,train
14686,train
1794,train
3592,train
886,train
5903,train
11159,train
9860,train
22812,train
17462,train
5148,train
10146,train
24034,train
3768,train
12456,train
14188,train
5590,train
15316,train
14384,train
11679,train
29840,train
3015,train
26515,train
25981,train
13511,train
22188,train
6220,train
12007,train
17255,train
16953,train
11595,train
28421,train
5509,train
19996,train
18035,train
23575,train
22090,train
19663,train
6381,train
28978,train
13774,train
1533,train
27723,train
22192,train
29236,train
1079,train
19931,train
3663,train
13962,train
22152,train
8540,train
25636,train
25579,train
7334,train
2036,train
8409,train
30231,train
14959,train
12400,train
11466,train
16882,train
11976,train
19331,train
8908,train
9429,train
594,train
10486,train
30155,train
8929,train
5502,train
22734,train
4404,train
9210,train
21584,train
9221,train
28734,train
9943,train
20395,train
20381,train
5732,train
17409,train
286,train
29365,train
22101,train
4439,train
8249,train
25752,train
15002,train
3051,train
9843,train
26810,train
22728,train
27316,train
11746,train
14696,train
3975,train
3433,train
12057,train
12550,train
5494,train
26501,train
13957,train
14101,train
11058,train
5290,train
1521,train
13933,train
13884,train
20156,train
14570,train
23396,train
2468,train
6197,train
9354,train
12000,train
4932,train
18825,train
13151,train
9112,train
13534,train
18528,train
5836,train
5158,train
8972,train
23928,train
28633,train
27931,train
7483,train
13703,train
28028,train
25096,train
356,train
10430,train
18813,train
5845,train
15936,train
12772,train
13356,train
27917,train
20913,train
15478,train
13838,train
226,train
9839,train
20544,train
4268,train
26441,train
12270,train
2837,train
28832,train
21270,train
301,train
1865,train
14612,train
27463,train
4991,train
13873,train
17296,train
29979,train
9247,train
9790,train
20369,train
18578,train
11148,train
9322,train
25961,train
14150,train
11549,train
7841,train
1039,train
13595,train
14215,train
596,train
15029,train
19674,train
11833,train
10094,train
15440,train
19510,train
11558,train
6110,train
24540,train
23076,train
26750,train
5113,train
11956,train
26730,train
4516,train
10249,train
22121,train
8201,train
14584,train
8528,train
28217,train
26006,train
25848,train
1209,train
10310,train
106,train
12700,train
17201,train
15704,train
6493,train
2533,train
8515,train
4372,train
21006,train
4488,train
16919,train
20820,train
27772,train
14305,train
4120,train
16085,train
3600,train
15196,train
27390,train
22240,train
3278,train
15164,train
25923,train
12380,train
30199,train
7813,train
683,train
15311,train
26783,train
18882,train
5880,train
5260,train
11588,train
11954,train
22532,train
24637,train
15398,train
18380,train
15163,train
930,train
3554,train
18602,train
8097,train
15406,train
2733,train
20061,train
15525,train
370,train
6155,train
1430,train
12645,train
11708,train
30710,train
23962,train
24250,train
7667,train
28575,train
6474,train
13686,train
26922,train
18284,train
29475,train
243,train
18101,train
5341,train
21673,train
19863,train
1932,train
22557,train
6234,train
637,train
24790,train
28248,train
13747,train
9723,train
16615,train
26634,train
15280,train
13618,train
20981,train
20029,train
30068,train
24976,train
17800,train
9204,train
25140,train
24155,train
7071,train
10085,train
9892,train
14049,train
5615,train
7098,train
19713,train
11475,train
30542,train
5524,train
27531,train
10349,train
9694,train
408,train
578,train
20584,train
29344,train
17530,train
17491,train
14282,train
23092,train
29620,train
15027,train
17698,train
21961,train
10096,train
18317,train
17105,train
1584,train
18745,train
16263,train
10780,train
25647,train
2285,train
27381,train
21904,train
13132,train
17315,train
13662,train
14684,train
17759,train
19955,train
11586,train
11291,train
22660,train
18030,train
3128,train
22726,train
13316,train
21524,train
10672,train
4020,train
20876,train
15281,train
19675,train
26734,train
19536,train
18016,train
10400,train
14077,train
15193,train
12854,train
4058,train
7223,train
23765,train
11210,train
13859,train
26443,train
21866,train
19328,train
4903,train
19285,train
30265,train
14364,train
17303,train
27650,train
21303,train
15461,train
23616,train
30189,train
9858,train
1204,train
27583,train
23666,train
25889,train
6939,train
2840,train
10181,train
29961,train
7227,train
17536,train
6747,train
11220,train
20431,train
25349,train
10218,train
23154,train
28674,train
9111,train
18384,train
27251,train
12672,train
13318,train
11645,train
4867,train
7561,train
21543,train
27876,train
29445,train
5555,train
9140,train
7347,train
4209,train
26344,train
17624,train
20879,train
1663,train
25962,train
17184,train
5575,train
8916,train
15626,train
6319,train
27576,train
7100,train
9258,train
1788,train
6597,train
6865,train
17190,train
1697,train
30686,train
18480,train
28356,train
22344,train
5711,train
27891,train
19975,train
21556,train
27035,train
28607,train
25700,train
1860,train
23445,train
24327,train
16247,train
7186,train
6033,train
16511,train
1635,train
27885,train
9268,train
5405,train
24157,train
9809,train
12608,train
15952,train
5302,train
9335,train
7139,train
1366,train
6476,train
3070,train
7801,train
11382,train
18836,train
17335,train
21850,train
7593,train
855,train
7132,train
26691,train
11249,train
4859,train
17217,train
4514,train
5434,train
27255,train
9588,train
6026,train
15112,train
23225,train
14718,train
24673,train
7682,train
9963,train
20456,train
2547,train
22085,train
1960,train
2040,train
7123,train
16042,train
26846,train
26333,train
305,train
8969,train
3350,train
24257,train
25829,train
8369,train
29874,train
3476,train
11389,train
10914,train
21082,train
14890,train
18525,train
6001,train
1948,train
15744,train
1129,train
17864,train
1809,train
66,train
30802,train
9563,train
16395,train
3479,train
24942,train
11924,train
1896,train
27998,train
2841,train
16082,train
2957,train
772,train
1754,train
3837,train
15617,train
16522,train
14804,train
22767,train
28050,train
27473,train
9939,train
18073,train
14854,train
14026,train
8522,train
1077,train
14672,train
21615,train
6802,train
9084,train
16766,train
23250,train
10304,train
23957,train
21349,train
30646,train
12997,train
29216,train
14108,train
16124,train
25506,train
25151,train
17247,train
17553,train
636,train
11948,train
13322,train
690,train
2308,train
25584,train
3349,train
27968,train
18772,train
10740,train
14525,train
26858,train
23517,train
25214,train
16153,train
12950,train
11267,train
26068,train
30553,train
24539,train
13759,train
16025,train
9749,train
808,train
9104,train
30148,train
15205,train
17465,train
28964,train
29286,train
22032,train
13464,train
8391,train
17755,train
27733,train
5115,train
24247,train
6771,train
14194,train
1089,train
20086,train
7809,train
5852,train
17661,train
22822,train
23385,train
10474,train
15919,train
15587,train
8482,train
9780,train
29099,train
26762,train
26216,train
12304,train
24373,train
24107,train
13627,train
9257,train
26414,train
1266,train
20833,train
23404,train
25128,train
4465,train
21947,train
11181,train
29824,train
23537,train
14948,train
25614,train
11403,train
28144,train
16060,train
7379,train
14216,train
14386,train
11878,train
4814,train
20196,train
22868,train
2200,train
5929,train
24316,train
25876,train
27330,train
8291,train
4982,train
29703,train
25497,train
1483,train
16317,train
26315,train
18228,train
17611,train
14675,train
22712,train
30755,train
8119,train
299,train
167,train
22249,train
29249,train
22313,train
14001,train
236,train
24754,train
3724,train
3860,train
2704,train
20695,train
23236,train
19004,train
14412,train
17219,train
28851,train
16217,train
16560,train
7509,train
13103,train
28785,train
117,train
10847,train
13069,train
27517,train
5292,train
24298,train
5301,train
7449,train
15346,train
14417,train
10813,train
29702,train
5444,train
14866,train
21358,train
8966,train
12871,train
4782,train
20197,train
21565,train
12949,train
8262,train
23412,train
8672,train
11941,train
16792,train
8857,train
22840,train
8230,train
5750,train
23902,train
16063,train
6951,train
551,train
28604,train
1004,train
28064,train
608,train
24353,train
10461,train
4361,train
3787,train
20710,train
24423,train
8288,train
12155,train
30490,train
27683,train
29240,train
16677,train
16427,train
13864,train
10341,train
3276,train
25283,train
22364,train
11704,train
9098,train
19853,train
14059,train
23098,train
17764,train
485,train
8448,train
28107,train
19985,train
17770,train
19491,train
18608,train
1684,train
739,train
22015,train
7628,train
64,train
14415,train
8204,train
22248,train
15216,train
13484,train
309,train
3221,train
19803,train
14626,train
22227,train
2858,train
13432,train
3067,train
8265,train
30100,train
12110,train
12677,train
5394,train
2896,train
24950,train
22234,train
8411,train
12891,train
17437,train
12002,train
23130,train
25728,train
3675,train
2332,train
19512,train
15747,train
3840,train
14146,train
11443,train
2391,train
26497,train
30053,train
27809,train
28074,train
544,train
6840,train
5296,train
16717,train
5398,train
12241,train
8427,train
20890,train
16809,train
5545,train
28,train
17804,train
4731,train
22498,train
11188,train
27087,train
6587,train
23809,train
1605,train
3291,train
22791,train
5897,train
27632,train
23305,train
836,train
19831,train
21398,train
16565,train
3723,train
26485,train
978,train
972,train
10483,train
24236,train
6892,train
14882,train
19213,train
5828,train
5466,train
27949,train
8503,train
3807,train
9964,train
5092,train
10313,train
28844,train
422,train
22989,train
14127,train
726,train
4507,train
9815,train
8309,train
16916,train
1835,train
9525,train
30058,train
21069,train
25204,train
1908,train
273,train
29146,train
1152,train
10800,train
20688,train
23576,train
29495,train
21551,train
27054,train
376,train
2964,train
4506,train
22810,train
19261,train
1904,train
30076,train
14772,train
16985,train
26199,train
27530,train
21956,train
16225,train
23245,train
23896,train
4969,train
27241,train
15667,train
28789,train
25177,train
19529,train
5883,train
30240,train
10841,train
18430,train
7690,train
375,train
1782,train
9139,train
10891,train
8390,train
9190,train
21715,train
11060,train
7722,train
21127,train
12579,train
24330,train
29481,train
19160,train
12668,train
8188,train
9218,train
25174,train
3330,train
16112,train
18396,train
8350,train
4990,train
7932,train
17150,train
14119,train
775,train
20382,train
3519,train
8924,train
25702,train
1428,train
2310,train
29165,train
1996,train
22970,train
12022,train
20692,train
22916,train
17109,train
24162,train
4939,train
2741,train
22695,train
3078,train
27983,train
27098,train
29068,train
28478,train
15384,train
462,train
6905,train
24312,train
513,train
8379,train
11328,train
17426,train
1633,train
14078,train
23968,train
24228,train
24636,train
16039,train
16126,train
20473,train
13119,train
18985,train
14517,train
11131,train
26395,train
4250,train
8185,train
21504,train
11469,train
11932,train
3377,train
9163,train
2152,train
27781,train
2177,train
25975,train
29767,train
10660,train
24302,train
23918,train
20286,train
30515,train
8859,train
17253,train
302,train
16138,train
27284,train
21170,train
16856,train
575,train
19968,train
10201,train
4258,train
6608,train
17810,train
26843,train
3319,train
2729,train
2323,train
2904,train
2122,train
50,train
1949,train
12150,train
9853,train
12189,train
8823,train
29866,train
5759,train
16315,train
25239,train
229,train
22594,train
12475,train
14559,train
5055,train
29669,train
8009,train
22103,train
30743,train
2480,train
146,train
1746,train
16382,train
17436,train
24305,train
19013,train
23409,train
6054,train
27693,train
29567,train
9202,train
23934,train
28004,train
13940,train
16944,train
4978,train
10452,train
15589,train
1378,train
16559,train
6566,train
24076,train
21511,train
3651,train
22461,train
24037,train
2720,train
7011,train
25390,train
28993,train
16724,train
24494,train
30643,train
12386,train
5802,train
12051,train
10491,train
444,train
17933,train
948,train
5212,train
17010,train
20385,train
6290,train
20611,train
7644,train
17523,train
10071,train
13472,train
12426,train
2488,train
13633,train
17418,train
16245,train
7083,train
2283,train
4531,train
3993,train
24484,train
23179,train
10736,train
22842,train
24406,train
145,train
7782,train
7559,train
24876,train
30708,train
5669,train
2326,train
23283,train
10792,train
10787,train
28825,train
26890,train
7303,train
30610,train
8917,train
10291,train
22068,train
10093,train
12897,train
28342,train
14396,train
7935,train
23186,train
2032,train
30144,train
18225,train
17648,train
16007,train
17104,train
1750,train
3176,train
17078,train
28465,train
23055,train
8576,train
24085,train
8481,train
5501,train
18130,train
28485,train
21285,train
7282,train
26447,train
30086,train
16536,train
12610,train
13821,train
4749,train
12805,train
20379,train
9171,train
12265,train
20609,train
16009,train
11560,train
26889,train
22923,train
20080,train
18556,train
9068,train
23038,train
22647,train
9357,train
5563,train
6670,train
22317,train
25705,train
26309,train
725,train
14248,train
1879,train
21169,train
21007,train
30166,train
22008,train
18904,train
22443,train
11611,train
21319,train
14758,train
4505,train
18117,train
18021,train
21316,train
3811,train
29422,train
26983,train
4841,train
1781,train
25875,train
19348,train
600,train
4090,train
7211,train
4003,train
13341,train
11671,train
21447,train
10573,train
24930,train
12206,train
26615,train
21354,train
17627,train
27270,train
13616,train
6526,train
4387,train
6018,train
30357,train
8446,train
27029,train
540,train
20645,train
14221,train
17024,train
1206,train
27611,train
15653,train
17440,train
25186,train
28835,train
4871,train
30358,train
17943,train
5331,train
18112,train
16580,train
8198,train
24291,train
30549,train
18971,train
5937,train
17807,train
17193,train
7615,train
28247,train
3957,train
19979,train
19012,train
29281,train
8830,train
17387,train
25169,train
6404,train
179,train
11329,train
29029,train
13927,train
27930,train
17268,train
15043,train
19346,train
2361,train
26582,train
11256,train
28459,train
17650,train
26991,train
11546,train
20721,train
5641,train
23166,train
8818,train
24563,train
18510,train
12131,train
1816,train
16086,train
20277,train
24788,train
24024,train
12749,train
14276,train
30273,train
5402,train
7964,train
16221,train
3126,train
28199,train
10241,train
12490,train
3671,train
289,train
27467,train
29747,train
15660,train
7915,train
2789,train
21514,train
11591,train
7882,train
21505,train
15432,train
16005,train
18787,train
22424,train
9478,train
4970,train
23944,train
29587,train
6152,train
5775,train
27311,train
23091,train
12446,train
23322,train
5450,train
26528,train
28528,train
26941,train
8337,train
22668,train
24530,train
4012,train
10523,train
20564,train
21852,train
4952,train
26518,train
8569,train
19715,train
1222,train
21263,train
22014,train
16447,train
30260,train
25165,train
27734,train
27996,train
7102,train
2745,train
17317,train
28428,train
11531,train
10045,train
18377,train
16775,train
2330,train
7418,train
28024,train
25830,train
22251,train
21264,train
22797,train
10742,train
23177,train
21558,train
24089,train
7899,train
2532,train
18224,train
29253,train
17824,train
22271,train
6948,train
7852,train
10851,train
5138,train
17037,train
17566,train
10713,train
25739,train
19576,train
6391,train
29200,train
16299,train
26522,train
8892,train
9413,train
3323,train
4238,train
109,train
9201,train
27194,train
25046,train
20437,train
404,train
9877,train
14153,train
8062,train
2311,train
30277,train
24109,train
20761,train
15700,train
29417,train
22393,train
14045,train
25740,train
5574,train
6044,train
3488,train
25558,train
1472,train
26919,train
25116,train
27923,train
28027,train
25445,train
9634,train
24987,train
29519,train
26240,train
25852,train
4161,train
6464,train
14438,train
8056,train
29890,train
5476,train
25676,train
23653,train
7116,train
4206,train
24751,train
13761,train
27997,train
27724,train
28357,train
9303,train
28225,train
22384,train
19183,train
21094,train
26932,train
14635,train
1709,train
20266,train
1893,train
22007,train
255,train
6361,train
17250,train
6138,train
22656,train
27115,train
2849,train
4246,train
11458,train
6826,train
30264,train
10734,train
15556,train
1056,train
8343,train
1658,train
15820,train
3239,train
14387,train
29827,train
28802,train
27938,train
15126,train
5050,train
26939,train
24230,train
21544,train
1440,train
24718,train
28224,train
5470,train
656,train
20147,train
30585,train
26830,train
992,train
9265,train
907,train
22892,train
20415,train
24404,train
1291,train
7153,train
18709,train
6363,train
15644,train
7045,train
23552,train
974,train
9635,train
27580,train
6631,train
6658,train
23852,train
17479,train
2479,train
8345,train
1987,train
9805,train
5379,train
9703,train
24858,train
9419,train
10698,train
27937,train
25055,train
20866,train
18482,train
11947,train
9710,train
11989,train
26002,train
23822,train
13535,train
23868,train
22489,train
30305,train
29231,train
11375,train
4034,train
16596,train
22574,train
25554,train
29206,train
11207,train
8043,train
12233,train
4511,train
6241,train
6694,train
2425,train
7339,train
12547,train
130,train
10745,train
8492,train
10419,train
5890,train
14519,train
12396,train
28565,train
10326,train
7192,train
10576,train
10118,train
8144,train
1475,train
7202,train
7289,train
9198,train
8465,train
22597,train
14752,train
30096,train
8742,train
13084,train
17710,train
22971,train
24659,train
457,train
20589,train
26796,train
6554,train
10113,train
27538,train
5206,train
6854,train
8618,train
29034,train
12597,train
16938,train
18202,train
19191,train
3820,train
30060,train
1415,train
10407,train
19637,train
21074,train
23637,train
24171,train
22119,train
19724,train
21062,train
10487,train
30300,train
12390,train
27243,train
11879,train
9515,train
4958,train
20944,train
21897,train
6727,train
5200,train
13215,train
3945,train
25210,train
19953,train
12894,train
20427,train
9467,train
29975,train
26167,train
16374,train
6424,train
5817,train
18032,train
10283,train
13658,train
29375,train
16453,train
22910,train
11823,train
10371,train
21937,train
26254,train
23630,train
16609,train
2106,train
1085,train
23333,train
10894,train
2460,train
6481,train
24666,train
1907,train
25251,train
24464,train
28768,train
162,train
17983,train
1517,train
28014,train
6510,train
12845,train
30374,train
20021,train
27965,train
11029,train
9625,train
28297,train
27879,train
10699,train
1431,train
3877,train
1123,train
15989,train
13951,train
25892,train
28431,train
989,train
29584,train
20506,train
24875,train
22255,train
21426,train
7979,train
16644,train
12786,train
20263,train
14121,train
6552,train
20857,train
7221,train
2114,train
7014,train
26426,train
25723,train
19448,train
14889,train
11902,train
21513,train
4648,train
8321,train
5467,train
23917,train
29626,train
3331,train
13267,train
10480,train
18178,train
7261,train
2039,train
2499,train
17052,train
7180,train
4878,train
21533,train
14435,train
12504,train
4375,train
26815,train
13493,train
569,train
11706,train
2088,train
17699,train
21778,train
8045,train
13067,train
9326,train
21367,train
26219,train
6595,train
1638,train
661,train
23172,train
4815,train
26811,train
26912,train
28236,train
19759,train
27616,train
8210,train
28907,train
12924,train
28294,train
15546,train
24616,train
26375,train
14902,train
6781,train
12121,train
20008,train
10423,train
30178,train
1091,train
344,train
13160,train
17721,train
22841,train
2604,train
6872,train
26090,train
13077,train
26056,train
1115,train
9452,train
19839,train
18520,train
17066,train
4045,train
28827,train
16824,train
15946,train
18922,train
5888,train
15622,train
17740,train
507,train
29087,train
26225,train
24152,train
3302,train
15988,train
2773,train
15202,train
19557,train
17957,train
9884,train
17245,train
28165,train
25431,train
15976,train
10495,train
13502,train
17326,train
5947,train
23901,train
10051,train
7327,train
4813,train
4236,train
7064,train
13481,train
7297,train
67,train
30737,train
24102,train
1775,train
6508,train
22217,train
24402,train
3947,train
15326,train
12745,train
20272,train
11143,train
2415,train
6135,train
12817,train
5343,train
5773,train
26859,train
13030,train
954,train
19442,train
12332,train
25341,train
10918,train
7237,train
559,train
4089,train
15412,train
25168,train
12937,train
8032,train
254,train
12156,train
26459,train
18072,train
27886,train
194,train
25290,train
30008,train
5486,train
19688,train
1683,train
15692,train
21493,train
20726,train
3844,train
17371,train
8717,train
7897,train
27701,train
7914,train
23591,train
25016,train
6563,train
25045,train
6287,train
27339,train
21417,train
18066,train
29261,train
21823,train
22784,train
8920,train
9180,train
15497,train
28547,train
13127,train
3477,train
22982,train
12858,train
5284,train
3483,train
28816,train
29692,train
29593,train
7978,train
11042,train
8281,train
9715,train
16917,train
8805,train
20169,train
1062,train
4736,train
11609,train
6756,train
22425,train
4974,train
10209,train
6690,train
22860,train
3460,train
1958,train
14167,train
4099,train
13756,train
2586,train
22096,train
10460,train
11781,train
24053,train
13942,train
27703,train
16444,train
15762,train
20047,train
17921,train
7007,train
26972,train
27793,train
1776,train
22395,train
24083,train
20571,train
25385,train
10393,train
25017,train
2049,train
21435,train
11613,train
18650,train
29576,train
11836,train
10102,train
12330,train
22150,train
13769,train
28440,train
16485,train
11094,train
7026,train
24787,train
30467,train
11139,train
10321,train
24810,train
12227,train
3089,train
1926,train
2305,train
25024,train
18607,train
11983,train
2047,train
8397,train
23089,train
19991,train
11945,train
29730,train
27620,train
19679,train
11440,train
6413,train
20228,train
24503,train
12930,train
20740,train
6314,train
17003,train
23131,train
23427,train
12407,train
27624,train
18370,train
18704,train
5392,train
18498,train
7136,train
3457,train
25350,train
249,train
7496,train
14880,train
26878,train
16176,train
21534,train
15220,train
3439,train
2909,train
19288,train
18786,train
29190,train
3406,train
28967,train
27488,train
30292,train
4295,train
9107,train
6311,train
30485,train
7034,train
16611,train
28712,train
14856,train
15369,train
21602,train
18788,train
13427,train
25087,train
3584,train
5967,train
18656,train
27800,train
14369,train
24292,train
7969,train
11215,train
2084,train
15152,train
3157,train
3453,train
478,train
26234,train
13964,train
25747,train
21364,train
482,train
8761,train
21515,train
25206,train
18259,train
15795,train
10541,train
12056,train
7970,train
13883,train
21501,train
11301,train
23162,train
6096,train
12250,train
18387,train
19743,train
26542,train
15998,train
25054,train
22678,train
20076,train
28369,train
4700,train
11967,train
24644,train
12196,train
13106,train
29926,train
3270,train
340,train
17691,train
19304,train
30793,train
14471,train
9264,train
8809,train
30434,train
22339,train
22419,train
19897,train
18075,train
2222,train
6436,train
24805,train
27798,train
14028,train
24655,train
11225,train
22147,train
29769,train
10462,train
10700,train
20350,train
15396,train
5255,train
30335,train
8538,train
11444,train
28918,train
16635,train
24410,train
9900,train
6516,train
2394,train
3388,train
10537,train
9006,train
30537,train
18346,train
1127,train
11572,train
11965,train
19115,train
5324,train
19925,train
6219,train
20303,train
27409,train
12872,train
27883,train
1842,train
24005,train
17428,train
8162,train
18964,train
26884,train
19083,train
23307,train
26928,train
24021,train
1848,train
13637,train
4179,train
9096,train
3712,train
20600,train
29684,train
6082,train
22257,train
30677,train
18872,train
1745,train
11448,train
1372,train
15020,train
9724,train
27932,train
11021,train
10072,train
10693,train
1805,train
16262,train
3941,train
28417,train
13351,train
1141,train
21322,train
20672,train
898,train
1082,train
10500,train
28333,train
20265,train
22268,train
12237,train
20827,train
16147,train
11977,train
29790,train
19170,train
4812,train
19186,train
21201,train
6050,train
15705,train
10643,train
11167,train
16726,train
2056,train
27985,train
30782,train
19804,train
24715,train
3848,train
24552,train
2459,train
24146,train
1367,train
20708,train
25166,train
17633,train
29691,train
22733,train
18907,train
1273,train
8779,train
11821,train
18417,train
4760,train
29628,train
12969,train
17875,train
15451,train
28286,train
5507,train
24854,train
18083,train
24895,train
1061,train
10368,train
9287,train
4609,train
9324,train
14233,train
18237,train
15969,train
8122,train
9078,train
22432,train
25566,train
3667,train
17356,train
23124,train
23986,train
9691,train
13286,train
22825,train
2599,train
9051,train
22038,train
13440,train
3596,train
7281,train
4175,train
10846,train
1487,train
12616,train
14887,train
22328,train
14788,train
20107,train
9898,train
18503,train
24929,train
75,train
27827,train
3196,train
16010,train
8110,train
21440,train
11953,train
22115,train
7003,train
5471,train
26408,train
10370,train
20443,train
20884,train
16409,train
16432,train
25980,train
23087,train
10147,train
13476,train
11132,train
3203,train
22045,train
20205,train
22480,train
22864,train
24871,train
25433,train
12543,train
11974,train
22947,train
30013,train
20678,train
1063,train
3664,train
27056,train
4883,train
6829,train
13033,train
25106,train
4696,train
128,train
6203,train
17263,train
25418,train
11386,train
3199,train
12366,train
7716,train
5475,train
14340,train
2500,train
18747,train
789,train
10177,train
2321,train
23469,train
16371,train
29171,train
19390,train
10922,train
846,train
461,train
3315,train
27322,train
15838,train
25669,train
17310,train
9633,train
25226,train
21265,train
7877,train
10142,train
25897,train
17511,train
28642,train
13971,train
20682,train
4577,train
19563,train
10702,train
20542,train
18404,train
14630,train
19053,train
8571,train
28804,train
4454,train
12889,train
22504,train
11493,train
20810,train
21210,train
12107,train
12514,train
1000,train
27562,train
8108,train
1540,train
8992,train
24981,train
15595,train
21252,train
23915,train
1314,train
15331,train
7101,train
28233,train
19710,train
19380,train
16585,train
27921,train
27012,train
21964,train
15390,train
3885,train
10234,train
7430,train
8074,train
27824,train
24198,train
3322,train
969,train
28618,train
10512,train
20299,train
4854,train
7545,train
28927,train
28860,train
18551,train
2810,train
10025,train
4975,train
25022,train
28556,train
24777,train
21208,train
23532,train
11259,train
16813,train
5278,train
11804,train
28108,train
22218,train
13434,train
15373,train
23127,train
3371,train
20702,train
3496,train
11097,train
3257,train
13854,train
1417,train
14235,train
4500,train
12311,train
25985,train
28136,train
29461,train
3063,train
604,train
10778,train
9403,train
3653,train
13180,train
9123,train
23468,train
10237,train
612,train
4264,train
14798,train
6648,train
10333,train
30576,train
30564,train
23028,train
8960,train
3798,train
1232,train
28606,train
28612,train
26286,train
14274,train
7013,train
606,train
10581,train
11049,train
24843,train
1820,train
29891,train
20788,train
30514,train
26595,train
15557,train
23262,train
21186,train
18993,train
11052,train
3542,train
2967,train
21926,train
7570,train
27614,train
9825,train
25851,train
16275,train
6061,train
20598,train
4229,train
25292,train
11081,train
17821,train
28998,train
30026,train
12117,train
20187,train
29345,train
30600,train
11298,train
1309,train
25170,train
21959,train
18190,train
17016,train
28132,train
26467,train
14286,train
26652,train
28138,train
30756,train
18960,train
4110,train
12010,train
20293,train
7472,train
15950,train
9732,train
11896,train
30567,train
3862,train
8685,train
6195,train
30010,train
27112,train
15327,train
13982,train
298,train
6356,train
20310,train
4946,train
8608,train
4352,train
28488,train
4215,train
18184,train
13820,train
2203,train
30067,train
3973,train
20686,train
17879,train
26163,train
17143,train
28654,train
17307,train
4735,train
6158,train
8698,train
8138,train
11065,train
195,train
27882,train
27477,train
17967,train
19359,train
16742,train
27623,train
21759,train
22677,train
9923,train
566,train
19223,train
12741,train
27858,train
26778,train
9714,train
3208,train
25799,train
10019,train
24583,train
10013,train
29138,train
29069,train
30381,train
20862,train
2319,train
12724,train
546,train
14256,train
22967,train
15963,train
15387,train
27506,train
4825,train
24688,train
4430,train
18930,train
21162,train
26020,train
5362,train
388,train
28989,train
11335,train
8051,train
22592,train
5645,train
27548,train
17846,train
12293,train
9903,train
10920,train
13044,train
19375,train
9165,train
11182,train
24015,train
8450,train
20451,train
1353,train
3927,train
12569,train
8223,train
12389,train
19372,train
22724,train
3608,train
2671,train
20622,train
23973,train
17174,train
19421,train
23553,train
13689,train
19508,train
15177,train
13455,train
2117,train
11630,train
1885,train
10695,train
2345,train
24244,train
20388,train
13162,train
11712,train
25539,train
3310,train
16342,train
21408,train
6540,train
7815,train
18356,train
28792,train
29985,train
17929,train
29806,train
18242,train
13193,train
28065,train
27874,train
1207,train
10686,train
23516,train
28826,train
23039,train
15559,train
14780,train
27598,train
14484,train
16187,train
27266,train
22357,train
19791,train
20182,train
27076,train
28177,train
13159,train
29226,train
15370,train
21047,train
5605,train
20296,train
12600,train
19742,train
25800,train
17108,train
25320,train
6103,train
23432,train
10336,train
7939,train
22028,train
24112,train
21567,train
15576,train
9305,train
20170,train
20601,train
9930,train
8780,train
10221,train
15687,train
26387,train
3859,train
10294,train
15273,train
13138,train
21365,train
10408,train
4698,train
10466,train
749,train
8242,train
29107,train
14457,train
13744,train
17847,train
5407,train
7000,train
14184,train
24951,train
19386,train
24904,train
18627,train
14206,train
3611,train
1765,train
16556,train
14631,train
29540,train
8199,train
15009,train
9454,train
5057,train
29428,train
1510,train
11822,train
27970,train
11162,train
8726,train
4255,train
23480,train
25248,train
18535,train
19530,train
23549,train
5899,train
1837,train
23642,train
30049,train
29919,train
149,train
9890,train
2889,train
27277,train
25299,train
9010,train
17869,train
14771,train
3411,train
12916,train
15376,train
29659,train
21284,train
9800,train
8042,train
2770,train
5597,train
29409,train
14135,train
8037,train
4874,train
21424,train
26318,train
12104,train
27712,train
28194,train
16545,train
23071,train
16763,train
25663,train
18347,train
27973,train
16963,train
9253,train
16477,train
26011,train
13022,train
16754,train
27570,train
24534,train
26680,train
15629,train
24144,train
20325,train
9159,train
9240,train
23618,train
9307,train
6598,train
8161,train
18835,train
11128,train
22213,train
20845,train
4996,train
15309,train
18516,train
9849,train
19136,train
30471,train
30055,train
12473,train
16443,train
9226,train
16991,train
14270,train
18898,train
5197,train
22662,train
15168,train
20172,train
2619,train
13339,train
23602,train
4895,train
4100,train
12402,train
29028,train
25625,train
2443,train
10577,train
18372,train
6641,train
4079,train
13172,train
17630,train
22543,train
20425,train
17461,train
7128,train
8658,train
5263,train
13480,train
28924,train
10945,train
11607,train
24837,train
2363,train
10421,train
8274,train
10459,train
22057,train
26915,train
20745,train
23201,train
4176,train
747,train
1645,train
18039,train
24160,train
12487,train
9369,train
28950,train
21842,train
20141,train
25617,train
16462,train
21707,train
13578,train
7266,train
4148,train
2067,train
29209,train
5484,train
27449,train
973,train
16767,train
17912,train
30762,train
1021,train
19826,train
10316,train
24066,train
14777,train
18027,train
19377,train
11452,train
17798,train
26875,train
5135,train
17860,train
17397,train
14663,train
18615,train
8866,train
30344,train
13597,train
21195,train
21620,train
1708,train
13739,train
3619,train
22179,train
26723,train
2576,train
2713,train
24671,train
17763,train
11914,train
783,train
2450,train
13012,train
21894,train
7443,train
3178,train
11066,train
20720,train
8011,train
1731,train
1096,train
21116,train
11203,train
3757,train
23287,train
8862,train
28637,train
22519,train
1822,train
1268,train
27458,train
23686,train
28007,train
944,train
24665,train
5285,train
12886,train
10947,train
10654,train
15572,train
17289,train
20615,train
30545,train
11831,train
14655,train
30481,train
8700,train
23192,train
30290,train
5772,train
9527,train
6137,train
7577,train
3727,train
11193,train
21933,train
22420,train
19163,train
9392,train
13659,train
6860,train
13443,train
5167,train
15552,train
920,train
14566,train
10394,train
25670,train
7510,train
15606,train
19002,train
9124,train
20752,train
26739,train
11209,train
24099,train
4016,train
28460,train
3908,train
16211,train
19961,train
24488,train
6619,train
12182,train
23125,train
16338,train
28414,train
8182,train
18815,train
25721,train
10539,train
5803,train
25039,train
27315,train
5926,train
21771,train
22207,train
22059,train
20735,train
3492,train
8047,train
17291,train
8981,train
20976,train
27699,train
25786,train
16127,train
6022,train
14573,train
6855,train
3297,train
29420,train
23695,train
19705,train
7285,train
6915,train
26296,train
2408,train
24411,train
4849,train
13311,train
9803,train
4738,train
15474,train
11723,train
20455,train
16280,train
5452,train
2267,train
23554,train
29106,train
13905,train
30037,train
26600,train
11421,train
18865,train
21723,train
10544,train
18450,train
11497,train
17548,train
16597,train
21686,train
3555,train
10280,train
22564,train
917,train
10022,train
24246,train
12669,train
5345,train
30779,train
3303,train
23433,train
29178,train
8155,train
26418,train
29462,train
15247,train
10443,train
29532,train
5170,train
28781,train
20553,train
23635,train
29113,train
17779,train
3436,train
14300,train
27096,train
8523,train
2565,train
9241,train
22799,train
14912,train
27097,train
4021,train
22098,train
1938,train
8813,train
466,train
10170,train
5579,train
23138,train
18598,train
11079,train
6994,train
22054,train
18738,train
10938,train
14202,train
14660,train
23734,train
23144,train
17346,train
1657,train
4050,train
4683,train
20411,train
6830,train
12267,train
3894,train
14183,train
27706,train
26769,train
19509,train
10873,train
7618,train
4362,train
22210,train
16866,train
28760,train
3536,train
15763,train
20662,train
12591,train
20133,train
16107,train
11975,train
3407,train
5099,train
14263,train
15930,train
14683,train
11502,train
3535,train
19600,train
8169,train
23636,train
14344,train
11369,train
5319,train
30443,train
7275,train
17051,train
4575,train
23013,train
4670,train
9321,train
9254,train
14074,train
2260,train
29064,train
4554,train
27647,train
18645,train
24599,train
6580,train
23784,train
28901,train
17029,train
10704,train
4584,train
4751,train
23499,train
11341,train
14022,train
25480,train
26360,train
25550,train
18019,train
14461,train
1937,train
9599,train
1578,train
21740,train
12190,train
21465,train
14126,train
2226,train
14504,train
11745,train
18680,train
150,train
675,train
7946,train
11041,train
25042,train
12344,train
20751,train
30176,train
13340,train
25368,train
18405,train
8836,train
1466,train
5621,train
14620,train
18533,train
29674,train
4499,train
11727,train
18707,train
1991,train
5553,train
6367,train
13809,train
24466,train
3971,train
10318,train
24879,train
26016,train
21899,train
24669,train
23309,train
17449,train
5619,train
9924,train
8064,train
12559,train
13615,train
11138,train
26383,train
20812,train
3985,train
9683,train
28571,train
5671,train
29668,train
18646,train
3732,train
9261,train
12965,train
16454,train
324,train
25276,train
10190,train
12650,train
21837,train
7259,train
21090,train
2996,train
19678,train
25675,train
7771,train
16716,train
5558,train
29201,train
25434,train
19672,train
26396,train
4544,train
5020,train
21326,train
10226,train
15873,train
10915,train
27253,train
18311,train
15039,train
23976,train
25266,train
15221,train
29367,train
23590,train
2264,train
27030,train
20727,train
12382,train
29458,train
16712,train
26430,train
25808,train
7094,train
5427,train
25013,train
11102,train
15953,train
26193,train
1149,train
7063,train
18385,train
4228,train
4482,train
8754,train
3866,train
24755,train
15400,train
9679,train
819,train
28363,train
1769,train
22873,train
22850,train
15207,train
1005,train
21300,train
19568,train
30101,train
10845,train
22466,train
19487,train
22389,train
15553,train
10603,train
26844,train
14347,train
11834,train
12324,train
318,train
28974,train
11852,train
19294,train
6903,train
18979,train
28152,train
4559,train
7586,train
16457,train
8644,train
592,train
16080,train
1644,train
22638,train
28749,train
2887,train
3031,train
10856,train
25793,train
22345,train
4347,train
30730,train
28569,train
5186,train
20027,train
16383,train
10020,train
1691,train
926,train
25019,train
10614,train
12449,train
3379,train
24371,train
28764,train
13320,train
15948,train
27543,train
20337,train
25763,train
24164,train
27889,train
15912,train
10662,train
20567,train
24458,train
13269,train
19014,train
4311,train
28285,train
24510,train
29982,train
17487,train
9208,train
21004,train
9026,train
1452,train
14811,train
14832,train
60,train
26512,train
24176,train
10834,train
6090,train
18004,train
10061,train
16709,train
17038,train
13306,train
30174,train
24043,train
29649,train
7459,train
30670,train
23776,train
15609,train
14103,train
19989,train
6490,train
11695,train
20547,train
17084,train
5730,train
23684,train
23342,train
9509,train
3685,train
4073,train
27389,train
7655,train
6024,train
23503,train
10953,train
5527,train
23539,train
4402,train
5318,train
26341,train
1340,train
29771,train
2176,train
30584,train
11518,train
20549,train
23441,train
14116,train
11460,train
28349,train
11997,train
16205,train
18360,train
23724,train
11096,train
30165,train
8283,train
3588,train
17215,train
580,train
7335,train
16715,train
8574,train
26533,train
22035,train
28473,train
738,train
27067,train
858,train
30780,train
5784,train
5602,train
28453,train
17667,train
14988,train
8798,train
4305,train
14427,train
9377,train
8176,train
3289,train
30186,train
15619,train
8203,train
30407,train
1695,train
24887,train
27828,train
9919,train
20006,train
8680,train
12497,train
20586,train
18981,train
6111,train
8164,train
19668,train
24913,train
14139,train
25372,train
17865,train
22129,train
22694,train
30568,train
13292,train
16408,train
24104,train
8777,train
3369,train
29419,train
12226,train
11101,train
9539,train
29368,train
7773,train
1223,train
24113,train
8674,train
18517,train
4097,train
26289,train
26365,train
20815,train
30770,train
9156,train
21077,train
28067,train
13049,train
9932,train
11846,train
19589,train
29374,train
27440,train
21934,train
2937,train
6921,train
6740,train
8635,train
30258,train
14109,train
7560,train
19190,train
3335,train
10606,train
19118,train
10648,train
18315,train
24427,train
29533,train
24284,train
23223,train
9193,train
6047,train
23641,train
8347,train
11319,train
5717,train
1099,train
16253,train
2961,train
5771,train
22178,train
1396,train
18244,train
20959,train
29876,train
15941,train
21306,train
3471,train
23025,train
587,train
27432,train
9474,train
18774,train
22686,train
19262,train
10176,train
13851,train
2061,train
17320,train
4288,train
26632,train
17641,train
2783,train
24311,train
26228,train
7727,train
14382,train
22616,train
16242,train
23123,train
343,train
161,train
8689,train
16988,train
27078,train
5288,train
12779,train
8285,train
26037,train
5637,train
11985,train
16406,train
5382,train
718,train
16200,train
21437,train
22780,train
26155,train
28996,train
11693,train
11290,train
9034,train
8126,train
915,train
1227,train
11119,train
5541,train
2407,train
20704,train
14289,train
4106,train
12850,train
24253,train
22020,train
19429,train
16062,train
3620,train
20128,train
18549,train
10932,train
10812,train
15540,train
10990,train
17904,train
17039,train
24519,train
28365,train
13990,train
22826,train
18334,train
8303,train
15276,train
17920,train
1963,train
16759,train
26123,train
26658,train
13184,train
2050,train
7729,train
615,train
18194,train
11757,train
28527,train
4949,train
2451,train
11019,train
6343,train
3241,train
241,train
2963,train
2162,train
12863,train
26173,train
13331,train
8599,train
12252,train
5179,train
14946,train
18143,train
5849,train
5189,train
24997,train
12848,train
6441,train
30029,train
18724,train
14482,train
1394,train
2224,train
19187,train
6430,train
11827,train
3076,train
15846,train
3731,train
28013,train
745,train
20311,train
9368,train
14826,train
11576,train
27675,train
23033,train
26481,train
26766,train
17639,train
22707,train
25671,train
7581,train
23708,train
16901,train
24561,train
18797,train
2140,train
23909,train
7115,train
5927,train
6200,train
22725,train
24567,train
20670,train
3467,train
22128,train
29321,train
5709,train
21490,train
21858,train
10086,train
15650,train
22074,train
8431,train
17614,train
10943,train
25850,train
6704,train
15209,train
5161,train
13715,train
10122,train
19694,train
19292,train
1349,train
17588,train
4467,train
14102,train
30079,train
14275,train
28088,train
29480,train
24626,train
4365,train
2640,train
20891,train
20103,train
21350,train
29031,train
1245,train
27787,train
12364,train
25838,train
20835,train
27685,train
28722,train
24581,train
11511,train
18422,train
16181,train
6766,train
18157,train
16207,train
29252,train
17228,train
14269,train
24958,train
16972,train
2834,train
22713,train
5198,train
8351,train
15166,train
18662,train
8430,train
11813,train
11995,train
12563,train
20940,train
18401,train
12428,train
2490,train
25311,train
1057,train
510,train
17828,train
29518,train
6099,train
1536,train
7325,train
23151,train
1219,train
21900,train
23670,train
25331,train
24575,train
9915,train
17538,train
16749,train
13562,train
11764,train
14947,train
4846,train
16912,train
15233,train
2610,train
30547,train
2891,train
5036,train
24431,train
21760,train
16710,train
18640,train
5758,train
11509,train
9378,train
23640,train
26171,train
4875,train
564,train
18410,train
2893,train
11277,train
18915,train
163,train
6975,train
22176,train
24097,train
10103,train
8260,train
12300,train
24975,train
5458,train
17850,train
13345,train
1276,train
25430,train
4448,train
2092,train
30185,train
12527,train
4394,train
14068,train
1554,train
9116,train
20635,train
10952,train
21730,train
14914,train
6857,train
14693,train
22886,train
25904,train
12983,train
7069,train
15833,train
27038,train
23195,train
6126,train
11533,train
2142,train
30749,train
2712,train
2097,train
19131,train
13768,train
5033,train
20042,train
18546,train
1933,train
25246,train
21970,train
28999,train
17353,train
30183,train
3766,train
6836,train
20941,train
27863,train
4322,train
5519,train
8408,train
12876,train
8731,train
26445,train
18336,train
20199,train
30261,train
19920,train
19234,train
25628,train
12302,train
20659,train
250,train
1467,train
6799,train
21418,train
9100,train
24965,train
9695,train
14262,train
1732,train
25891,train
27495,train
2453,train
5855,train
21185,train
14144,train
30441,train
7922,train
9708,train
24342,train
3364,train
8553,train
12878,train
23991,train
9479,train
20334,train
18008,train
16642,train
2519,train
14580,train
723,train
2412,train
12408,train
659,train
14241,train
12797,train
26483,train
15063,train
1258,train
18440,train
19382,train
22593,train
12372,train
18682,train
12659,train
18327,train
22904,train
9482,train
24623,train
21902,train
21783,train
8976,train
706,train
13203,train
13628,train
17854,train
30651,train
24010,train
29967,train
19951,train
6414,train
17638,train
9722,train
11108,train
23375,train
26241,train
23701,train
17678,train
30227,train
8683,train
21813,train
3681,train
3490,train
1607,train
14917,train
4195,train
854,train
28741,train
6605,train
851,train
22177,train
2230,train
3463,train
28389,train
242,train
19202,train
5142,train
18800,train
10776,train
3998,train
26271,train
19459,train
25089,train
10052,train
5603,train
6081,train
25103,train
11238,train
21880,train
10080,train
3707,train
9048,train
7170,train
20943,train
26655,train
27674,train
14506,train
22867,train
13390,train
9819,train
10299,train
11104,train
782,train
17559,train
5752,train
28892,train
26149,train
26080,train
29314,train
26279,train
29349,train
8187,train
29334,train
29423,train
11625,train
24865,train
10641,train
12258,train
5465,train
14576,train
20787,train
20048,train
25308,train
23687,train
4893,train
14358,train
23793,train
20242,train
12365,train
12334,train
13909,train
9330,train
9716,train
9095,train
26165,train
16849,train
15604,train
19385,train
20783,train
6950,train
8084,train
14842,train
15920,train
15675,train
4992,train
20510,train
23634,train
26548,train
26995,train
16188,train
6534,train
26664,train
29292,train
25154,train
4156,train
6969,train
4299,train
9502,train
17163,train
19858,train
764,train
368,train
6078,train
6161,train
27640,train
1140,train
17785,train
1380,train
13389,train
12008,train
12956,train
12861,train
12771,train
26422,train
22635,train
10303,train
17197,train
22304,train
24384,train
3682,train
20713,train
225,train
21936,train
14111,train
27302,train
1612,train
23862,train
28208,train
22330,train
16608,train
19652,train
3881,train
16449,train
4916,train
16321,train
29131,train
20927,train
7661,train
28039,train
2994,train
28593,train
28601,train
29383,train
21076,train
11447,train
13849,train
15183,train
11568,train
4178,train
27239,train
8168,train
15656,train
11297,train
4177,train
28632,train
3689,train
8560,train
10155,train
22254,train
9005,train
9555,train
20512,train
28911,train
21321,train
18956,train
21854,train
23506,train
15712,train
25591,train
15895,train
30693,train
14839,train
30750,train
2692,train
12684,train
30222,train
6755,train
29287,train
16061,train
30039,train
1956,train
8113,train
26559,train
6124,train
25707,train
9844,train
9280,train
27820,train
29227,train
7934,train
5072,train
1850,train
3969,train
24866,train
30603,train
22933,train
10570,train
14336,train
13087,train
24977,train
20033,train
13091,train
16810,train
15973,train
13708,train
9030,train
14322,train
28081,train
3737,train
27681,train
6280,train
4860,train
32,train
7637,train
12539,train
25773,train
25683,train
27435,train
13353,train
27329,train
1325,train
25476,train
29336,train
11981,train
13862,train
3805,train
15861,train
30015,train
14965,train
20514,train
1381,train
27916,train
18708,train
4222,train
4791,train
11734,train
4985,train
8762,train
14082,train
15932,train
30216,train
10833,train
26499,train
4371,train
18390,train
952,train
5798,train
8623,train
2598,train
6416,train
24084,train
29965,train
3103,train
5896,train
28416,train
13980,train
6383,train
25906,train
8820,train
22715,train
22215,train
6058,train
20851,train
12447,train
12236,train
6589,train
23299,train
805,train
17344,train
23771,train
4655,train
12012,train
16118,train
19987,train
20241,train
205,train
15042,train
11164,train
3296,train
8707,train
24325,train
345,train
18629,train
8432,train
642,train
21383,train
6121,train
1969,train
20755,train
28175,train
27417,train
21344,train
20497,train
28859,train
12643,train
14550,train
16588,train
691,train
6875,train
4359,train
17136,train
8405,train
30625,train
4723,train
12092,train
28806,train
12216,train
15095,train
18522,train
22408,train
14877,train
7390,train
23,train
1951,train
29910,train
22829,train
17140,train
83,train
26348,train
4092,train
622,train
19844,train
10678,train
14717,train
23739,train
29657,train
28591,train
11184,train
1216,train
15620,train
16003,train
799,train
15879,train
30389,train
25564,train
20888,train
30031,train
27630,train
6879,train
28923,train
18926,train
19938,train
1961,train
12433,train
1136,train
11239,train
4477,train
16131,train
28982,train
19037,train
1320,train
8923,train
6370,train
11355,train
21374,train
11901,train
4779,train
1734,train
5479,train
27978,train
9310,train
5578,train
30346,train
9676,train
21422,train
21287,train
30268,train
11370,train
27758,train
11637,train
29085,train
12540,train
12952,train
8063,train
8590,train
29612,train
5175,train
5193,train
18685,train
2126,train
29301,train
24334,train
9559,train
495,train
12451,train
13987,train
29622,train
4591,train
15139,train
15982,train
13930,train
21755,train
29493,train
11959,train
6194,train
19399,train
25413,train
19868,train
26131,train
20367,train
27867,train
7398,train
11580,train
4254,train
645,train
12780,train
7951,train
28881,train
3746,train
15129,train
11063,train
13947,train
6873,train
17009,train
23297,train
14867,train
7827,train
625,train
25592,train
23202,train
16089,train
29205,train
2014,train
25807,train
7660,train
12019,train
16155,train
15752,train
26814,train
22231,train
16671,train
16558,train
7930,train
16647,train
10413,train
15458,train
25661,train
17999,train
29093,train
9543,train
22369,train
13817,train
1250,train
8366,train
25709,train
14118,train
14553,train
3507,train
19830,train
4380,train
21406,train
14891,train
16659,train
6225,train
11286,train
19078,train
28311,train
234,train
197,train
1363,train
26869,train
14089,train
17048,train
27398,train
5153,train
19023,train
10354,train
22648,train
29641,train
6863,train
10029,train
28969,train
22615,train
26821,train
13650,train
24882,train
28197,train
12592,train
19977,train
501,train
4015,train
16064,train
27749,train
95,train
17551,train
17195,train
6565,train
3095,train
2529,train
11062,train
3475,train
16906,train
21757,train
10759,train
29237,train
10132,train
6638,train
999,train
20121,train
17892,train
22700,train
11070,train
8418,train
12391,train
25366,train
20638,train
3509,train
22497,train
29241,train
29136,train
22468,train
29255,train
8573,train
120,train
7592,train
5358,train
13436,train
5065,train
25726,train
11678,train
19862,train
2134,train
15721,train
19313,train
10264,train
8395,train
9380,train
20899,train
9534,train
26077,train
12987,train
29886,train
10991,train
10289,train
24275,train
18014,train
15768,train
21820,train
15457,train
7112,train
30368,train
29675,train
2046,train
709,train
11282,train
30768,train
12161,train
18980,train
14003,train
15103,train
28255,train
16304,train
29517,train
2863,train
3446,train
27225,train
14164,train
8622,train
6652,train
15482,train
3287,train
14290,train
29629,train
23604,train
20283,train
18945,train
9544,train
5652,train
10136,train
13923,train
13197,train
29296,train
17988,train
20384,train
26089,train
12114,train
29673,train
11192,train
9686,train
10021,train
10762,train
24847,train
4474,train
24241,train
25115,train
9761,train
21161,train
16214,train
10797,train
30014,train
6898,train
9848,train
12766,train
15978,train
21123,train
27535,train
7807,train
16890,train
17169,train
13713,train
22167,train
6089,train
18802,train
1668,train
10923,train
1889,train
30205,train
28368,train
5834,train
3869,train
7475,train
3151,train
25731,train
15471,train
5438,train
133,train
5920,train
26007,train
2166,train
24018,train
25886,train
15996,train
21318,train
26134,train
20554,train
8869,train
30715,train
5677,train
27298,train
12148,train
7620,train
3898,train
3904,train
3590,train
905,train
23280,train
24944,train
13213,train
14536,train
21802,train
2635,train
10828,train
22919,train
7601,train
23108,train
10591,train
1692,train
17812,train
5372,train
10278,train
23197,train
5256,train
19130,train
23951,train
11307,train
5570,train
14649,train
25843,train
14357,train
18015,train
11160,train
5383,train
10412,train
19419,train
18338,train
21993,train
27416,train
14514,train
4955,train
5748,train
25668,train
30042,train
7458,train
11735,train
5035,train
521,train
9574,train
8480,train
27275,train
26999,train
20003,train
22407,train
13671,train
18089,train
26827,train
11656,train
22162,train
9991,train
2852,train
18046,train
21582,train
27127,train
29454,train
18951,train
13126,train
12443,train
13411,train
6501,train
19280,train
22763,train
18018,train
13188,train
25337,train
20775,train
22764,train
542,train
22667,train
5885,train
29516,train
2807,train
3054,train
22589,train
29111,train
13853,train
23210,train
24215,train
25513,train
29273,train
7067,train
29118,train
18984,train
8451,train
21865,train
18952,train
28564,train
5094,train
4104,train
10398,train
10807,train
5160,train
5684,train
21645,train
18412,train
21236,train
15469,train
15333,train
25406,train
5013,train
14310,train
10907,train
18619,train
28621,train
15302,train
2855,train
25355,train
30395,train
651,train
28220,train
11909,train
350,train
8782,train
2578,train
22553,train
30783,train
4799,train
20716,train
2766,train
4193,train
6880,train
3393,train
6899,train
26411,train
7218,train
9451,train
18227,train
1538,train
160,train
29132,train
28582,train
7723,train
26264,train
10655,train
5386,train
7247,train
30561,train
20274,train
10560,train
7150,train
1499,train
7539,train
14629,train
26505,train
17987,train
24513,train
9529,train
12915,train
5146,train
14661,train
25102,train
23677,train
6743,train
29968,train
21829,train
6798,train
28939,train
23102,train
14421,train
11702,train
8661,train
1214,train
21662,train
10066,train
929,train
15831,train
27704,train
8256,train
30650,train
29413,train
2251,train
14296,train
23378,train
26460,train
25243,train
11296,train
15696,train
7791,train
8824,train
23372,train
29355,train
25950,train
29972,train
13415,train
29601,train
19041,train
22729,train
1272,train
23209,train
27655,train
14530,train
704,train
21460,train
24652,train
28452,train
7854,train
13412,train
6344,train
9538,train
26363,train
20198,train
26427,train
15298,train
19220,train
5221,train
8696,train
15303,train
30682,train
21026,train
5293,train
11991,train
947,train
3130,train
19905,train
4192,train
11347,train
9880,train
19042,train
5736,train
22318,train
22559,train
20630,train
16873,train
27451,train
21389,train
23970,train
4826,train
20166,train
210,train
28667,train
17984,train
1289,train
7222,train
23068,train
6868,train
3286,train
635,train
20330,train
30193,train
9231,train
11092,train
9510,train
10179,train
21569,train
26837,train
6088,train
5342,train
15709,train
8273,train
17229,train
18572,train
13717,train
6239,train
14892,train
27114,train
11116,train
579,train
16028,train
18012,train
23959,train
25654,train
19264,train
12725,train
8355,train
20732,train
15799,train
4988,train
28770,train
18648,train
17396,train
660,train
3656,train
2136,train
23573,train
18893,train
15805,train
26207,train
28030,train
13290,train
14174,train
20749,train
6943,train
11563,train
15391,train
22431,train
9720,train
18369,train
17485,train
13470,train
12286,train
24573,train
6590,train
15593,train
2195,train
20781,train
16851,train
1785,train
10038,train
2854,train
30435,train
14136,train
23243,train
13505,train
13755,train
10503,train
18078,train
26954,train
28180,train
9234,train
18949,train
21750,train
5408,train
4444,train
30190,train
22591,train
22972,train
15037,train
15898,train
11230,train
29328,train
8693,train
4734,train
23471,train
10492,train
22401,train
10752,train
18086,train
5675,train
3255,train
30517,train
24906,train
2446,train
21499,train
22722,train
18196,train
7977,train
6003,train
17002,train
7687,train
26987,train
20346,train
20513,train
7634,train
8695,train
10035,train
12230,train
2154,train
9449,train
14380,train
20333,train
17735,train
2068,train
18164,train
26398,train
19345,train
15237,train
28634,train
9975,train
30520,train
3513,train
24477,train
25397,train
25995,train
3133,train
15173,train
23727,train
29803,train
246,train
14352,train
24117,train
5568,train
3711,train
9798,train
11928,train
25867,train
13408,train
26979,train
16096,train
9277,train
21288,train
4317,train
29586,train
26434,train
7482,train
8755,train
16967,train
11129,train
21122,train
8676,train
30489,train
20491,train
1016,train
14277,train
17298,train
10714,train
1446,train
13013,train
28231,train
15549,train
8615,train
1866,train
406,train
28656,train
12837,train
2025,train
13417,train
3184,train
10184,train
12566,train
13823,train
20935,train
425,train
6222,train
14428,train
10857,train
9157,train
26100,train
22397,train
3794,train
17173,train
27906,train
27043,train
28352,train
15908,train
4475,train
24945,train
8092,train
22127,train
9620,train
21370,train
558,train
16185,train
23466,train
13856,train
28700,train
23161,train
27105,train
27497,train
12151,train
17203,train
17458,train
17331,train
1210,train
18521,train
26369,train
12553,train
26829,train
2824,train
12476,train
3448,train
30672,train
9992,train
18253,train
1832,train
20498,train
10867,train
13334,train
3978,train
6938,train
3713,train
15080,train
12646,train
1845,train
25905,train
4357,train
8606,train
13998,train
14658,train
8304,train
9758,train
10478,train
1705,train
16336,train
24529,train
5317,train
29502,train
650,train
26305,train
10068,train
9309,train
1356,train
22991,train
18693,train
16952,train
20467,train
19472,train
9338,train
5724,train
19965,train
30412,train
26718,train
20625,train
6094,train
25361,train
22341,train
26273,train
14694,train
15082,train
24811,train
3661,train
16826,train
28512,train
18789,train
24596,train
2523,train
315,train
27853,train
17494,train
17085,train
12138,train
27547,train
17475,train
10271,train
28759,train
13095,train
19492,train
9022,train
19087,train
8151,train
9748,train
7042,train
24499,train
27494,train
21594,train
16380,train
22427,train
24672,train
14667,train
16850,train
29010,train
23870,train
17413,train
30508,train
27206,train
17669,train
7220,train
16325,train
5184,train
13587,train
8213,train
8003,train
30017,train
22974,train
29059,train
2109,train
6333,train
9521,train
4737,train
30054,train
25633,train
10384,train
5076,train
19395,train
1241,train
18955,train
22181,train
14299,train
13888,train
24289,train
6562,train
13263,train
19507,train
4645,train
7583,train
5620,train
2123,train
5477,train
6448,train
5043,train
27402,train
19522,train
232,train
24214,train
15246,train
18507,train
11696,train
14095,train
17580,train
21304,train
5881,train
11657,train
8936,train
21168,train
306,train
20842,train
17563,train
13201,train
23165,train
16350,train
15561,train
1142,train
11348,train
24820,train
27878,train
7896,train
23509,train
29323,train
1763,train
2183,train
24355,train
2313,train
3068,train
30741,train
10508,train
26631,train
29486,train
7119,train
9497,train
16761,train
21025,train
9402,train
432,train
21790,train
5970,train
29515,train
9373,train
1229,train
2605,train
21193,train
964,train
13247,train
5662,train
16480,train
16213,train
18613,train
16801,train
28917,train
12374,train
5560,train
7917,train
21572,train
1338,train
1999,train
7159,train
25327,train
29817,train
10348,train
14009,train
21688,train
708,train
12430,train
30065,train
20479,train
9070,train
16538,train
1555,train
28870,train
24947,train
19676,train
19447,train
22665,train
5580,train
27715,train
5582,train
7138,train
781,train
27808,train
12055,train
21720,train
27814,train
24101,train
18927,train
352,train
3450,train
505,train
2204,train
13032,train
4839,train
19971,train
30742,train
20136,train
26635,train
21605,train
18651,train
9019,train
26400,train
2816,train
13285,train
428,train
6614,train
22848,train
14486,train
19626,train
25192,train
1418,train
8808,train
23473,train
18639,train
7989,train
11571,train
6853,train
30538,train
9960,train
7448,train
28257,train
28867,train
10456,train
3124,train
18433,train
27745,train
7579,train
16627,train
20207,train
46,train
29709,train
3002,train
28209,train
7595,train
28677,train
22209,train
22196,train
22778,train
3561,train
30161,train
5824,train
4266,train
18118,train
29787,train
23530,train
21811,train
18062,train
9767,train
16466,train
2803,train
29847,train
8088,train
19274,train
168,train
20628,train
4759,train
5351,train
18183,train
25365,train
14430,train
19082,train
8458,train
26560,train
19680,train
6012,train
22696,train
3952,train
29427,train
23738,train
13787,train
23745,train
5459,train
27819,train
24522,train
7725,train
4095,train
24081,train
17087,train
24721,train
25037,train
477,train
19540,train
30075,train
15860,train
16234,train
7611,train
13742,train
2212,train
26822,train
15047,train
9170,train
23831,train
11144,train
22079,train
10082,train
16366,train
1256,train
1863,train
3864,train
16141,train
14561,train
19778,train
1651,train
25062,train
24321,train
29067,train
4323,train
16529,train
22549,train
28941,train
3049,train
8993,train
5079,train
22561,train
3187,train
10023,train
4527,train
3782,train
11514,train
4128,train
17077,train
21464,train
8414,train
22449,train
5461,train
3716,train
4082,train
26035,train
4243,train
8786,train
29426,train
10498,train
29320,train
24440,train
17668,train
25732,train
25318,train
8019,train
26767,train
16879,train
26295,train
2881,train
17643,train
5437,train
3621,train
11126,train
10148,train
29514,train
25597,train
1547,train
14782,train
23174,train
11106,train
3183,train
6032,train
23736,train
30422,train
23364,train
23534,train
22570,train
12360,train
25189,train
25499,train
18475,train
4847,train
14949,train
23132,train
29408,train
7636,train
30159,train
24576,train
27478,train
6100,train
21939,train
29678,train
7487,train
24058,train
3740,train
24060,train
17047,train
8516,train
12037,train
3418,train
29381,train
17749,train
13043,train
11439,train
815,train
12851,train
16996,train
25129,train
15671,train
18363,train
17259,train
16570,train
23548,train
24909,train
24739,train
25044,train
29558,train
4573,train
8211,train
1198,train
25607,train
13147,train
18375,train
22037,train
20354,train
3853,train
25751,train
1878,train
29247,train
24186,train
1249,train
1397,train
14437,train
18842,train
20530,train
24213,train
18659,train
3179,train
312,train
16184,train
2538,train
19734,train
2615,train
25029,train
9027,train
15631,train
12936,train
24179,train
17723,train
30707,train
536,train
7397,train
4320,train
29140,train
17138,train
13028,train
13145,train
6688,train
6304,train
2091,train
8856,train
7651,train
11309,train
16136,train
22657,train
1648,train
27031,train
12986,train
9178,train
9150,train
30448,train
6655,train
17653,train
9864,train
20706,train
23018,train
8802,train
8686,train
8568,train
20883,train
30364,train
23222,train
30683,train
30801,train
22601,train
1170,train
7114,train
13677,train
3043,train
7780,train
28316,train
18670,train
12923,train
8378,train
30009,train
23128,train
17254,train
8616,train
9532,train
10353,train
11992,train
19740,train
23159,train
10802,train
1324,train
25512,train
12177,train
8645,train
9654,train
17766,train
27420,train
8319,train
16445,train
793,train
6235,train
18067,train
12395,train
17439,train
5941,train
16523,train
12518,train
5027,train
20700,train
29438,train
16970,train
24063,train
21892,train
29452,train
18240,train
8246,train
17796,train
16571,train
4510,train
23366,train
17200,train
4466,train
16639,train
475,train
4534,train
371,train
7415,train
2085,train
1721,train
19151,train
2675,train
24892,train
21448,train
25342,train
8445,train
1315,train
12885,train
13589,train
24393,train
24508,train
15038,train
28071,train
27536,train
22093,train
23141,train
57,train
28120,train
18302,train
22703,train
15415,train
21500,train
29143,train
25615,train
29671,train
28467,train
12006,train
7217,train
18767,train
4029,train
11540,train
28613,train
9071,train
23514,train
27185,train
2801,train
30773,train
2869,train
29981,train
1470,train
19329,train
3893,train
7476,train
13789,train
2739,train
10467,train
14906,train
17908,train
22267,train
4354,train
17308,train
5223,train
13879,train
6244,train
20016,train
13953,train
7823,train
5110,train
22751,train
28044,train
5513,train
8147,train
16340,train
20397,train
22336,train
13090,train
5259,train
28960,train
20578,train
26278,train
7486,train
24498,train
5396,train
26036,train
24441,train
10078,train
25765,train
8641,train
10644,train
26772,train
23121,train
7949,train
21581,train
11915,train
24437,train
10332,train
10640,train
12073,train
22588,train
7609,train
2908,train
29293,train
29233,train
21400,train
18934,train
2169,train
22753,train
17231,train
12235,train
21202,train
27026,train
27842,train
14410,train
25112,train
29407,train
1826,train
15843,train
27403,train
26153,train
26215,train
26710,train
27062,train
7551,train
25352,train
6637,train
4115,train
28116,train
24878,train
5174,train
24934,train
26545,train
3249,train
2860,train
12910,train
2350,train
10682,train
8255,train
15067,train
30200,train
16946,train
26897,train
17676,train
30023,train
27987,train
2973,train
13113,train
13392,train
19910,train
1191,train
12320,train
27036,train
9644,train
14368,train
6890,train
3603,train
27762,train
25411,train
26511,train
4412,train
25638,train
2077,train
18588,train
11471,train
28146,train
24395,train
25052,train
24175,train
13861,train
6221,train
28646,train
18703,train
8334,train
26349,train
10755,train
22839,train
29713,train
24959,train
7833,train
943,train
10429,train
13952,train
2279,train
7169,train
22805,train
24870,train
26159,train
15756,train
8311,train
28327,train
23878,train
52,train
27025,train
25762,train
26740,train
8476,train
6185,train
1158,train
20120,train
23485,train
17482,train
26605,train
17395,train
4962,train
14132,train
4455,train
29962,train
20603,train
18418,train
16433,train
3353,train
30626,train
23694,train
6462,train
1564,train
6822,train
26974,train
7041,train
7206,train
22550,train
28983,train
5818,train
5782,train
652,train
13558,train
9601,train
25322,train
4292,train
26662,train
18320,train
5654,train
25107,train
28508,train
27977,train
15151,train
2550,train
19432,train
5008,train
26966,train
22403,train
15405,train
23675,train
15206,train
8474,train
29161,train
12519,train
9777,train
24205,train
8320,train
30660,train
25487,train
26213,train
10663,train
10319,train
5763,train
26027,train
27092,train
3845,train
14203,train
8800,train
6190,train
20660,train
3951,train
5737,train
5742,train
25424,train
27383,train
9969,train
548,train
15870,train
8943,train
20533,train
1181,train
28620,train
22146,train
10387,train
11621,train
27182,train
2758,train
25264,train
12521,train
3144,train
30721,train
8453,train
7641,train
4432,train
26854,train
16872,train
29752,train
5327,train
17881,train
21945,train
21491,train
10889,train
28984,train
28486,train
14172,train
28578,train
20051,train
29244,train
6098,train
21477,train
18764,train
7246,train
17969,train
11038,train
21670,train
6867,train
304,train
24642,train
2038,train
26420,train
16517,train
14958,train
6368,train
23522,train
20980,train
12317,train
11276,train
7861,train
12948,train
25139,train
4463,train
7631,train
3719,train
662,train
4882,train
13233,train
11313,train
1928,train
13631,train
3345,train
9916,train
2320,train
25637,train
19047,train
9697,train
18102,train
23589,train
29353,train
2297,train
29744,train
27264,train
10362,train
24527,train
23881,train
11098,train
23248,train
2775,train
3094,train
26419,train
23408,train
22048,train
17791,train
8036,train
27810,train
20821,train
29182,train
23900,train
1888,train
29667,train
8940,train
1420,train
18644,train
21314,train
6845,train
1482,train
4278,train
11474,train
8072,train
918,train
19394,train
25444,train
23693,train
15914,train
6263,train
28522,train
13429,train
12297,train
3429,train
21810,train
16377,train
29688,train
2338,train
1012,train
14703,train
19010,train
29946,train
23531,train
4493,train
3215,train
7705,train
2066,train
24638,train
2078,train
10831,train
7808,train
17185,train
23983,train
24712,train
30069,train
6770,train
16780,train
13304,train
21310,train
7359,train
21377,train
21155,train
28514,train
25806,train
14283,train
2170,train
29655,train
13275,train
16044,train
9418,train
813,train
15167,train
4745,train
14720,train
13683,train
26311,train
3212,train
15355,train
29126,train
12727,train
21927,train
23984,train
10472,train
10592,train
21309,train
12464,train
332,train
25182,train
5281,train
19926,train
26428,train
5068,train
12636,train
9205,train
17144,train
12120,train
25012,train
1504,train
6211,train
12568,train
21167,train
1912,train
4727,train
10392,train
17226,train
26329,train
10690,train
7057,train
30229,train
23264,train
28580,train
18479,train
23945,train
28367,train
7880,train
3382,train
23758,train
9881,train
14034,train
26959,train
23836,train
25357,train
9065,train
23064,train
7858,train
8774,train
3075,train
11787,train
17845,train
27050,train
5499,train
18248,train
10168,train
27764,train
5250,train
26166,train
21553,train
14761,train
25701,train
15008,train
12888,train
4621,train
16260,train
14726,train
30550,train
20160,train
10435,train
14086,train
29894,train
4303,train
9332,train
18009,train
22565,train
7207,train
21770,train
21792,train
26164,train
888,train
30572,train
3968,train
17819,train
10940,train
13867,train
18329,train
4428,train
29016,train
29120,train
674,train
5702,train
22071,train
407,train
15841,train
14193,train
803,train
28562,train
8301,train
5770,train
8,train
4005,train
16921,train
25236,train
7229,train
13418,train
24743,train
11399,train
30543,train
1771,train
30503,train
9772,train
4504,train
21923,train
13644,train
6255,train
15729,train
29489,train
1891,train
27607,train
18559,train
29008,train
5277,train
51,train
28586,train
11910,train
10282,train
3747,train
19069,train
25075,train
16838,train
14218,train
28800,train
2753,train
22517,train
12813,train
4127,train
14799,train
12784,train
1579,train
23139,train
5585,train
21126,train
29264,train
12973,train
26623,train
23336,train
20885,train
30530,train
28810,train
12844,train
5017,train
3285,train
24432,train
9444,train
3243,train
27811,train
6680,train
29618,train
3383,train
27161,train
11107,train
23155,train
12399,train
3884,train
16464,train
17147,train
20863,train
16847,train
14402,train
3252,train
21468,train
7494,train
11524,train
26208,train
26850,train
4461,train
25970,train
7009,train
29836,train
30345,train
21409,train
4752,train
12431,train
19754,train
14606,train
15878,train
14759,train
20406,train
7429,train
29335,train
1947,train
14000,train
15993,train
15612,train
8014,train
8442,train
17719,train
16632,train
5300,train
18141,train
30059,train
1014,train
378,train
25528,train
21779,train
4187,train
25791,train
11177,train
5656,train
3686,train
9184,train
28795,train
19276,train
21851,train
7015,train
3705,train
11512,train
9431,train
1192,train
1714,train
27362,train
19351,train
21903,train
5196,train
464,train
17750,train
25942,train
11201,train
21102,train
8179,train
3346,train
25582,train
4887,train
18180,train
14168,train
15288,train
28340,train
7411,train
12244,train
25467,train
22794,train
29603,train
20317,train
9282,train
5726,train
24073,train
27918,train
20262,train
16730,train
15383,train
25548,train
411,train
13459,train
22936,train
134,train
9076,train
5586,train
18353,train
16803,train
2984,train
27249,train
24319,train
9804,train
4821,train
17546,train
25092,train
12482,train
23610,train
27605,train
28525,train
12343,train
27260,train
17355,train
13323,train
1449,train
30656,train
2711,train
7231,train
23488,train
28484,train
28823,train
21134,train
29911,train
25339,train
2474,train
14042,train
10596,train
30420,train
18110,train
15146,train
26938,train
20002,train
28106,train
26886,train
9709,train
4123,train
11911,train
21241,train
11629,train
11638,train
10976,train
21144,train
10886,train
7891,train
11333,train
22087,train
2669,train
17683,train
16874,train
5236,train
14581,train
24761,train
7596,train
22287,train
25135,train
3092,train
23171,train
27061,train
1234,train
2277,train
1858,train
21260,train
21073,train
9689,train
17369,train
7473,train
8447,train
28641,train
11000,train
14713,train
18408,train
11817,train
807,train
20267,train
21728,train
19891,train
27290,train
1834,train
4790,train
30202,train
5254,train
4338,train
29312,train
13956,train
4658,train
2390,train
28791,train
17992,train
21559,train
2730,train
15600,train
11078,train
13189,train
22021,train
16660,train
24096,train
1660,train
7732,train
2628,train
30177,train
23012,train
12686,train
6486,train
17575,train
2367,train
21286,train
8832,train
24578,train
29096,train
18953,train
10314,train
12731,train
10436,train
20870,train
6218,train
18755,train
13714,train
3504,train
10561,train
9865,train
22113,train
28504,train
7344,train
20951,train
8681,train
4602,train
23126,train
5981,train
27214,train
15750,train
2508,train
29384,train
19219,train
9359,train
1405,train
12988,train
13636,train
9727,train
2348,train
24767,train
19200,train
7470,train
5109,train
6352,train
22980,train
28833,train
7251,train
21156,train
14822,train
7273,train
18967,train
19154,train
871,train
15891,train
26135,train
3946,train
23374,train
9295,train
19468,train
19504,train
14619,train
8723,train
4768,train
24580,train
15828,train
25050,train
23893,train
16109,train
25321,train
5397,train
18923,train
28381,train
2710,train
22496,train
61,train
360,train
8649,train
13904,train
4750,train
19192,train
4733,train
6723,train
17982,train
21180,train
6653,train
13988,train
2665,train
11779,train
2756,train
27040,train
5093,train
22957,train
12325,train
15648,train
10768,train
26585,train
9263,train
9016,train
28898,train
19413,train
7760,train
7306,train
3007,train
21587,train
29834,train
30035,train
13835,train
24614,train
30102,train
630,train
12920,train
9004,train
5697,train
25738,train
17314,train
4053,train
27510,train
28553,train
13698,train
22893,train
10154,train
5966,train
4512,train
1559,train
10231,train
16450,train
22937,train
16664,train
3552,train
13056,train
9530,train
30020,train
2439,train
21078,train
1551,train
30036,train
5246,train
2383,train
3559,train
18120,train
16983,train
25618,train
16307,train
14411,train
21381,train
7793,train
13509,train
11715,train
23344,train
17175,train
13273,train
27898,train
2071,train
13798,train
24601,train
10509,train
30350,train
8483,train
3940,train
18020,train
4756,train
5629,train
27541,train
17898,train
26982,train
4321,train
8153,train
6459,train
17616,train
20711,train
19221,train
28906,train
13702,train
24357,train
28149,train
11982,train
27925,train
10420,train
2037,train
15614,train
11881,train
8613,train
23346,train
25778,train
19879,train
16254,train
24615,train
4732,train
7955,train
11045,train
28657,train
7925,train
5497,train
25032,train
27145,train
27857,train
2924,train
7090,train
26274,train
6624,train
19054,train
30284,train
27933,train
23001,train
10406,train
24408,train
1177,train
3700,train
24163,train
21017,train
15159,train
25142,train
22272,train
14367,train
11367,train
15684,train
20641,train
10711,train
10618,train
7393,train
4961,train
4084,train
19943,train
27082,train
7167,train
15447,train
480,train
2542,train
9579,train
25466,train
17968,train
16257,train
310,train
7313,train
24349,train
7329,train
15093,train
29415,train
10635,train
8727,train
8575,train
27563,train
24033,train
10835,train
13450,train
20501,train
11906,train
2518,train
28807,train
19553,train
4293,train
24566,train
22924,train
4390,train
25235,train
22507,train
11034,train
10088,train
16959,train
20336,train
8903,train
27190,train
15170,train
24042,train
4684,train
18185,train
21158,train
24491,train
11891,train
2625,train
19370,train
9181,train
263,train
8551,train
1117,train
1287,train
18428,train
20276,train
22735,train
24753,train
22739,train
20123,train
16591,train
16344,train
27961,train
23446,train
17425,train
25452,train
17025,train
6803,train
16534,train
15632,train
10151,train
27181,train
8257,train
28456,train
4285,train
4665,train
30304,train
17237,train
11515,train
25025,train
19436,train
11883,train
21769,train
28472,train
19904,train
21415,train
23176,train
8020,train
10012,train
25422,train
17573,train
22814,train
6380,train
2107,train
12349,train
841,train
25097,train
21672,train
3145,train
10191,train
12119,train
15141,train
9666,train
18093,train
14647,train
25931,train
23863,train
9951,train
10872,train
10653,train
7417,train
8184,train
19621,train
26840,train
18052,train
11812,train
7881,train
5316,train
24143,train
9406,train
17555,train
24738,train
9214,train
6560,train
25307,train
6751,train
23779,train
14355,train
28430,train
13089,train
12822,train
24318,train
672,train
23415,train
2193,train
15934,train
18692,train
19933,train
9308,train
22490,train
23185,train
30313,train
18804,train
10996,train
12511,train
13898,train
27689,train
30792,train
30005,train
19966,train
23229,train
9217,train
29835,train
5419,train
20932,train
460,train
15743,train
27324,train
6866,train
21600,train
9136,train
17378,train
5780,train
7606,train
9230,train
19748,train
22502,train
15081,train
27502,train
5695,train
26359,train
18687,train
29696,train
25470,train
26883,train
20806,train
12617,train
2663,train
17797,train
29953,train
17733,train
6198,train
13367,train
18550,train
10782,train
16177,train
11247,train
4539,train
12642,train
20878,train
13894,train
2740,train
4653,train
207,train
20168,train
22691,train
2884,train
9099,train
2290,train
8336,train
25404,train
3755,train
29906,train
8513,train
26627,train
11950,train
25223,train
19796,train
15339,train
16848,train
25622,train
12728,train
9650,train
22750,train
29176,train
28223,train
12096,train
17857,train
16196,train
28798,train
11187,train
27945,train
19043,train
21761,train
5822,train
17351,train
16488,train
11952,train
3189,train
12778,train
11548,train
25606,train
23110,train
10948,train
21986,train
29574,train
6976,train
24358,train
6783,train
11564,train
12075,train
7531,train
29704,train
27627,train
23061,train
8372,train
19873,train
8228,train
15979,train
13503,train
12934,train
10251,train
30136,train
12995,train
24815,train
2524,train
24612,train
17031,train
30578,train
19098,train
6445,train
23676,train
23750,train
11700,train
10228,train
6066,train
584,train
8295,train
30291,train
12393,train
4664,train
26050,train
23381,train
5370,train
6700,train
12015,train
25004,train
7983,train
30455,train
30248,train
8655,train
25527,train
22738,train
24407,train
29303,train
22719,train
25694,train
3462,train
28230,train
13391,train
17076,train
13048,train
24480,train
292,train
12614,train
5150,train
27218,train
17688,train
26008,train
3253,train
15872,train
22883,train
5441,train
12958,train
7274,train
9897,train
26024,train
9503,train
21455,train
23240,train
817,train
19944,train
10257,train
15813,train
6193,train
18681,train
23266,train
10334,train
23978,train
8310,train
19562,train
21096,train
27716,train
22628,train
27523,train
24548,train
23733,train
30228,train
11900,train
16072,val
17137,val
13152,val
24149,val
2570,val
20994,val
10607,val
11377,val
15385,val
5102,val
18518,val
20673,val
486,val
29221,val
19524,val
17122,val
7515,val
10224,val
30739,val
11057,val
12141,val
3250,val
2767,val
30690,val
6557,val
9810,val
21297,val
13449,val
24828,val
18006,val
15452,val
9227,val
11895,val
6393,val
7680,val
12515,val
20084,val
30116,val
12411,val
16370,val
4239,val
24169,val
20376,val
20577,val
26724,val
9147,val
13420,val
10724,val
1013,val
28051,val
29754,val
9893,val
17989,val
7143,val
6204,val
20279,val
24473,val
15997,val
13112,val
7702,val
22462,val
27152,val
26477,val
7999,val
16048,val
20130,val
8894,val
17841,val
10972,val
13354,val
1436,val
24194,val
25624,val
6936,val
10007,val
11581,val
3742,val
9522,val
22120,val
3147,val
7295,val
16839,val
3053,val
13241,val
22385,val
17571,val
2870,val
20634,val
17126,val
28347,val
25718,val
366,val
2620,val
35,val
13592,val
20069,val
23113,val
9882,val
24969,val
12758,val
18881,val
14562,val
22159,val
20667,val
22518,val
1920,val
5127,val
22792,val
22977,val
27213,val
24654,val
8953,val
5843,val
17469,val
27621,val
17412,val
24463,val
30371,val
7405,val
26025,val
22999,val
2690,val
264,val
29024,val
23451,val
29630,val
30105,val
29951,val
11731,val
3714,val
25387,val
13365,val
26162,val
8026,val
18794,val
7107,val
419,val
29708,val
18665,val
23916,val
3575,val
10904,val
5333,val
17543,val
7541,val
26867,val
24422,val
10245,val
16502,val
22754,val
473,val
2596,val
13008,val
14509,val
7909,val
6187,val
3594,val
27840,val
7025,val
14006,val
10975,val
25933,val
28772,val
15088,val
28312,val
4373,val
27139,val
23628,val
28005,val
19263,val
8111,val
27599,val
19807,val
24684,val
1328,val
10880,val
2944,val
24868,val
14569,val
28856,val
2352,val
4935,val
21357,val
16065,val
26619,val
12072,val
12350,val
26065,val
6506,val
18743,val
14185,val
23559,val
7614,val
24069,val
5806,val
12715,val
24651,val
16601,val
27205,val
30494,val
7980,val
28464,val
21747,val
12174,val
4391,val
13701,val
26920,val
13841,val
25768,val
29873,val
15990,val
30719,val
19478,val
21610,val
26261,val
24170,val
21832,val
21438,val
30688,val
9271,val
1703,val
9984,val
15464,val
25840,val
28756,val
21925,val
8709,val
9037,val
25330,val
25014,val
15049,val
13350,val
26717,val
1399,val
11884,val
21178,val
30540,val
30257,val
20185,val
8937,val
23845,val
27286,val
19045,val
25217,val
27364,val
17647,val
5935,val
29935,val
14159,val
24372,val
28147,val
23688,val
21051,val
26860,val
19479,val
27763,val
22444,val
4062,val
7944,val
23157,val
10547,val
16978,val
12342,val
10220,val
18170,val
10363,val
3329,val
19551,val
24554,val
7568,val
8804,val
27551,val
15230,val
5751,val
15916,val
17457,val
27228,val
15613,val
4147,val
26421,val
27941,val
7341,val
13226,val
16679,val
5421,val
14607,val
7753,val
10647,val
18863,val
272,val
15545,val
22118,val
12847,val
29654,val
28922,val
28683,val
21941,val
24188,val
16551,val
15628,val
23247,val
13525,val
6309,val
4832,val
19198,val
23267,val
12434,val
28903,val
30775,val
23143,val
21819,val
22820,val
7184,val
8839,val
7929,val
2814,val
13015,val
4654,val
8735,val
705,val
26692,val
19984,val
22117,val
20608,val
1031,val
11809,val
10521,val
10615,val
19584,val
27963,val
12212,val
29347,val
8778,val
1358,val
18563,val
14532,val
2667,val
12898,val
13699,val
20010,val
265,val
14189,val
30046,val
9242,val
27095,val
15150,val
6834,val
16037,val
23067,val
25119,val
27016,val
6984,val
10551,val
27319,val
28335,val
22205,val
13803,val
30266,val
7953,val
7657,val
29204,val
1611,val
19749,val
28933,val
25827,val
2784,val
21250,val
21166,val
1610,val
27896,val
29884,val
24476,val
24915,val
9905,val
18282,val
15096,val
18298,val
15909,val
12339,val
17876,val
17917,val
8614,val
21255,val
15611,val
13870,val
8117,val
17082,val
26431,val
30427,val
29577,val
29370,val
5403,val
10496,val
14325,val
8095,val
23056,val
1255,val
9867,val
23961,val
18258,val
22854,val
6586,val
7310,val
1978,val
22834,val
28790,val
23476,val
1640,val
19723,val
12001,val
15300,val
11742,val
10669,val
7613,val
21775,val
1619,val
20248,val
6303,val
19260,val
21617,val
5279,val
7164,val
27216,val
20304,val
19934,val
4434,val
10373,val
19767,val
23431,val
20290,val
30281,val
25672,val
29092,val
24282,val
26836,val
24447,val
21334,val
24836,val
16543,val
19323,val
538,val
19148,val
13681,val
7317,val
13651,val
15328,val
20797,val
23080,val
27143,val
13110,val
4948,val
15649,val
3626,val
25448,val
18828,val
22676,val
13397,val
16674,val
13716,val
22108,val
28818,val
3136,val
16624,val
23841,val
4561,val
23647,val
30446,val
30025,val
19654,val
27375,val
11751,val
7103,val
676,val
8398,val
21585,val
10997,val
18043,val
2486,val
2798,val
27081,val
24979,val
9415,val
23921,val
27818,val
15208,val
8284,val
9996,val
19957,val
13569,val
3125,val
23767,val
22126,val
1034,val
12754,val
10222,val
15862,val
16531,val
29547,val
5401,val
20449,val
25665,val
23401,val
19770,val
17848,val
10712,val
6722,val
7028,val
24115,val
7049,val
9047,val
8272,val
8979,val
12029,val
2979,val
29305,val
25917,val
22124,val
24984,val
30092,val
8773,val
17176,val
1523,val
17774,val
24647,val
10402,val
21200,val
30180,val
3930,val
20955,val
720,val
19482,val
5025,val
10937,val
21352,val
9674,val
1362,val
14800,val
23969,val
10609,val
6002,val
30423,val
13296,val
21362,val
25775,val
30274,val
30223,val
28885,val
12979,val
25225,val
18389,val
8791,val
1696,val
13139,val
25984,val
3562,val
23167,val
7296,val
21560,val
11213,val
30527,val
10617,val
7739,val
25175,val
10501,val
26120,val
906,val
3642,val
23094,val
3800,val
24694,val
4644,val
15802,val
6174,val
9699,val
5225,val
28648,val
25027,val
22261,val
17345,val
28663,val
24850,val
26992,val
4496,val
13772,val
28814,val
5713,val
29844,val
16219,val
13840,val
20795,val
27229,val
11717,val
26713,val
9179,val
23208,val
2723,val
22702,val
6555,val
26866,val
28707,val
7442,val
2241,val
20268,val
27528,val
19523,val
6243,val
14048,val
17062,val
10916,val
13207,val
16705,val
27141,val
1480,val
5404,val
1598,val
7380,val
15538,val
14444,val
24444,val
1968,val
19196,val
54,val
10816,val
9023,val
28121,val
9134,val
5209,val
29109,val
77,val
1495,val
1295,val
1489,val
10515,val
29398,val
13764,val
19590,val
15140,val
17183,val
6394,val
11043,val
471,val
30415,val
7840,val
5783,val
6227,val
9746,val
9054,val
29775,val
18476,val
3652,val
27439,val
22140,val
22828,val
15212,val
8601,val
17964,val
22398,val
3560,val
4400,val
24960,val
7433,val
3899,val
18669,val
29741,val
27378,val
12615,val
12512,val
11400,val
24094,val
22539,val
11434,val
78,val
21862,val
25227,val
24619,val
24222,val
11253,val
21431,val
13073,val
21411,val
10,val
15392,val
24704,val
30251,val
30460,val
3499,val
18631,val
13036,val
8711,val
10897,val
13946,val
8704,val
6812,val
22281,val
6324,val
7481,val
1751,val
26561,val
24182,val
8722,val
8967,val
30706,val
18944,val
2087,val
16541,val
23497,val
15361,val
10260,val
6302,val
17503,val
29839,val
4763,val
9632,val
22104,val
28189,val
23898,val
16135,val
410,val
3722,val
16686,val
11805,val
27775,val
11118,val
15075,val
24046,val
26550,val
18634,val
12694,val
11590,val
20064,val
20621,val
14973,val
8526,val
19643,val
30413,val
11457,val
20875,val
21059,val
3817,val
10827,val
26094,val
7263,val
8132,val
24856,val
18098,val
29331,val
27323,val
22758,val
30689,val
20736,val
6911,val
17527,val
5699,val
20484,val
14681,val
24339,val
26469,val
2985,val
15707,val
16375,val
16840,val
26102,val
13109,val
17287,val
27461,val
28874,val
2809,val
3114,val
11003,val
13762,val
16267,val
12562,val
8407,val
10657,val
9281,val
5642,val
23458,val
8632,val
18420,val
6,val
15169,val
30048,val
5601,val
1542,val
24495,val
20125,val
26182,val
5355,val
20062,val
1706,val
103,val
2335,val
5268,val
19528,val
9491,val
436,val
13979,val
5251,val
30326,val
16397,val
26121,val
12840,val
5997,val
4563,val
3061,val
19566,val
18963,val
9536,val
140,val
16031,val
23232,val
28123,val
21980,val
21488,val
4809,val
28432,val
13326,val
10950,val
9055,val
12869,val
13413,val
12798,val
30133,val
28711,val
21157,val
13624,val
15282,val
21146,val
10004,val
17958,val
28454,val
20472,val
17805,val
26486,val
24901,val
14162,val
30758,val
29337,val
25916,val
11819,val
17950,val
26872,val
11655,val
26744,val
13601,val
7918,val
29437,val
28290,val
10189,val
22716,val
23749,val
15442,val
16288,val
3272,val
18991,val
6683,val
14834,val
23393,val
21232,val
24922,val
28529,val
5988,val
21554,val
28884,val
16424,val
19426,val
25656,val
900,val
17924,val
21661,val
17248,val
10794,val
10806,val
9584,val
18593,val
28354,val
11800,val
30316,val
21238,val
21653,val
22302,val
13266,val
16934,val
1972,val
15785,val
9398,val
9817,val
17947,val
12004,val
12626,val
20387,val
21179,val
17267,val
22326,val
10681,val
336,val
26179,val
15262,val
1153,val
12746,val
24818,val
14925,val
24264,val
15824,val
20243,val
1568,val
12089,val
11869,val
27005,val
8189,val
30288,val
21057,val
12913,val
20724,val
8765,val
937,val
30173,val
16525,val
8183,val
2284,val
30500,val
5522,val
30052,val
28679,val
16519,val
30333,val
30616,val
15548,val
17978,val
30709,val
1148,val
22558,val
13890,val
6168,val
21109,val
13608,val
20780,val
1626,val
13740,val
9435,val
5143,val
25974,val
28307,val
11418,val
13691,val
17240,val
19613,val
235,val
5308,val
303,val
29429,val
12032,val
28713,val
12781,val
7632,val
8596,val
26729,val
28053,val
3550,val
20485,val
18456,val
14237,val
12581,val
21946,val
17874,val
23044,val
3394,val
5882,val
14177,val
21001,val
11289,val
25500,val
3935,val
9598,val
30436,val
11387,val
8890,val
14545,val
3729,val
574,val
9372,val
12307,val
20889,val
10247,val
11344,val
25987,val
28429,val
30477,val
27110,val
10597,val
25667,val
8148,val
8504,val
2022,val
17309,val
20216,val
30208,val
25208,val
24643,val
11480,val
30720,val
29996,val
27855,val
22717,val
28115,val
14474,val
20919,val
26451,val
17321,val
19020,val
9207,val
4078,val
4154,val
5147,val
16628,val
30786,val
25489,val
30329,val
13522,val
1458,val
13249,val
14645,val
1114,val
25754,val
2132,val
3185,val
3903,val
22808,val
25646,val
8713,val
28305,val
21305,val
639,val
8781,val
6916,val
10974,val
11556,val
15601,val
9045,val
21428,val
22669,val
25130,val
22417,val
7065,val
23599,val
3282,val
13237,val
5312,val
13433,val
29149,val
7187,val
20803,val
1131,val
5704,val
23145,val
27361,val
22047,val
18182,val
10361,val
15886,val
22995,val
3995,val
22921,val
30581,val
20993,val
13901,val
27204,val
7524,val
30532,val
18705,val
1550,val
3408,val
25197,val
5220,val
17855,val
25184,val
4633,val
21648,val
7537,val
1616,val
10397,val
24641,val
13078,val
9696,val
27075,val
20269,val
26696,val
30038,val
10983,val
328,val
2316,val
1615,val
20847,val
25101,val
14870,val
23858,val
20985,val
23491,val
27004,val
12834,val
16855,val
26206,val
10949,val
10708,val
6295,val
23877,val
8250,val
2865,val
9668,val
28849,val
26471,val
2808,val
30051,val
1756,val
29721,val
24421,val
14398,val
22600,val
23829,val
29888,val
19593,val
16867,val
15877,val
15735,val
4252,val
21782,val
22043,val
27391,val
30379,val
1055,val
7585,val
12968,val
30663,val
6156,val
26406,val
8739,val
18337,val
14363,val
21737,val
17340,val
22223,val
15274,val
28060,val
22959,val
13430,val
29289,val
16562,val
15517,val
25363,val
21874,val
28928,val
7796,val
11871,val
1171,val
7758,val
17210,val
25801,val
25547,val
9488,val
993,val
24068,val
18264,val
17609,val
22477,val
19837,val
10042,val
20148,val
386,val
3694,val
13552,val
17727,val
19404,val
3431,val
8766,val
4614,val
18061,val
21483,val
14273,val
4041,val
27072,val
10277,val
18706,val
25823,val
9164,val
3014,val
13419,val
9845,val
18137,val
18829,val
18536,val
11314,val
11498,val
11553,val
14729,val
24100,val
2135,val
21010,val
14092,val
13007,val
20536,val
13319,val
27993,val
21391,val
13051,val
24219,val
1335,val
8098,val
26136,val
7675,val
7467,val
29706,val
9998,val
29173,val
23410,val
11467,val
959,val
18154,val
1319,val
15323,val
17033,val
12259,val
27868,val
8509,val
3639,val
12099,val
27550,val
21752,val
28955,val
23160,val
25465,val
12812,val
4406,val
12688,val
5103,val
15495,val
28350,val
24255,val
20358,val
30361,val
7772,val
13134,val
30312,val
15849,val
256,val
15736,val
10455,val
25611,val
12819,val
15618,val
2289,val
2006,val
15691,val
438,val
4013,val
5134,val
3099,val
9567,val
29274,val
23496,val
11584,val
30692,val
5715,val
1698,val
11946,val
20841,val
21651,val
2294,val
26757,val
29364,val
10675,val
29578,val
22082,val
3191,val
26637,val
15845,val
2818,val
12524,val
25680,val
18824,val
9493,val
603,val
26672,val
13454,val
1940,val
11685,val
26587,val
9873,val
22768,val
16331,val
2847,val
1461,val
30314,val
12457,val
27074,val
7294,val
20952,val
18657,val
16737,val
30703,val
18042,val
8294,val
29310,val
863,val
30179,val
26139,val
2759,val
13871,val
16145,val
21887,val
6525,val
4697,val
2435,val
19272,val
9763,val
6425,val
8562,val
17035,val
20930,val
16744,val
27314,val
18584,val
21528,val
27691,val
17971,val
12444,val
25727,val
30671,val
27950,val
94,val
4182,val
30262,val
26014,val
26468,val
19503,val
16778,val
754,val
30659,val
22955,val
12908,val
21022,val
5085,val
21908,val
30203,val
14715,val
27728,val
16822,val
2844,val
24193,val
5933,val
9590,val
30401,val
28848,val
5740,val
19909,val
30744,val
8552,val
7612,val
7751,val
29913,val
18268,val
16252,val
19922,val
8783,val
16687,val
2185,val
458,val
12193,val
28377,val
28023,val
2668,val
19141,val
26833,val
14657,val
2146,val
18038,val
23661,val
22265,val
20301,val
19417,val
5435,val
1766,val
12978,val
29074,val
1827,val
22965,val
6947,val
22472,val
21774,val
18467,val
24455,val
4833,val
26894,val
23950,val
24403,val
26245,val
24814,val
22966,val
29901,val
30466,val
9752,val
20295,val
27705,val
12612,val
991,val
27875,val
10526,val
5014,val
17994,val
10133,val
18667,val
4595,val
10970,val
16472,val
2102,val
5202,val
7349,val
28961,val
11617,val
25834,val
18782,val
16077,val
20461,val
5809,val
5474,val
26699,val
13915,val
24512,val
16440,val
19138,val
22392,val
23710,val
5685,val
20958,val
26001,val
22824,val
14840,val
26334,val
16352,val
23851,val
30320,val
11111,val
15942,val
10292,val
21718,val
13178,val
28054,val
6238,val
25211,val
6401,val
25082,val
12091,val
5902,val
4862,val
19988,val
16190,val
23880,val
24794,val
27943,val
19994,val
6754,val
7290,val
6300,val
6060,val
15018,val
22153,val
11905,val
13489,val
23761,val
20457,val
27661,val
9802,val
859,val
6428,val
1423,val
14236,val
23260,val
26197,val
26125,val
18710,val
24103,val
20838,val
15724,val
19057,val
8428,val
7368,val
6726,val
6858,val
3341,val
13000,val
13754,val
14207,val
11465,val
3202,val
3397,val
19834,val
9886,val
12917,val
14812,val
19684,val
20540,val
9535,val
10482,val
19180,val
1103,val
9698,val
21955,val
4418,val
22679,val
7890,val
24308,val
26793,val
27352,val
14843,val
1462,val
28915,val
4384,val
26374,val
13812,val
24003,val
17366,val
6897,val
20933,val
27135,val
21983,val
9183,val
17617,val
17945,val
20181,val
27279,val
8130,val
11565,val
3048,val
10479,val
10594,val
28359,val
7908,val
22208,val
7383,val
24884,val
9866,val
1494,val
19485,val
3139,val
28536,val
22191,val
25643,val
29815,val
58,val
6427,val
26314,val
18191,val
14319,val
14178,val
19967,val
27427,val
3277,val
11861,val
6772,val
15125,val
30765,val
24964,val
30182,val
15906,val
6133,val
11897,val
21390,val
901,val
14638,val
15291,val
3799,val
25988,val
25443,val
25267,val
20859,val
11391,val
24233,val
1260,val
9801,val
16270,val
619,val
16244,val
21767,val
10372,val
19555,val
69,val
5865,val
29465,val
4172,val
26214,val
3419,val
24259,val
13563,val
21242,val
11413,val
10399,val
20576,val
29638,val
29386,val
2647,val
18851,val
4774,val
25051,val
7354,val
27714,val
6869,val
1365,val
3190,val
14585,val
11758,val
14698,val
22232,val
5767,val
4262,val
25856,val
16505,val
6123,val
18474,val
9393,val
20440,val
3510,val
23207,val
21881,val
28496,val
27148,val
3659,val
8612,val
28321,val
9524,val
23424,val
10424,val
7603,val
21095,val
467,val
10053,val
7021,val
4773,val
22935,val
9872,val
29898,val
29440,val
29613,val
7291,val
22636,val
7848,val
14751,val
29995,val
22800,val
29753,val
17055,val
108,val
16470,val
3718,val
3057,val
22661,val
21083,val
20894,val
10242,val
11137,val
20278,val
17979,val
7228,val
27966,val
13788,val
18026,val
16555,val
16001,val
3150,val
16018,val
28854,val
23754,val
4518,val
16329,val
16369,val
29498,val
11015,val
14238,val
13482,val
7933,val
20824,val
11680,val
17935,val
5227,val
16020,val
4983,val
21413,val
12718,val
30319,val
18576,val
29859,val
17941,val
20093,val
10274,val
11378,val
17862,val
5428,val
15404,val
11279,val
30134,val
24514,val
25153,val
6529,val
29506,val
1202,val
15070,val
26086,val
20767,val
19300,val
10674,val
26000,val
6585,val
18712,val
21889,val
11405,val
98,val
6745,val
23946,val
21998,val
26115,val
4275,val
16026,val
2208,val
6768,val
12598,val
9947,val
4719,val
20799,val
13149,val
30470,val
3213,val
22229,val
18818,val
22809,val
26198,val
26317,val
8052,val
11824,val
2794,val
3143,val
10989,val
5064,val
17986,val
16212,val
7728,val
5335,val
1530,val
19783,val
14448,val
4632,val
22273,val
8094,val
8705,val
26508,val
16994,val
4771,val
28018,val
21466,val
7208,val
20150,val
3752,val
6610,val
2221,val
21726,val
25814,val
25570,val
18416,val
26569,val
4360,val
424,val
21722,val
26856,val
12291,val
7674,val
10250,val
26288,val
9459,val
1902,val
6763,val
26709,val
10320,val
19216,val
23285,val
22358,val
1789,val
25573,val
11651,val
15449,val
19150,val
12105,val
4377,val
20880,val
25868,val
20175,val
7307,val
26064,val
12921,val
24968,val
16102,val
5870,val
3982,val
14544,val
29275,val
30652,val
21280,val
27935,val
27741,val
14493,val
24949,val
19173,val
28948,val
10175,val
18342,val
24242,val
21824,val
27658,val
6709,val
18236,val
7409,val
3754,val
10642,val
19450,val
1739,val
2340,val
8961,val
21940,val
26304,val
30194,val
8333,val
1126,val
3444,val
7627,val
1146,val
11993,val
30649,val
12571,val
13082,val
24329,val
23376,val
2939,val
27159,val
5304,val
16240,val
18134,val
2819,val
7512,val
4218,val
18822,val
12042,val
27805,val
14011,val
20106,val
18060,val
22022,val
30607,val
9195,val
12087,val
5001,val
23351,val
5588,val
8377,val
16022,val
7226,val
3025,val
11710,val
24080,val
19435,val
9791,val
13218,val
6230,val
13900,val
21496,val
16891,val
25213,val
12564,val
29170,val
21040,val
8004,val
21539,val
24711,val
3627,val
17545,val
24994,val
7256,val
21486,val
22175,val
19813,val
9733,val
17637,val
27162,val
21372,val
1808,val
9986,val
24449,val
16497,val
24278,val
13984,val
4586,val
8558,val
2424,val
12823,val
27372,val
16120,val
2209,val
15028,val
2785,val
4913,val
12712,val
14632,val
19408,val
12164,val
25936,val
12074,val
2031,val
15344,val
7113,val
13295,val
12111,val
12060,val
646,val
5265,val
22944,val
5812,val
4427,val
3981,val
23302,val
6357,val
534,val
23706,val
30301,val
15786,val
152,val
16012,val
6775,val
4490,val
27297,val
29783,val
4786,val
19367,val
28780,val
21702,val
20319,val
6479,val
23791,val
16279,val
21086,val
21843,val
4515,val
9658,val
9909,val
4269,val
26852,val
26175,val
4762,val
10519,val
11994,val
19016,val
20778,val
17518,val
5039,val
14312,val
7404,val
3546,val
27579,val
6207,val
19736,val
561,val
21652,val
11163,val
5572,val
15217,val
1946,val
18642,val
11431,val
21597,val
28498,val
7829,val
15218,val
29333,val
26975,val
8488,val
20060,val
5124,val
28300,val
2416,val
14549,val
14986,val
7575,val
11592,val
26553,val
25144,val
29324,val
28715,val
5565,val
30338,val
19484,val
25982,val
16224,val
27956,val
12309,val
4855,val
14737,val
8103,val
5195,val
19677,val
20183,val
11618,val
779,val
27475,val
17017,val
25091,val
21891,val
26832,val
26307,val
28614,val
14952,val
13613,val
21414,val
12802,val
22029,val
5034,val
16355,val
3525,val
12003,val
2890,val
1144,val
4046,val
23650,val
2376,val
27626,val
1332,val
29970,val
27865,val
20370,val
588,val
14470,val
10961,val
17751,val
17454,val
29225,val
8734,val
27282,val
14643,val
15489,val
12509,val
3170,val
5624,val
30394,val
22816,val
18397,val
21244,val
6531,val
21655,val
22537,val
13735,val
8322,val
10583,val
502,val
11231,val
30232,val
5224,val
6742,val
25391,val
11610,val
26413,val
17734,val
18149,val
3059,val
20463,val
13243,val
29656,val
30641,val
6276,val
27032,val
24584,val
3906,val
23489,val
18485,val
22720,val
3956,val
27201,val
28559,val
13016,val
27893,val
22981,val
5096,val
24124,val
24611,val
2401,val
29553,val
18445,val
17722,val
28153,val
18749,val
2422,val
24184,val
21101,val
28625,val
6408,val
20433,val
19466,val
3320,val
4283,val
16117,val
19519,val
20712,val
11661,val
2125,val
22596,val
1453,val
1213,val
11724,val
10930,val
19636,val
24528,val
23199,val
6656,val
6831,val
1157,val
17339,val
15040,val
10988,val
9476,val
26753,val
865,val
5735,val
3044,val
30272,val
27384,val
5442,val
1892,val
7314,val
9421,val
6666,val
21053,val
19454,val
5409,val
24135,val
16854,val
1596,val
4265,val
11077,val
4805,val
14229,val
8991,val
8061,val
517,val
22821,val
7002,val
15395,val
6458,val
13284,val
25198,val
16889,val
23014,val
12279,val
25374,val
27343,val
18036,val
13620,val
18526,val
30787,val
10067,val
7849,val
25934,val
8278,val
8277,val
25278,val
23658,val
790,val
17707,val
4230,val
5381,val
2558,val
8046,val
8206,val
7761,val
9827,val
23437,val
13167,val
13245,val
16586,val
30452,val
16099,val
4405,val
12467,val
29044,val
8905,val
4421,val
12245,val
18814,val
19416,val
9899,val
28015,val
25094,val
15147,val
4077,val
19846,val
3852,val
8835,val
12605,val
22680,val
2695,val
30108,val
25200,val
24705,val
3482,val
15745,val
25473,val
27217,val
25578,val
4831,val
1780,val
18580,val
10095,val
23031,val
25909,val
20349,val
15224,val
18174,val
18292,val
1427,val
25281,val
4806,val
13510,val
4905,val
8750,val
4260,val
18034,val
12289,val
17966,val
12397,val
30057,val
7066,val
5698,val
13526,val
9176,val
17569,val
3263,val
24238,val
17086,val
30195,val
16113,val
14972,val
5446,val
22450,val
22097,val
17660,val
8034,val
7018,val
16378,val
11424,val
17820,val
28089,val
21405,val
22856,val
23720,val
4080,val
24859,val
19506,val
12507,val
11332,val
490,val
15536,val
27529,val
29793,val
17897,val
14405,val
5842,val
960,val
27955,val
24391,val
12624,val
12385,val
8653,val
28351,val
15476,val
5460,val
19090,val
30004,val
2258,val
28203,val
17284,val
23369,val
21315,val
26457,val
16964,val
19963,val
2160,val
7104,val
3749,val
27507,val
4598,val
17424,val
3607,val
4960,val
18455,val
29699,val
20054,val
2502,val
30141,val
24685,val
18177,val
16040,val
520,val
13667,val
30433,val
18378,val
27059,val
12654,val
27385,val
28507,val
24961,val
15741,val
550,val
12533,val
30241,val
29545,val
8433,val
21442,val
18354,val
2742,val
12664,val
21856,val
27188,val
19428,val
24834,val
11190,val
2137,val
12041,val
21068,val
12544,val
6208,val
28539,val
11865,val
25653,val
27130,val
22467,val
9902,val
9250,val
4901,val
9750,val
24893,val
5298,val
9106,val
4043,val
28229,val
26968,val
25488,val
24025,val
2970,val
7843,val
15739,val
6878,val
20155,val
19032,val
25922,val
10944,val
25152,val
20424,val
22004,val
25882,val
16885,val
29168,val
22089,val
24315,val
2583,val
20819,val
23148,val
5589,val
26516,val
16049,val
110,val
2507,val
27954,val
14594,val
4858,val
14321,val
7990,val
20218,val
730,val
27729,val
10885,val
5180,val
10630,val
7982,val
12113,val
14076,val
10130,val
20620,val
10766,val
4219,val
12053,val
30276,val
230,val
5913,val
12452,val
28110,val
14605,val
25812,val
10567,val
28099,val
22516,val
29575,val
27272,val
17230,val
22541,val
2147,val
10510,val
1634,val
11520,val
23006,val
30218,val
23020,val
9979,val
20074,val
12011,val
12345,val
19627,val
10863,val
20377,val
13457,val
30694,val
19412,val
4522,val
10268,val
4035,val
29102,val
30462,val
8235,val
26367,val
4686,val
4848,val
30596,val
12552,val
29853,val
7484,val
446,val
27438,val
29719,val
29181,val
11634,val
21649,val
16043,val
20942,val
16087,val
7830,val
5994,val
17324,val
2019,val
25195,val
8968,val
30247,val
12162,val
7348,val
23320,val
15730,val
7423,val
15657,val
30382,val
11396,val
10031,val
21920,val
762,val
16957,val
27913,val
2215,val
322,val
10830,val
12049,val
14094,val
5412,val
5328,val
12639,val
5961,val
986,val
25919,val
13875,val
25398,val
22166,val
9483,val
11147,val
22186,val
10054,val
12239,val
6823,val
19072,val
27337,val
27000,val
22426,val
15191,val
15420,val
22362,val
437,val
25804,val
3024,val
20776,val
15804,val
5728,val
2035,val
5573,val
17652,val
14819,val
23460,val
20967,val
20723,val
11966,val
14745,val
24280,val
16090,val
26584,val
24006,val
3039,val
12328,val
29184,val
6106,val
3814,val
28563,val
25053,val
17061,val
11185,val
10091,val
30387,val
11666,val
14468,val
8312,val
1682,val
2974,val
9364,val
29492,val
11393,val
10770,val
15211,val
14583,val
30083,val
4065,val
23668,val
18415,val
18601,val
10858,val
2517,val
4183,val
14926,val
5871,val
1897,val
3763,val
24780,val
20231,val
28078,val
771,val
24092,val
26677,val
6583,val
15195,val
8701,val
11990,val
1019,val
26268,val
9115,val
10507,val
10011,val
6265,val
20731,val
29855,val
24784,val
2218,val
10926,val
13307,val
4568,val
8018,val
6328,val
15378,val
24570,val
23081,val
19665,val
21290,val
21914,val
14297,val
29330,val
3532,val
20916,val
2229,val
2069,val
2206,val
29845,val
9856,val
10887,val
4403,val
2714,val
7272,val
19683,val
14217,val
9447,val
6411,val
13298,val
29816,val
1797,val
18203,val
16697,val
7714,val
18862,val
11667,val
307,val
21996,val
15503,val
1953,val
27846,val
1169,val
23865,val
984,val
18205,val
28287,val
28644,val
5243,val
27219,val
22458,val
18368,val
27418,val
1594,val
12188,val
28069,val
7353,val
18414,val
18977,val
19410,val
9371,val
22870,val
24277,val
6859,val
4566,val
26598,val
12767,val
15,val
14714,val
20733,val
19128,val
19765,val
30356,val
29060,val
29002,val
6063,val
19769,val
27292,val
28966,val
15275,val
29666,val
5787,val
19859,val
4631,val
19784,val
19444,val
15832,val
8058,val
10871,val
20602,val
26189,val
10936,val
26834,val
20220,val
2761,val
13596,val
7587,val
16223,val
23603,val
12228,val
25414,val
2402,val
15187,val
28636,val
26819,val
26019,val
1355,val
394,val
19251,val
22414,val
10808,val
11903,val
24048,val
25835,val
6104,val
20012,val
15551,val
23947,val
25020,val
25237,val
12247,val
11056,val
19585,val
30347,val
24346,val
3628,val
1662,val
9610,val
5426,val
21427,val
23265,val
29738,val
9756,val
8555,val
6342,val
20079,val
8125,val
19898,val
29739,val
21140,val
24439,val
5235,val
15001,val
25809,val
20874,val
26934,val
29379,val
27172,val
1080,val
17199,val
23024,val
14425,val
3390,val
7578,val
3925,val
25086,val
23632,val
19293,val
21873,val
27117,val
5155,val
19166,val
7321,val
2187,val
5416,val
2104,val
12040,val
3240,val
3153,val
19038,val
20292,val
4083,val
23519,val
29501,val
8271,val
18733,val
6487,val
15131,val
20500,val
6784,val
29359,val
21110,val
22324,val
16358,val
29705,val
19299,val
4864,val
22491,val
21580,val
19939,val
17923,val
16303,val
13485,val
17114,val
14258,val
13632,val
3570,val
820,val
13965,val
24792,val
21030,val
15025,val
7666,val
15796,val
27731,val
5910,val
12893,val
28651,val
11211,val
27934,val
2397,val
11684,val
22033,val
4657,val
2848,val
6205,val
8224,val
4641,val
11659,val
7005,val
9301,val
24452,val
13100,val
17319,val
20877,val
13896,val
15966,val
14122,val
10817,val
28079,val
24872,val
25574,val
20085,val
26524,val
26719,val
1762,val
29256,val
9103,val
12429,val
26404,val
26950,val
8505,val
6528,val
19275,val
1742,val
17773,val
24108,val
29298,val
3891,val
22069,val
6048,val
9799,val
7900,val
15295,val
9638,val
23613,val
4056,val
14487,val
28622,val
10347,val
22278,val
4600,val
16074,val
23448,val
6070,val
22953,val
10090,val
5491,val
1478,val
3512,val
1110,val
17167,val
14249,val
12144,val
30555,val
20738,val
5272,val
217,val
21061,val
13059,val
23097,val
18005,val
19415,val
6034,val
18463,val
10823,val
3432,val
12856,val
21830,val
19756,val
14250,val
9122,val
1156,val
15602,val
4164,val
30713,val
5847,val
23535,val
2213,val
21693,val
3123,val
21457,val
801,val
5472,val
26292,val
11862,val
16139,val
4716,val
23681,val
27936,val
14558,val
20908,val
770,val
23042,val
1728,val
26046,val
14627,val
23743,val
18423,val
29361,val
20259,val
21160,val
7528,val
12290,val
6717,val
23406,val
27276,val
7974,val
216,val
21361,val
20989,val
6102,val
21330,val
15353,val
5636,val
12795,val
21788,val
22190,val
15048,val
23037,val
1689,val
313,val
22494,val
16640,val
19316,val
1994,val
6567,val
2968,val
27902,val
15516,val
22634,val
535,val
12874,val
5835,val
814,val
14957,val
11032,val
27887,val
26032,val
20840,val
3698,val
16437,val
102,val
20969,val
26107,val
3056,val
13371,val
5646,val
4613,val
21696,val
25561,val
25511,val
4717,val
7635,val
24474,val
1263,val
20719,val
30491,val
1303,val
6259,val
24550,val
18675,val
19607,val
30716,val
20359,val
29880,val
6093,val
28761,val
30410,val
23440,val
8971,val
23295,val
14227,val
6345,val
10174,val
25514,val
6035,val
2180,val
26597,val
4823,val
5932,val
11848,val
26888,val
9131,val
23807,val
21901,val
8371,val
4091,val
5562,val
20965,val
9949,val
17470,val
21612,val
1828,val
13221,val
23066,val
658,val
16773,val
4483,val
19514,val
21689,val
211,val
6676,val
27397,val
24838,val
14824,val
5952,val
2454,val
15791,val
9091,val
20037,val
17714,val
816,val
12415,val
28103,val
6757,val
15636,val
16971,val
11228,val
28463,val
8124,val
9355,val
2872,val
18161,val
16000,val
13718,val
3883,val
17032,val
21049,val
26184,val
15591,val
12709,val
10050,val
13338,val
15984,val
22073,val
21800,val
1347,val
1292,val
11226,val
1971,val
25442,val
86,val
28443,val
28104,val
14061,val
3564,val
4624,val
6982,val
3300,val
28183,val
10317,val
11323,val
11113,val
9711,val
29400,val
15685,val
10139,val
28970,val
18096,val
21784,val
18167,val
21489,val
7142,val
25781,val
10849,val
9901,val
5551,val
6635,val
27430,val
12016,val
7243,val
18994,val
19630,val
25293,val
8089,val
3650,val
6571,val
18424,val
4502,val
2131,val
14940,val
27947,val
12422,val
27208,val
20529,val
10590,val
1163,val
4497,val
15940,val
2520,val
2643,val
20124,val
6820,val
29035,val
28400,val
21363,val
1022,val
9929,val
11294,val
10465,val
6398,val
20386,val
15310,val
24446,val
17895,val
26455,val
4396,val
7734,val
17023,val
15720,val
5850,val
19402,val
30242,val
27160,val
15676,val
22346,val
30002,val
3924,val
26669,val
4108,val
7087,val
23949,val
30063,val
24986,val
9077,val
4929,val
4912,val
8079,val
10057,val
2270,val
25803,val
451,val
1743,val
6960,val
19201,val
3557,val
10793,val
2983,val
27247,val
27636,val
27446,val
25543,val
2608,val
22460,val
17225,val
19793,val
29798,val
7779,val
14173,val
29690,val
28413,val
26484,val
12966,val
19239,val
6725,val
28865,val
21518,val
30726,val
19167,val
18509,val
5462,val
2681,val
10646,val
19315,val
11166,val
13393,val
2464,val
29843,val
25832,val
27250,val
2272,val
21751,val
22568,val
12169,val
17758,val
25072,val
29192,val
4537,val
23707,val
16599,val
27670,val
9557,val
28143,val
3953,val
19302,val
28543,val
20592,val
21831,val
1143,val
25577,val
5339,val
5681,val
3367,val
14449,val
27920,val
13532,val
2805,val
17111,val
10100,val
4318,val
10375,val
15414,val
20244,val
19923,val
21226,val
4159,val
25297,val
20289,val
16574,val
4072,val
16977,val
8472,val
1853,val
17079,val
10056,val
9500,val
27002,val
18271,val
11832,val
1296,val
16246,val
14768,val
9789,val
20285,val
12502,val
8324,val
1322,val
4447,val
7965,val
30608,val
17833,val
20083,val
26507,val
13474,val
21847,val
19772,val
25423,val
9617,val
12750,val
28176,val
4126,val
10599,val
14749,val
1772,val
5373,val
1370,val
13068,val
17959,val
2907,val
28589,val
10258,val
5199,val
11835,val
24650,val
1305,val
15889,val
2918,val
2016,val
20049,val
20391,val
11018,val
5023,val
21879,val
10718,val
29341,val
4870,val
27033,val
10587,val
17884,val
28379,val
28170,val
24538,val
28283,val
26390,val
13591,val
8747,val
12761,val
10240,val
9518,val
17207,val
3649,val
18131,val
666,val
9847,val
1561,val
18301,val
14205,val
6651,val
18885,val
1724,val
10236,val
16979,val
23840,val
14477,val
6418,val
18491,val
22076,val
30184,val
20642,val
7588,val
8511,val
5747,val
15411,val
11280,val
942,val
12301,val
9154,val
22911,val
23486,val
15472,val
23051,val
19034,val
19119,val
11858,val
20844,val
9384,val
7117,val
14429,val
20119,val
18610,val
1717,val
25161,val
16524,val
23090,val
19902,val
19443,val
5393,val
16287,val
5271,val
415,val
27065,val
19616,val
5689,val
3119,val
14508,val
18962,val
20825,val
19224,val
1336,val
29468,val
13524,val
26108,val
11778,val
2255,val
11872,val
24256,val
8100,val
26781,val
15350,val
27203,val
4764,val
20909,val
3091,val
15529,val
7910,val
12272,val
18305,val
23913,val
14518,val
29473,val
698,val
11713,val
14981,val
11494,val
19580,val
14825,val
13721,val
14324,val
28181,val
831,val
9764,val
20545,val
12671,val
641,val
27150,val
26805,val
18133,val
18717,val
27313,val
13545,val
22320,val
8114,val
14992,val
24992,val
29395,val
12166,val
2413,val
22555,val
21291,val
1036,val
14434,val
18658,val
29742,val
21048,val
29279,val
5406,val
3522,val
9812,val
3964,val
23439,val
29804,val
1434,val
20235,val
28266,val
7835,val
30571,val
3856,val
24448,val
15294,val
6444,val
5058,val
9260,val
18211,val
18799,val
19108,val
12660,val
26963,val
29588,val
28244,val
24925,val
6908,val
9673,val
11529,val
16770,val
24286,val
2607,val
25188,val
889,val
9143,val
9855,val
28475,val
1627,val
9553,val
6515,val
11808,val
8850,val
16663,val
14876,val
7711,val
7078,val
9064,val
12994,val
268,val
27556,val
4190,val
8016,val
2373,val
8258,val
29712,val
21633,val
10468,val
11127,val
21387,val
6682,val
25504,val
18902,val
2428,val
6354,val
17556,val
16926,val
6613,val
10161,val
8787,val
14140,val
21692,val
27645,val
12683,val
767,val
13142,val
1049,val
5230,val
18085,val
8467,val
13407,val
21618,val
28619,val
26252,val
25915,val
13695,val
9082,val
4652,val
23226,val
9667,val
3996,val
15980,val
7712,val
10309,val
27653,val
29290,val
20839,val
16905,val
29208,val
12585,val
10707,val
26523,val
28513,val
7892,val
16272,val
29218,val
8459,val
20528,val
15267,val
1527,val
4232,val
15337,val
1092,val
9237,val
3967,val
19133,val
25569,val
15867,val
20118,val
18571,val
14920,val
2351,val
25759,val
6278,val
23993,val
16361,val
27730,val
3201,val
8636,val
10611,val
23292,val
10898,val
359,val
15332,val
21449,val
20772,val
16269,val
7241,val
14408,val
17574,val
11829,val
12690,val
13829,val
21366,val
24586,val
9108,val
13227,val
523,val
1867,val
1983,val
20685,val
21704,val
8076,val
7749,val
8477,val
28457,val
19176,val
15365,val
28697,val
4279,val
2661,val
16302,val
8316,val
9025,val
6720,val
6397,val
12260,val
518,val
27360,val
22026,val
1054,val
27120,val
25711,val
13928,val
18574,val
3351,val
11438,val
19847,val
29393,val
7130,val
20789,val
4635,val
29504,val
4557,val
24297,val
1403,val
5107,val
22598,val
30557,val
27634,val
6313,val
27505,val
21835,val
16692,val
29056,val
30403,val
22479,val
17508,val
19785,val
14587,val
23698,val
21251,val
27023,val
743,val
22197,val
30001,val
14115,val
11937,val
12081,val
22605,val
2356,val
763,val
28315,val
19322,val
23682,val
11099,val
16576,val
14243,val
24360,val
941,val
18663,val
23384,val
28118,val
19511,val
12594,val
19146,val
17110,val
28476,val
17238,val
4070,val
15362,val
16456,val
27545,val
28629,val
6358,val
28396,val
24165,val
12009,val
14744,val
19011,val
10235,val
18537,val
16036,val
29583,val
4714,val
8715,val
15560,val
5089,val
3791,val
24310,val
8949,val
3004,val
7006,val
17304,val
539,val
2866,val
22451,val
26401,val
18569,val
5914,val
29714,val
18349,val
29636,val
11935,val
6744,val
15264,val
11404,val
20954,val
7816,val
20331,val
8275,val
5266,val
20674,val
20956,val
10144,val
12838,val
23929,val
222,val
17158,val
19560,val
8353,val
22899,val
605,val
17146,val
23588,val
543,val
9141,val
8282,val
7617,val
9983,val
18976,val
921,val
455,val
26807,val
2769,val
5252,val
5873,val
11151,val
21197,val
27668,val
5741,val
28552,val
5024,val
663,val
17505,val
5056,val
29955,val
13619,val
24731,val
26466,val
11550,val
13240,val
30110,val
2033,val
5044,val
653,val
7553,val
14197,val
22290,val
8426,val
10350,val
1592,val
23762,val
10631,val
14360,val
23035,val
11244,val
30213,val
26848,val
17900,val
26137,val
5045,val
28720,val
3222,val
14407,val
29956,val
5623,val
19462,val
29045,val
8631,val
5119,val
13794,val
3121,val
28526,val
17125,val
21700,val
16540,val
22200,val
18155,val
30028,val
21604,val
17528,val
11968,val
1463,val
24451,val
27999,val
25294,val
10513,val
29761,val
17026,val
12146,val
12135,val
7847,val
8006,val
4863,val
15499,val
2954,val
10199,val
5163,val
24387,val
27711,val
28198,val
19206,val
19289,val
4314,val
17680,val
27411,val
27524,val
11642,val
7345,val
30602,val
20480,val
1659,val
1429,val
21697,val
11268,val
17408,val
26201,val
2076,val
4280,val
23569,val
6794,val
9351,val
24943,val
5977,val
18119,val
29846,val
12743,val
1941,val
16503,val
2917,val
125,val
8544,val
17613,val
5923,val
29214,val
8843,val
1843,val
6746,val
10009,val
5701,val
5330,val
2551,val
4468,val
20828,val
16814,val
904,val
28102,val
19290,val
21611,val
13966,val
11011,val
16943,val
29852,val
29043,val
10869,val
20401,val
7480,val
25877,val
6731,val
11372,val
13125,val
21717,val
17620,val
5185,val
20214,val
11882,val
16294,val
2318,val
9597,val
27312,val
7129,val
12194,val
3624,val
6395,val
27167,val
30499,val
24398,val
2336,val
1120,val
4856,val
10652,val
3662,val
22455,val
28735,val
10114,val
13236,val
9664,val
29446,val
7927,val
7839,val
16084,val
7535,val
5389,val
14855,val
18887,val
9315,val
19978,val
26462,val
18330,val
19471,val
28390,val
18686,val
16915,val
23363,val
13645,val
11352,val
30271,val
21545,val
30114,val
8648,val
21527,val
1027,val
2211,val
24824,val
16228,val
17496,val
3209,val
10959,val
856,val
22640,val
3040,val
27554,val
15342,val
73,val
961,val
30236,val
11855,val
5769,val
4673,val
26671,val
1121,val
12299,val
2894,val
11014,val
16259,val
29592,val
8922,val
25048,val
7548,val
4819,val
10555,val
13123,val
26432,val
25436,val
29343,val
22581,val
9040,val
17849,val
21396,val
25215,val
20477,val
11422,val
288,val
1880,val
15013,val
29726,val
8741,val
9646,val
21012,val
18502,val
13533,val
7902,val
26913,val
28568,val
21521,val
25735,val
9460,val
22457,val
20869,val
2248,val
20966,val
5796,val
26688,val
25388,val
1201,val
17579,val
13576,val
9085,val
3988,val
26013,val
11186,val
4748,val
7265,val
28691,val
6085,val
3181,val
7904,val
16829,val
30081,val
19411,val
16073,val
525,val
3972,val
21070,val
28062,val
19518,val
21988,val
14223,val
16227,val
13346,val
8083,val
13986,val
26893,val
18049,val
12508,val
14864,val
18277,val
12070,val
16166,val
19628,val
25858,val
18153,val
15639,val
142,val
24019,val
26681,val
20435,val
11718,val
14753,val
28896,val
17075,val
21050,val
971,val
24123,val
21225,val
20140,val
16797,val
10324,val
8702,val
20792,val
8479,val
193,val
27341,val
28422,val
5487,val
13602,val
21857,val
13385,val
8021,val
22583,val
24678,val
17394,val
12282,val
28441,val
8821,val
2636,val
17803,val
24340,val
2726,val
8840,val
18381,val
24831,val
13886,val
18116,val
1856,val
12942,val
6689,val
29909,val
5659,val
1024,val
10613,val
3224,val
7444,val
4124,val
14941,val
13745,val
24515,val
20273,val
6115,val
23007,val
29837,val
14586,val
29077,val
15913,val
19517,val
28489,val
27838,val
12064,val
12094,val
19389,val
24749,val
975,val
24896,val
1519,val
12830,val
2469,val
14571,val
20398,val
28688,val
203,val
13468,val
17835,val
4769,val
20900,val
19297,val
27355,val
24971,val
3654,val
12388,val
4775,val
22646,val
3963,val
23187,val
10602,val
18044,val
19383,val
13343,val
10538,val
18263,val
30278,val
17954,val
16922,val
29319,val
1180,val
5765,val
373,val
12525,val
9200,val
18622,val
11503,val
191,val
28295,val
1562,val
13428,val
28245,val
17697,val
15917,val
4817,val
16123,val
27020,val
14962,val
12701,val
11303,val
9889,val
14860,val
17960,val
10305,val
15117,val
12204,val
5650,val
158,val
29467,val
9663,val
2406,val
14551,val
8662,val
2689,val
23705,val
5454,val
25549,val
6365,val
10843,val
12618,val
9376,val
25171,val
5546,val
23116,val
16815,val
28282,val
24086,val
624,val
26774,val
11343,val
15927,val
13176,val
18238,val
13678,val
13588,val
23072,val
26062,val
435,val
3911,val
25746,val
4533,val
19483,val
28566,val
25191,val
24044,val
16111,val
20402,val
4069,val
29421,val
8367,val
11161,val
2386,val
9358,val
4207,val
6844,val
30337,val
13238,val
21650,val
11171,val
4006,val
29251,val
23826,val
5157,val
29959,val
8846,val
29046,val
14316,val
19008,val
18820,val
6119,val
7621,val
30224,val
18135,val
18210,val
21055,val
26743,val
27044,val
16665,val
23615,val
9874,val
19552,val
1097,val
27796,val
17906,val
4611,val
1859,val
18726,val
23009,val
25078,val
18495,val
18935,val
23790,val
7122,val
3684,val
3756,val
17357,val
6963,val
19691,val
19601,val
24450,val
21793,val
29484,val
18294,val
9717,val
20466,val
6405,val
9448,val
5705,val
6929,val
296,val
22875,val
26996,val
18699,val
29288,val
1042,val
24201,val
3324,val
30162,val
19860,val
26018,val
7163,val
3485,val
14494,val
1798,val
10463,val
2956,val
19425,val
1667,val
19455,val
15188,val
4393,val
19107,val
349,val
14785,val
5321,val
30354,val
17745,val
24216,val
22928,val
30687,val
18566,val
13948,val
19699,val
5203,val
5610,val
21403,val
22067,val
22238,val
30351,val
7670,val
25994,val
5003,val
6442,val
30654,val
27491,val
14176,val
29005,val
10008,val
26339,val
3683,val
27725,val
769,val
9626,val
13989,val
14818,val
5640,val
21695,val
372,val
29539,val
682,val
18621,val
4585,val
19816,val
23612,val
2857,val
3702,val
25813,val
9331,val
15268,val
10395,val
12257,val
9837,val
618,val
24717,val
21204,val
5661,val
5042,val
16521,val
28763,val
5503,val
27273,val
13586,val
25364,val
4319,val
12359,val
6732,val
26818,val
24765,val
18860,val
16881,val
12273,val
21968,val
28842,val
29472,val
16698,val
28262,val
25787,val
7783,val
24381,val
213,val
22091,val
11840,val
30160,val
30531,val
28626,val
13827,val
4170,val
17452,val
14472,val
29097,val
25517,val
24621,val
8531,val
11978,val
21549,val
12198,val
19866,val
3370,val
25274,val
17243,val
2708,val
29651,val
8893,val
12065,val
22027,val
26895,val
23757,val
15974,val
16229,val
18158,val
16772,val
24683,val
28063,val
10213,val
8420,val
20154,val
3828,val
19405,val
30146,val
7328,val
6114,val
15550,val
4578,val
25479,val
28579,val
8421,val
29148,val
16903,val
1321,val
25576,val
21591,val
5249,val
5090,val
23644,val
20371,val
30594,val
28784,val
1007,val
2002,val
687,val
6184,val
3087,val
2223,val
7901,val
17290,val
19424,val
18911,val
19542,val
414,val
10171,val
13463,val
6077,val
25520,val
25490,val
5217,val
22343,val
4462,val
9416,val
3867,val
19820,val
24702,val
19117,val
23459,val
16132,val
10821,val
27106,val
27207,val
28184,val
9863,val
23998,val
3693,val
25501,val
11736,val
3739,val
22133,val
11913,val
24778,val
25483,val
8807,val
9552,val
5571,val
2826,val
29841,val
6530,val
12128,val
3623,val
27256,val
11054,val
1755,val
26222,val
20464,val
14057,val
27373,val
7454,val
23205,val
24166,val
27388,val
12039,val
11633,val
1368,val
1508,val
12277,val
21683,val
7658,val
15340,val
5973,val
10153,val
8732,val
20190,val
27077,val
2127,val
8239,val
6933,val
29088,val
121,val
16825,val
522,val
19801,val
25860,val
7330,val
23103,val
10728,val
10810,val
15426,val
16513,val
24062,val
2349,val
12918,val
1443,val
8819,val
11340,val
10389,val
26042,val
18470,val
18223,val
434,val
21578,val
11169,val
22327,val
18448,val
19081,val
17659,val
9660,val
17499,val
2618,val
22554,val
20912,val
913,val
1048,val
19546,val
23763,val
10391,val
21382,val
21485,val
19278,val
8579,val
25455,val
18869,val
7085,val
21261,val
14083,val
25358,val
7490,val
12789,val
2736,val
16974,val
1824,val
29224,val
28920,val
24634,val
19998,val
4890,val
7623,val
4954,val
14653,val
18713,val
4550,val
19771,val
10905,val
17000,val
2693,val
6285,val
28836,val
6009,val
7555,val
26643,val
12078,val
19903,val
17486,val
29358,val
6268,val
18041,val
355,val
26537,val
10325,val
1553,val
16394,val
1800,val
29229,val
6485,val
11371,val
12738,val
7332,val
29551,val
9816,val
19074,val
21888,val
2309,val
7872,val
23420,val
25069,val
5743,val
4259,val
28442,val
29307,val
23337,val
1623,val
18614,val
28360,val
563,val
597,val
20575,val
6558,val
7504,val
27289,val
26023,val
528,val
15143,val
22388,val
19935,val
12619,val
4638,val
238,val
7037,val
27499,val
26410,val
28742,val
2420,val
6497,val
17670,val
23411,val
22148,val
1882,val
23596,val
2072,val
4908,val
27644,val
25209,val
28419,val
23436,val
26749,val
17484,val
1098,val
23692,val
20417,val
15197,val
15608,val
17028,val
25063,val
22187,val
24078,val
5299,val
15512,val
27995,val
20543,val
6482,val
6778,val
7817,val
17871,val
12670,val
519,val
29262,val
24364,val
29990,val
1001,val
21421,val
26638,val
23328,val
25894,val
28727,val
6245,val
5168,val
18458,val
7075,val
9466,val
9079,val
18883,val
21277,val
7141,val
29191,val
14738,val
22855,val
71,val
5678,val
19401,val
30729,val
5537,val
23818,val
4879,val
8703,val
733,val
12248,val
13543,val
7676,val
2698,val
9507,val
14291,val
12371,val
19828,val
18840,val
25222,test
16895,test
27537,test
28029,test
13401,test
2034,test
6522,test
14623,test
18229,test
5468,test
26862,test
26705,test
1577,test
17358,test
1895,test
15686,test
26223,test
30360,test
22613,test
2656,test
5410,test
18316,test
13585,test
21008,test
26281,test
5795,test
7663,test
14909,test
27527,test
18373,test
10097,test
14385,test
29607,test
27581,test
19545,test
9959,test
13246,test
13035,test
8633,test
2292,test
16255,test
17364,test
26593,test
20714,test
258,test
23732,test
28275,test
188,test
24562,test
2632,test
2903,test
126,test
1918,test
16328,test
6321,test
21608,test
3195,test
15496,test
181,test
26453,test
23908,test
14043,test
19805,test
23400,test
2113,test
8730,test
23428,test
27739,test
6537,test
27202,test
9575,test
4656,test
6453,test
23136,test
13462,test
27066,test
6251,test
24412,test
4425,test
20573,test
29154,test
4042,test
23380,test
16092,test
27153,test
6828,test
25181,test
10860,test
28949,test
10485,test
28398,test
25508,test
27845,test
1581,test
21128,test
26249,test
27815,test
3375,test
24970,test
15819,test
10205,test
25269,test
632,test
13781,test
7131,test
26476,test
8946,test
7284,test
25855,test
24195,test
19829,test
17489,test
19732,test
27166,test
22286,test
11971,test
89,test
17279,test
1821,test
11316,test
8279,test
4892,test
21480,test
27713,test
5664,test
12066,test
22488,test
23463,test
6674,test
18275,test
8719,test
19612,test
14790,test
23293,test
8165,test
9009,test
30106,test
26429,test
27628,test
12108,test
6007,test
28219,test
17171,test
7061,test
28596,test
18954,test
17379,test
7536,test
842,test
3597,test
13752,test
26949,test
15079,test
13154,test
1688,test
17752,test
18936,test
16154,test
5264,test
27928,test
24028,test
28298,test
10433,test
18393,test
29327,test
19397,test
10556,test
2514,test
14554,test
15305,test
5792,test
4936,test
27514,test
29127,test
2457,test
24204,test
15689,test
15677,test
17502,test
14133,test
13370,test
26454,test
2859,test
11654,test
28031,test
23219,test
7720,test
9069,test
5482,test
20302,test
16298,test
24627,test
29294,test
22141,test
30217,test
10290,test
3400,test
17274,test
12333,test
27766,test
15731,test
30664,test
7194,test
29094,test
26908,test
13668,test
11199,test
15509,test
29825,test
24908,test
20893,test
24734,test
10036,test
8925,test
15967,test
30324,test
237,test
28100,test
26158,test
11750,test
16318,test
8389,test
23419,test
2359,test
30697,test
13107,test
28308,test
28306,test
15011,test
21969,test
20213,test
18357,test
15701,test
24221,test
5291,test
6262,test
2554,test
12513,test
18959,test
12222,test
14166,test
16032,test
19932,test
4517,test
19250,test
29474,test
25380,test
15180,test
4940,test
6040,test
20247,test
21190,test
23291,test
11278,test
10297,test
13471,test
11784,test
26660,test
1558,test
5829,test
23269,test
12998,test
29591,test
6334,test
14899,test
16504,test
12460,test
23383,test
23423,test
17593,test
28889,test
26353,test
1727,test
7374,test
16738,test
25748,test
23107,test
24187,test
15422,test
12896,test
20971,test
699,test
9603,test
27283,test
26702,test
6318,test
26260,test
4668,test
22612,test
5978,test
10765,test
6599,test
21106,test
23060,test
6455,test
1735,test
22697,test
22618,test
18660,test
20422,test
6675,test
23995,test
24742,test
27291,test
42,test
28736,test
4071,test
15438,test
893,test
18395,test
3137,test
15699,test
26784,test
22585,test
17099,test
10569,test
6708,test
8898,test
14930,test
721,test
17165,test
2093,test
12403,test
3372,test
5663,test
6275,test
27549,test
9549,test
22969,test
25478,test
20186,test
629,test
13099,test
665,test
17376,test
4933,test
6373,test
8506,test
14130,test
25147,test
933,test
24254,test
7961,test
18328,test
16694,test
21075,test
16757,test
29239,test
26005,test
19973,test
24681,test
6904,test
28861,test
23053,test
27608,test
3876,test
24807,test
27806,test
18371,test
27210,test
10855,test
14020,test
12674,test
12178,test
15368,test
2972,test
27483,test
21708,test
10545,test
5633,test
15241,test
23943,test
9940,test
27374,test
30457,test
23703,test
29796,test
1881,test
17782,test
17209,test
11170,test
22714,test
29477,test
17222,test
8429,test
3368,test
12098,test
945,test
19168,test
4811,test
19126,test
15085,test
1690,test
11176,test
26557,test
28399,test
25553,test
2441,test
3556,test
28583,test
29147,test
6451,test
11688,test
30399,test
2426,test
26355,test
17885,test
25587,test
6965,test
1687,test
22769,test
10210,test
5837,test
24497,test
1887,test
10605,test
25001,test
12873,test
10957,test
29766,test
509,test
11198,test
25383,test
4844,test
21228,test
9169,test
16189,test
26539,test
112,test
27542,test
12132,test
6572,test
1168,test
3692,test
19798,test
24153,test
5518,test
3271,test
571,test
29326,test
6918,test
1060,test
25065,test
13253,test
30712,test
10621,test
5315,test
4026,test
20769,test
13406,test
25560,test
16853,test
13080,test
15076,test
24966,test
11709,test
14152,test
27274,test
15922,test
5261,test
6465,test
8842,test
18721,test
13335,test
24481,test
19986,test
1137,test
15643,test
8209,test
19960,test
9641,test
21624,test
2652,test
17170,test
221,test
20926,test
10111,test
5274,test
2095,test
177,test
25469,test
14401,test
24748,test
9256,test
20988,test
25755,test
16672,test
16372,test
7968,test
25219,test
8948,test
4924,test
28655,test
25997,test
11242,test
22041,test
6715,test
773,test
10633,test
14871,test
1810,test
19268,test
995,test
24397,test
16530,test
17973,test
30153,test
2306,test
25621,test
6923,test
26945,test
5496,test
27568,test
26849,test
25724,test
4529,test
16152,test
17665,test
11318,test
13801,test
358,test
12820,test
24276,test
2003,test
7506,test
3484,test
12748,test
13741,test
4472,test
16122,test
21794,test
18064,test
20226,test
7710,test
30341,test
20023,test
1702,test
29997,test
18309,test
13416,test
14023,test
7789,test
20791,test
511,test
8994,test
8231,test
14577,test
11646,test
26439,test
5714,test
22786,test
7133,test
4094,test
13175,test
27022,test
11408,test
2207,test
19729,test
12085,test
15778,test
6518,test
14828,test
3164,test
23339,test
8152,test
3604,test
17234,test
27610,test
2042,test
1194,test
23153,test
16164,test
3306,test
23622,test
10256,test
12964,test
10285,test
240,test
16431,test
21629,test
4616,test
12695,test
22569,test
10564,test
26689,test
15829,test
27895,test
7054,test
13349,test
28435,test
12959,test
2627,test
15113,test
12100,test
6647,test
13072,test
15199,test
20131,test
22400,test
23387,test
21548,test
2075,test
25651,test
7688,test
8897,test
30188,test
3871,test
7633,test
3783,test
9166,test
25972,test
19326,test
27590,test
7499,test
5151,test
16158,test
25010,test
8706,test
17671,test
22692,test
25516,test
14515,test
1814,test
25544,test
23920,test
4191,test
21999,test
9566,test
7369,test
17880,test
16798,test
23907,test
3818,test
10437,test
16426,test
24620,test
11889,test
18845,test
14053,test
26704,test
21796,test
25686,test
13452,test
28962,test
25441,test
20481,test
15491,test
24700,test
24139,test
5253,test
16785,test
19318,test
26715,test
11899,test
13212,test
7157,test
6512,test
8497,test
3581,test
2510,test
23849,test
16681,test
10738,test
19745,test
17778,test
1673,test
17893,test
24565,test
18732,test
24785,test
26607,test
15871,test
4523,test
9088,test
22857,test
12656,test
13409,test
21698,test
4149,test
20768,test
22433,test
29585,test
11635,test
4553,test
26489,test
15816,test
341,test
21360,test
19497,test
27984,test
7225,test
6639,test
16790,test
19242,test
22530,test
6961,test
9869,test
5011,test
10092,test
2063,test
9132,test
15977,test
23897,test
29848,test
2506,test
6142,test
27259,test
30684,test
3942,test
12028,test
21206,test
25874,test
15888,test
8532,test
2398,test
30226,test
23810,test
22632,test
25451,test
8248,test
17403,test
10527,test
8853,test
11765,test
25996,test
27183,test
11305,test
3064,test
16220,test
16846,test
14124,test
11828,test
15597,test
27125,test
3242,test
17097,test
23884,test
20423,test
3965,test
5492,test
7776,test
14913,test
28615,test
16805,test
7685,test
1725,test
12167,test
10307,test
2337,test
3365,test
8024,test
5488,test
3943,test
8933,test
8789,test
14742,test
6710,test
14996,test
20489,test
25485,test
8435,test
10757,test
21248,test
5365,test
26656,test
3023,test
10767,test
14459,test
25468,test
11223,test
24442,test
17121,test
16339,test
28576,test
29598,test
1556,test
10060,test
15834,test
5776,test
22353,test
5126,test
14458,test
11856,test
18672,test
6523,test
14815,test
23958,test
26325,test
7785,test
26556,test
25976,test
420,test
4481,test
29948,test
27615,test
28179,test
1954,test
24114,test
20610,test
8572,test
12221,test
14527,test
27822,test
15534,test
365,test
25,test
2630,test
20475,test
10275,test
24537,test
5311,test
28630,test
22663,test
12556,test
10311,test
845,test
6323,test
6575,test
18163,test
14064,test
25257,test
23119,test
22329,test
8776,test
7856,test
3741,test
19062,test
12815,test
30315,test
23594,test
22075,test
6385,test
11770,test
3793,test
15771,test
29297,test
9291,test
9936,test
16865,test
15757,test
22303,test
15175,test
8549,test
8356,test
18946,test
19363,test
10725,test
829,test
737,test
3045,test
735,test
26423,test
4538,test
27404,test
1069,test
25745,test
2768,test
29302,test
514,test
2139,test
28393,test
14141,test
2405,test
18217,test
15596,test
2153,test
15501,test
9754,test
28173,test
30560,test
23525,test
2141,test
14281,test
28172,test
19569,test
22355,test
22134,test
27692,test
4411,test
2928,test
29597,test
22453,test
27841,test
29050,test
24769,test
4399,test
20646,test
5010,test
3159,test
15855,test
14741,test
17644,test
9463,test
2657,test
13566,test
4272,test
15322,test
16323,test
28747,test
28111,test
11224,test
26731,test
7811,test
13512,test
14180,test
3360,test
30074,test
914,test
6659,test
22524,test
24354,test
2830,test
3896,test
28447,test
17837,test
12440,test
22731,test
7650,test
20961,test
21103,test
7288,test
26651,test
15945,test
21601,test
27094,test
29686,test
10969,test
14507,test
18122,test
15068,test
30349,test
19343,test
25440,test
15520,test
29944,test
17131,test
24747,test
28157,test
5117,test
12017,test
3020,test
4555,test
3715,test
911,test
14455,test
2732,test
22688,test
11754,test
5547,test
29795,test
20300,test
2930,test
4705,test
7108,test
13818,test
16818,test
5976,test
8292,test
1189,test
11117,test
1914,test
15605,test
20837,test
22243,test
1282,test
1997,test
30722,test
26926,test
18810,test
11002,test
23867,test
12899,test
837,test
30317,test
4158,test
25785,test
29683,test
13734,test
4596,test
23561,test
6118,test
16509,test
12567,test
12742,test
20017,test
3134,test
16159,test
14394,test
13770,test
16071,test
19841,test
14335,test
5592,test
3288,test
1929,test
6261,test
5794,test
12629,test
3606,test
24902,test
1791,test
14331,test
4055,test
2802,test
17856,test
1010,test
15994,test
28895,test
25767,test
14784,test
8002,test
14990,test
20995,test
5657,test
12849,test
14148,test
810,test
1460,test
2839,test
3524,test
18234,test
17598,test
12685,test
6871,test
13137,test
17977,test
25715,test
29851,test
5048,test
27306,test
18090,test
24485,test
23316,test
16054,test
13373,test
21776,test
21063,test
18126,test
25389,test
15109,test
18261,test
23112,test
11252,test
28493,test
10089,test
25757,test
24587,test
25842,test
14971,test
13599,test
18998,test
141,test
26601,test
21141,test
13467,test
16070,test
27086,test
28278,test
11763,test
23484,test
7895,test
10881,test
2470,test
30734,test
20978,test
6376,test
29023,test
14597,test
29376,test
17780,test
27093,test
20523,test
11963,test
12651,test
19085,test
6521,test
28985,test
6917,test
17060,test
28252,test
22375,test
6325,test
4270,test
10661,test
18912,test
1382,test
2806,test
26918,test
2525,test
16836,test
712,test
4337,test
14757,test
17359,test
6171,test
22356,test
16093,test
8904,test
5469,test
12578,test
18195,test
22682,test
12170,test
26904,test
16423,test
5644,test
5668,test
28068,test
4433,test
11675,test
13308,test
13654,test
18609,test
9251,test
9407,test
30115,test
8740,test
11183,test
10535,test
4162,test
16241,test
9705,test
15358,test
27099,test
13328,test
7126,test
10390,test
28006,test
28150,test
5006,test
15338,test
7326,test
11337,test
10475,test
1488,test
9765,test
27069,test
1910,test
9239,test
28041,test
3218,test
6431,test
30447,test
7607,test
12831,test
9468,test
11483,test
16161,test
1267,test
21042,test
14793,test
21960,test
13728,test
21636,test
15409,test
24309,test
18877,test
2987,test
23438,test
20375,test
29895,test
29952,test
12485,test
28594,test
26782,test
20794,test
18367,test
16619,test
9796,test
3165,test
18677,test
18972,test
4625,test
6242,test
15044,test
29765,test
10074,test
21502,test
6288,test
12602,test
21328,test
16732,test
4019,test
26044,test
14075,test
3873,test
22380,test
2999,test
27481,test
18542,test
7421,test
1293,test
6937,test
25240,test
4346,test
23567,test
16969,test
12560,test
9480,test
25644,test
17116,test
6618,test
19195,test
27489,test
25415,test
26194,test
24333,test
27376,test
1952,test
27369,test
2966,test
17701,test
2717,test
28866,test
2385,test
4651,test
4379,test
26494,test
1621,test
15918,test
27084,test
3295,test
27262,test
15377,test
24629,test
15348,test
21199,test
5989,test
30558,test
12392,test
18059,test
16762,test
3771,test
19728,test
14702,test
684,test
11726,test
18028,test
7943,test
29309,test
15722,test
17685,test
21552,test
21575,test
28959,test
24156,test
28163,test
7853,test
11665,test
8090,test
17905,test
21746,test
3373,test
29536,test
11573,test
29623,test
1357,test
14063,test
24939,test
9443,test
25780,test
21198,test
27271,test
22510,test
10882,test
21814,test
9441,test
25162,test
9814,test
12607,test
8331,test
12955,test
30289,test
7242,test
26589,test
13621,test
7308,test
16201,test
22258,test
18897,test
9788,test
19501,test
6157,test
17420,test
27986,test
6407,test
19470,test
12203,test
18379,test
28310,test
21375,test
14872,test
13973,test
25118,test
28921,test
22183,test
8444,test
25287,test
14769,test
13665,test
25367,test
2410,test
25138,test
28919,test
29897,test
14723,test
23899,test
28343,test
30249,test
22631,test
6927,test
8939,test
20149,test
8577,test
21795,test
28954,test
13358,test
17166,test
1741,test
8466,test
26253,test
28893,test
20410,test
2396,test
13579,test
26354,test
4261,test
21289,test
1217,test
21979,test
2355,test
22760,test
6697,test
26823,test
28238,test
5791,test
1018,test
8247,test
24260,test
3308,test
26146,test
5653,test
10048,test
22056,test
28602,test
1476,test
4093,test
664,test
20189,test
15693,test
5666,test
2493,test
27382,test
4088,test
26412,test
23824,test
4679,test
29061,test
8374,test
1059,test
24905,test
387,test
5631,test
16482,test
8583,test
26246,test
14668,test
17825,test
29785,test
9961,test
18285,test
10852,test
14036,test
24379,test
8325,test
10183,test
10971,test
17744,test
18832,test
30359,test
1723,test
25859,test
19376,test
16914,test
19287,test
25688,test
16286,test
11890,test
20264,test
1583,test
21215,test
10624,test
3909,test
23781,test
20494,test
2899,test
25815,test
20499,test
10416,test
10876,test
12699,test
227,test
3228,test
25741,test
10458,test
18099,test
11441,test
21176,test
19500,test
2795,test
20947,test
21869,test
29378,test
20134,test
3643,test
8990,test
30548,test
28384,test
2197,test
17262,test
29047,test
27597,test
14659,test
13499,test
6305,test
8226,test
8617,test
9144,test
15854,test
26169,test
17852,test
21136,test
13922,test
11748,test
3566,test
22664,test
22296,test
9464,test
24692,test
29116,test
18676,test
28479,test
23999,test
28532,test
3163,test
5692,test
8233,test
20115,test
14377,test
21145,test
19204,test
4636,test
15494,test
4816,test
20807,test
19739,test
28326,test
23070,test
4018,test
14353,test
23796,test
29511,test
6714,test
15547,test
2181,test
8057,test
3010,test
13720,test
30738,test
2173,test
30309,test
16630,test
19147,test
6788,test
15235,test
21875,test
988,test
7884,test
5938,test
9505,test
16643,test
14259,test
24424,test
3009,test
14805,test
24496,test
19937,test
20917,test
7742,test
13529,test
21682,test
16883,test
16981,test
13010,test
5543,test
6660,test
20167,test
21021,test
26510,test
3427,test
4634,test
12288,test
29907,test
4118,test
24713,test
8066,test
17642,test
27387,test
13878,test
2178,test
17816,test
28794,test
28694,test
20426,test
4494,test
21919,test
4808,test
14560,test
11120,test
233,test
19842,test
8851,test
20400,test
18742,test
19467,test
9737,test
8500,test
25519,test
22651,test
29755,test
5395,test
28912,test
10457,test
9223,test
29362,test
3,test
24009,test
26621,test
10865,test
22285,test
7887,test
8585,test
20691,test
13148,test
29066,test
26697,test
12870,test
14837,test
30169,test
25382,test
19240,test
27377,test
2947,test
9577,test
4189,test
26373,test
18581,test
3545,test
3779,test
21938,test
17362,test
11542,test
2638,test
19638,test
12860,test
11218,test
29867,test
7967,test
22765,test
13114,test
2686,test
17278,test
22483,test
7736,test
3171,test
21976,test
29246,test
4199,test
23502,test
26180,test
11842,test
22156,test
595,test
23960,test
29729,test
20931,test
20796,test
26192,test
28034,test
3326,test
26267,test
2253,test
7149,test
29032,test
21293,test
2314,test
4366,test
29918,test
20535,test
12804,test
19169,test
10620,test
1617,test
21461,test
4473,test
7252,test
27746,test
10172,test
19541,test
16774,test
28242,test
13934,test
24145,test
2312,test
1665,test
3990,test
4938,test
19452,test
12904,test
3259,test
1318,test
7309,test
28701,test
23494,test
23533,test
16499,test
6074,test
7956,test
19067,test
24111,test
12348,test
938,test
26312,test
13521,test
12185,test
18633,test
11570,test
11892,test
9294,test
4330,test
17713,test
7826,test
29652,test
19353,test
18538,test
17532,test
19780,test
10010,test
19885,test
29637,test
23041,test
25944,test
26038,test
8630,test
9266,test
26828,test
23456,test
15504,test
21663,test
3292,test
20938,test
6876,test
15104,test
16168,test
14999,test
3617,test
12262,test
24185,test
28587,test
30525,test
2670,test
21369,test
14348,test
9113,test
21295,test
468,test
5710,test
24825,test
27408,test
8280,test
9794,test
28196,test
13492,test
27394,test
18653,test
21439,test
17392,test
16459,test
6703,test
28148,test
9645,test
24558,test
26187,test
23597,test
1178,test
12439,test
22044,test
28714,test
3569,test
5234,test
26789,test
19799,test
7446,test
26417,test
28494,test
16633,test
3478,test
13460,test
9561,test
10837,test
13313,test
24436,test
12172,test
8171,test
18159,test
14998,test
11353,test
27254,test
5729,test
9615,test
6538,test
3098,test
985,test
21467,test
9323,test
12500,test
23747,test
20669,test
26674,test
27010,test
24367,test
3223,test
13748,test
28380,test
12884,test
10388,test
29927,test
6079,test
26319,test
5953,test
9125,test
27521,test
26863,test
19046,test
27169,test
30483,test
18279,test
311,test
20915,test
19142,test
29391,test
8647,test
12836,test
12450,test
26079,test
3547,test
1316,test
27862,test
28167,test
18109,test
13507,test
9745,test
607,test
23864,test
20505,test
30528,test
13426,test
19243,test
16094,test
19671,test
7401,test
12088,test
25282,test
7012,test
18899,test
23184,test
13541,test
16802,test
28047,test
30580,test
26864,test
19222,test
25360,test
14540,test
22566,test
9215,test
7022,test
25880,test
24012,test
25273,test
10358,test
17583,test
19970,test
15957,test
12063,test
28263,test
25521,test
3808,test
12398,test
9289,test
20383,test
19790,test
8266,test
3788,test
21616,test
15903,test
27001,test
8136,test
30124,test
3438,test
19145,test
21589,test
1599,test
9367,test
17814,test
4245,test
16053,test
4492,test
9425,test
17686,test
19307,test
6769,test
16900,test
25627,test
30158,test
11880,test
20462,test
24376,test
15742,test
136,test
28945,test
30788,test
28926,test
19298,test
26780,test
25764,test
1749,test
6942,test
27157,test
21420,test
24657,test
4695,test
101,test
283,test
165,test
15021,test
17801,test
15299,test
4881,test
6513,test
8073,test
23149,test
23981,test
23479,test
30736,test
450,test
21709,test
22474,test
3032,test
14161,test
29527,test
20617,test
5289,test
22673,test
9846,test
16308,test
198,test
4287,test
251,test
20316,test
13276,test
25173,test
14907,test
10471,test
25136,test
17450,test
3745,test
1886,test
26071,test
19433,test
30493,test
5040,test
27795,test
21599,test
806,test
18722,test
15334,test
23702,test
19431,test
5399,test
12153,test
26047,test
1492,test
14451,test
4590,test
30442,test
6097,test
6814,test
21463,test
17004,test
23239,test
2462,test
6014,test
3615,test
12271,test
18000,test
24506,test
6850,test
11608,test
8031,test
5857,test
19649,test
10123,test
18591,test
27707,test
2925,test
10383,test
23735,test
6678,test
28971,test
19587,test
24313,test
9950,test
23117,test
12570,test
19269,test
27994,test
7111,test
26168,test
6224,test
8027,test
13985,test
16887,test
7166,test
29621,test
8926,test
26779,test
3781,test
8075,test
9385,test
7052,test
14285,test
15637,test
15133,test
2561,test
19238,test
7907,test
15213,test
11526,test
5830,test
12985,test
16786,test
4896,test
16567,test
5510,test
30657,test
7622,test
29633,test
20229,test
3919,test
21105,test
7360,test
5162,test
6374,test
26053,test
17430,test
24645,test
27513,test
4963,test
4921,test
25190,test
70,test
21963,test
27445,test
19314,test
15985,test
9850,test
13234,test
8589,test
25956,test
17741,test
8044,test
7945,test
25036,test
19451,test
21639,test
14966,test
7068,test
20830,test
6147,test
1422,test
22823,test
1802,test
3959,test
25821,test
28341,test
8736,test
28979,test
29410,test
3008,test
17443,test
15320,test
16452,test
25432,test
5665,test
11740,test
22371,test
4944,test
27237,test
1402,test
13270,test
2853,test
27296,test
4424,test
18547,test
18453,test
29142,test
22447,test
7427,test
29356,test
5980,test
26965,test
27561,test
5084,test
4925,test
13255,test
19149,test
25567,test
1602,test
25125,test
3638,test
16603,test
3265,test
9792,test
25692,test
16306,test
5859,test
23725,test
16203,test
19003,test
447,test
26813,test
483,test
18679,test
26644,test
8831,test
9920,test
8484,test
1630,test
19864,test
12195,test
12441,test
27633,test
23910,test
29230,test
7156,test
2436,test
30207,test
9622,test
4757,test
25185,test
30772,test
20563,test
30740,test
10749,test
27910,test
21221,test
27656,test
14688,test
27305,test
22452,test
16266,test
11472,test
21893,test
19603,test
22572,test
5309,test
14378,test
2246,test
3938,test
27189,test
9685,test
2988,test
8392,test
28834,test
21165,test
22042,test
26458,test
2115,test
20211,test
10505,test
19604,test
28094,test
25979,test
3211,test
10422,test
1546,test
6811,test
20210,test
20193,test
10469,test
22922,test
5535,test
3960,test
29377,test
29387,test
26812,test
27817,test
30752,test
26442,test
4626,test
295,test
12806,test
22954,test
27367,test
28119,test
2509,test
30474,test
30785,test
7602,test
47,test
26531,test
16515,test
10731,test
14820,test
4972,test
11380,test
2602,test
15374,test
13606,test
16621,test
19588,test
18750,test
17955,test
22871,test
2334,test
2827,test
21273,test
12179,test
17689,test
4426,test
15456,test
316,test
19606,test
20556,test
14670,test
26603,test
30784,test
28215,test
17181,test
17916,test
21949,test
28843,test
30417,test
19788,test
21099,test
1768,test
7179,test
24557,test
28839,test
12782,test
14304,test
5432,test
30384,test
791,test
10162,test
20366,test
15022,test
892,test
30032,test
24885,test
24122,test
5838,test
18290,test
5760,test
10820,test
29773,test
5118,test
15359,test
1773,test
27028,test
27288,test
4919,test
16069,test
27248,test
7851,test
28330,test
21546,test
23215,test
12163,test
22282,test
18735,test
10143,test
5061,test
21942,test
8744,test
18983,test
123,test
28693,test
2737,test
24158,test
22584,test
8326,test
17515,test
26642,test
15160,test
20222,test
21564,test
11306,test
21573,test
28523,test
25353,test
24795,test
4152,test
22785,test
21634,test
29166,test
27786,test
18241,test
6761,test
20291,test
15121,test
7928,test
5000,test
18768,test
22771,test
2328,test
17393,test
13179,test
18215,test
1124,test
22637,test
13224,test
9420,test
3879,test
26112,test
14464,test
21444,test
25145,test
17015,test
13647,test
291,test
17717,test
30632,test
16719,test
11898,test
4837,test
15371,test
9854,test
19795,test
6450,test
22818,test
20030,test
13490,test
18541,test
20531,test
18759,test
21781,test
13375,test
23914,test
980,test
6621,test
9317,test
28696,test
11338,test
11785,test
16019,test
7213,test
15500,test
882,test
14060,test
30362,test
13687,test
24386,test
25084,test
20990,test
12528,test
7461,test
3026,test
11487,test
18081,test
337,test
22943,test
12648,test
15118,test
10748,test
15565,test
16982,test
20709,test
7993,test
14896,test
9985,test
4861,test
17891,test
3875,test
17844,test
30140,test
27070,test
24772,test
7337,test
3003,test
6669,test
10517,test
13300,test
30311,test
11782,test
29786,test
9127,test
1044,test
30398,test
16379,test
1038,test
9828,test
3744,test
28133,test
23887,test
22411,test
16417,test
14246,test
25127,test
27180,test
12159,test
5495,test
24912,test
18683,test
18970,test
29167,test
10520,test
5972,test
13582,test
12557,test
21340,test
30056,test
6316,test
1552,test
20143,test
30254,test
21741,test
23837,test
7940,test
15902,test
30724,test
27073,test
586,test
5385,test
22674,test
508,test
12929,test
3081,test
7686,test
30286,test
14984,test
30196,test
25426,test
20698,test
1307,test
14531,test
10715,test
678,test
21000,test
13473,test
15341,test
9174,test
3835,test
27230,test
26754,test
20872,test
26242,test
20127,test
18331,test
18366,test
27555,test
5384,test
1093,test
3389,test
28758,test
20332,test
1424,test
7081,test
18819,test
27812,test
27702,test
24390,test
12353,test
16552,test
12329,test
19608,test
27774,test
5673,test
1915,test
19696,test
22578,test
26678,test
11312,test
8603,test
19794,test
15307,test
29653,test
11461,test
5430,test
8565,test
10377,test
15542,test
9878,test
19502,test
14610,test
14137,test
11998,test
23507,test
3298,test
23005,test
633,test
11732,test
20020,test
24786,test
22671,test
598,test
26896,test
26026,test
27089,test
22052,test
23477,test
5391,test
2243,test
29850,test
15732,test
4678,test
7298,test
16354,test
27957,test
5307,test
1838,test
15723,test
22262,test
20972,test
29870,test
4200,test
5569,test
20067,test
21836,test
28533,test
12025,test
28032,test
20297,test
10518,test
13600,test
16573,test
4605,test
12717,test
100,test
750,test
28690,test
16271,test
26210,test
2194,test
29405,test
26809,test
27709,test
27122,test
5517,test
7376,test
14795,test
27783,test
585,test
15363,test
21929,test
1614,test
12807,test
19854,test
25658,test
24375,test
23059,test
17931,test
16403,test
13991,test
26940,test
4429,test
10059,test
22523,test
13852,test
26403,test
11559,test
11691,test
10044,test
12459,test
14244,test
28243,test
23495,test
14754,test
13943,test
14766,test
4220,test
13743,test
28665,test
6443,test
25114,test
22136,test
24546,test
9062,test
11412,test
15012,test
26626,test
25303,test
29048,test
17715,test
28418,test
12902,test
14705,test
4770,test
21878,test
8594,test
21139,test
13342,test
14974,test
8977,test
11522,test
21119,test
8621,test
10254,test
11699,test
9608,test
640,test
5814,test
22275,test
15091,test
14652,test
18460,test
10688,test
20178,test
4964,test
12808,test
20929,test
29566,test
30665,test
25302,test
14756,test
12071,test
3487,test
24782,test
8521,test
22774,test
18739,test
21719,test
18628,test
24628,test
21659,test
25070,test
9911,test
28872,test
2096,test
6067,test
23939,test
4687,test
14905,test
25425,test
26868,test
8499,test
21516,test
253,test
4117,test
12762,test
21641,test
20629,test
3637,test
15138,test
15064,test
3913,test
1513,test
20582,test
3022,test
29112,test
12322,test
28410,test
16888,test
16857,test
28963,test
1490,test
15506,test
24676,test
26054,test
4594,test
13657,test
26270,test
3895,test
27476,test
23158,test
24396,test
13042,test
8178,test
23582,test
29534,test
27735,test
9571,test
329,test
11068,test
8225,test
1132,test
25495,test
19625,test
28279,test
26756,test
12647,test
20910,test
24159,test
26145,test
11760,test
23882,test
6188,test
1297,test
13017,test
6995,test
10786,test
17467,test
27401,test
30383,test
17608,test
25179,test
14,test
24344,test
9313,test
11083,test
19670,test
15627,test
18399,test
7106,test
30041,test
15225,test
28035,test
17918,test
8339,test
9519,test
1701,test
14521,test
2447,test
6596,test
9063,test
9589,test
11562,test
17742,test
17872,test
3262,test
14433,test
9587,test
16925,test
4032,test
24781,test
22575,test
25771,test
26946,test
30519,test
7519,test
27962,test
20104,test
18891,test
23312,test
8634,test
16618,test
30746,test
11012,test
13260,test
7638,test
16758,test
18289,test
2184,test
30504,test
10196,test
6793,test
15016,test
27468,test
17863,test
14846,test
19549,test
24633,test
27357,test
14490,test
2527,test
16296,test
12387,test
8690,test
26083,test
6335,test
6183,test
29595,test
16487,test
16486,test
3334,test
10001,test
25028,test
5376,test
19277,test
453,test
29760,test
27669,test
5182,test
24199,test
9719,test
17738,test
4543,test
10744,test
9400,test
16869,test
1109,test
18603,test
27909,test
17541,test
26488,test
12058,test
23193,test
16498,test
7790,test
14413,test
20804,test
7857,test
11728,test
2616,test
19875,test
11737,test
13981,test
2943,test
27155,test
24725,test
20368,test
30796,test
23487,test
6514,test
26748,test
1831,test
14961,test
16058,test
14808,test
27156,test
6919,test
13795,test
9680,test
8174,test
26275,test
29647,test
5248,test
29923,test
12703,test
27679,test
7080,test
14836,test
14008,test
23752,test
28353,test
7654,test
4828,test
231,test
19084,test
20111,test
12785,test
9395,test
17352,test
6959,test
5764,test
16707,test
25435,test
29213,test
6056,test
20623,test
6895,test
14397,test
26479,test
27797,test
9779,test
6721,test
24592,test
11926,test
19143,test
19664,test
9038,test
18104,test
6422,test
13889,test
1654,test
2233,test
7645,test
29063,test
29012,test
14552,test
15367,test
15661,test
26502,test
22926,test
14750,test
18181,test
7662,test
12479,test
27242,test
7109,test
28728,test
5169,test
12373,test
19693,test
7394,test
26490,test
29169,test
15111,test
29266,test
17651,test
18339,test
28968,test
25822,test
24771,test
1437,test
20946,test
19267,test
22139,test
3318,test
3275,test
8327,test
5797,test
29864,test
9213,test
29435,test
21592,test
11048,test
9922,test
18596,test
15875,test
30536,test
15880,test
3019,test
16590,test
20612,test
20176,test
11354,test
17706,test
21343,test
26450,test
11793,test
20515,test
29196,test
7812,test
14453,test
9888,test
29949,test
14107,test
28161,test
29270,test
18497,test
10403,test
12168,test
7477,test
27344,test
2101,test
19574,test
13881,test
1172,test
26544,test
8406,test
7565,test
17153,test
26394,test
28171,test
12242,test
10203,test
16231,test
3441,test
6852,test
5872,test
5800,test
22201,test
19338,test
113,test
10737,test
13070,test
11631,test
849,test
15089,test
16516,test
23407,test
11047,test
7737,test
20743,test
9347,test
30613,test
12809,test
15015,test
30696,test
28699,test
14170,test
24224,test
27825,test
15102,test
17236,test
11851,test
29155,test
8423,test
19997,test
15060,test
21571,test
10747,test
4235,test
19464,test
29464,test
28394,test
25123,test
23655,test
6642,test
30574,test
10705,test
28753,test
12730,test
25555,test
4587,test
27512,test
10645,test
18920,test
3232,test
17281,test
28647,test
21257,test
16493,test
2098,test
4498,test
11,test
30103,test
4993,test
29830,test
4564,test
11864,test
26554,test
26474,test
13262,test
15566,test
15893,test
111,test
28003,test
12014,test
3404,test
6502,test
14634,test
30753,test
9753,test
7828,test
21867,test
11152,test
14200,test
1576,test
17067,test
11920,test
9394,test
8718,test
14027,test
2552,test
19595,test
26910,test
23348,test
11912,test
26845,test
13441,test
17442,test
26951,test
25928,test
1277,test
29717,test
18343,test
11644,test
13753,test
24888,test
18344,test
321,test
9769,test
17980,test
16581,test
15463,test
29983,test
20237,test
4067,test
6154,test
18958,test
28395,test
27472,test
16549,test
18763,test
21772,test
28599,test
25969,test
5310,test
24996,test
25610,test
26618,test
6375,test
14520,test
27596,test
11577,test
18123,test
4304,test
28609,test
20428,test
20717,test
15588,test
25798,test
16811,test
3772,test
28767,test
29828,test
15825,test
1795,test
7191,test
30175,test
15711,test
1718,test
23073,test
4897,test
17519,test
9669,test
14113,test
202,test
11776,test
4888,test
15077,test
21065,test
12463,test
23399,test
15759,test
997,test
20201,test
8822,test
1050,test
25221,test
22902,test
4880,test
10839,test
21743,test
24848,test
27126,test
28778,test
23022,test
22845,test
28846,test
12123,test
7600,test
21081,test
1455,test
21542,test
19535,test
26117,test
18359,test
21576,test
18070,test
22325,test
12062,test
12061,test
16469,test
3955,test
18823,test
4850,test
27006,test
29724,test
19212,test
7569,test
9490,test
8792,test
28560,test
9232,test
7043,test
6256,test
29974,test
18276,test
28033,test
15036,test
23230,test
6774,test
19774,test
7270,test
20072,test
26986,test
5906,test
1212,test
6673,test
2933,test
4959,test
325,test
14956,test
2048,test
23326,test
28299,test
21196,test
29569,test
617,test
17008,test
22334,test
22533,test
29941,test
6122,test
20892,test
28862,test
14370,test
18296,test
12663,test
11134,test
18247,test
18901,test
15881,test
1052,test
26385,test
26617,test
19682,test
13793,test
11523,test
28423,test
4920,test
7730,test
19266,test
23746,test
11847,test
22216,test
1906,test
21522,test
12852,test
21174,test
8909,test
14253,test
5141,test
5774,test
4776,test
838,test
7084,test
20979,test
8487,test
11575,test
18513,test
9533,test
12109,test
9,test
20802,test
14901,test
9972,test
1917,test
8163,test
20071,test
18429,test
30150,test
19599,test
24727,test
6741,test
3472,test
24138,test
17187,test
5904,test
23211,test
998,test
26985,test
5892,test
9999,test
21742,test
7508,test
7532,test
2831,test
1410,test
15005,test
7564,test
29885,test
2901,test
21281,test
11653,test
23435,test
29665,test
15851,test
6817,test
3192,test
6956,test
7799,test
24347,test
29856,test
29780,test
17341,test
562,test
19792,test
27328,test
1796,test
20282,test
30077,test
7926,test
21067,test
8457,test
11830,test
29144,test
10549,test
18577,test
22276,test
25163,test
17370,test
8470,test
10912,test
11221,test
6509,test
15598,test
11628,test
21519,test
27015,test
7419,test
29141,test
25593,test
8028,test
28873,test
63,test
96,test
15645,test
11273,test
1200,test
6681,test
979,test
18871,test
16962,test
21822,test
919,test
19099,test
724,test
29559,test
5755,test
23241,test
17894,test
24737,test
6616,test
3872,test
29947,test
11001,test
10962,test
18624,test
13038,test
28573,test
26409,test
27503,test
15292,test
2897,test
10017,test
2242,test
21323,test
24472,test
4028,test
19139,test
12069,test
755,test
16251,test
13544,test
1984,test
29416,test
29725,test
28947,test
12932,test
4640,test
9640,test
8237,test
24656,test
23828,test
16385,test
2850,test
15789,test
3109,test
17012,test
26639,test
593,test
719,test
26925,test
26220,test
25941,test
27777,test
27967,test
17928,test
22804,test
27425,test
13081,test
25693,test
11803,test
25124,test
25475,test
23270,test
1676,test
12095,test
14302,test
18022,test
5532,test
16636,test
9110,test
4758,test
18505,test
22650,test
3966,test
29037,test
15200,test
29194,test
9965,test
26321,test
17455,test
27111,test
22747,test
28259,test
23461,test
20905,test
17709,test
10671,test
22925,test
1101,test
15418,test
10451,test
23551,test
11984,test
2678,test
25202,test
19355,test
25779,test
18473,test
24051,test
30805,test
10982,test
15086,test
12243,test
4114,test
29129,test
2381,test
29881,test
21535,test
8370,test
5026,test
17948,test
15586,test
25949,test
23191,test
30445,test
26496,test
26583,test
12698,test
19827,test
15962,test
29980,test
2444,test
30310,test
5415,test
27464,test
20470,test
7410,test
10197,test
8624,test
14327,test
20707,test
10557,test
9101,test
28195,test
22884,test
23799,test
5191,test
28348,test
7695,test
22956,test
9572,test
22602,test
15078,test
27144,test
16357,test
13634,test
22913,test
28461,test
28597,test
26980,test
24763,test
823,test
9921,test
526,test
12763,test
30375,test
13116,test
17725,test
8202,test
13405,test
11258,test
10977,test
19928,test
25649,test
30502,test
9032,test
6415,test
24173,test
2419,test
18434,test
2472,test
643,test
27121,test
1371,test
16598,test
1473,test
8436,test
12437,test
7343,test
13384,test
25056,test
12231,test
12641,test
27083,test
13731,test
5219,test
24429,test
25609,test
1280,test
9833,test
22081,test
25064,test
29903,test
9387,test
25120,test
12306,test
18077,test
18555,test
1786,test
19227,test
27573,test
30138,test
22706,test
17529,test
16518,test
25510,test
11660,test
7671,test
6180,test
5895,test
4416,test
1874,test
4296,test
4025,test
9547,test
6223,test
12982,test
11694,test
29406,test
1911,test
8902,test
21677,test
14951,test
30201,test
8354,test
11245,test
20816,test
10903,test
14572,test
17478,test
25041,test
24065,test
2295,test
1601,test
91,test
21159,test
12054,test
11055,test
10651,test
4167,test
15465,test
25325,test
22942,test
7070,test
12266,test
19505,test
29079,test
4325,test
3424,test
29727,test
21671,test
257,test
13199,test
28022,test
14678,test
6412,test
29645,test
13431,test
1102,test
16238,test
8847,test
24744,test
11970,test
15839,test
24523,test
28221,test
13445,test
1531,test
7076,test
18540,test
6417,test
17101,test
1298,test
7717,test
24542,test
8938,test
19327,test
4593,test
12713,test
28061,test
11080,test
22377,test
17524,test
3299,test
4911,test
10934,test
29078,test
26520,test
10079,test
30668,test
19896,test
23482,test
8956,test
1311,test
16281,test
13805,test
5879,test
14226,test
23541,test
22896,test
21034,test
7995,test
8400,test
9607,test
28813,test
21130,test
28653,test
12184,test
8788,test
18192,test
6990,test
13045,test
8352,test
20511,test
16059,test
828,test
19125,test
21333,test
18561,test
7747,test
17533,test
29363,test
22107,test
3425,test
15665,test
27751,test
14041,test
16625,test
1182,test
30432,test
5498,test
30113,test
9013,test
15419,test
28141,test
22563,test
21269,test
21397,test
18179,test
22869,test
22548,test
20188,test
18421,test
17522,test
9066,test
4419,test
20924,test
17096,test
5856,test
14989,test
3926,test
14621,test
6199,test
29471,test
19165,test
24023,test
9267,test
10726,test
7523,test
19392,test
13097,test
19515,test
11426,test
6409,test
20618,test
26257,test
22002,test
3939,test
29449,test
29412,test
1326,test
22063,test
21764,test
30328,test
11007,test
16478,test
4560,test
5925,test
6789,test
7824,test
9345,test
29762,test
27836,test
18251,test
5581,test
2875,test
12143,test
27037,test
20090,test
21906,test
3958,test
2164,test
21337,test
10634,test
6776,test
15219,test
13515,test
24055,test
19720,test
23173,test
7086,test
21469,test
14481,test
7580,test
8022,test
23069,test
14969,test
14311,test
16208,test
8456,test
12318,test
25598,test
27964,test
23925,test
30409,test
30623,test
25477,test
3578,test
2228,test
4761,test
16896,test
26679,test
3696,test
29401,test
19124,test
15583,test
24729,test
18589,test
15582,test
22930,test
23096,test
1442,test
16884,test
1346,test
1844,test
15098,test
7382,test
28401,test
4282,test
9094,test
25993,test
557,test
11538,test
12384,test
26285,test
9616,test
17649,test
9988,test
6236,test
16696,test
22531,test
29466,test
8772,test
29503,test
23272,test
3386,test
6643,test
13673,test
7264,test
3489,test
15034,test
14731,test
6419,test
7276,test
27831,test
29635,test
14662,test
14085,test
8306,test
26342,test
13386,test
5029,test
17241,test
7642,test
29616,test
6767,test
20569,test
17970,test
760,test
12714,test
20137,test
3618,test
174,test
21977,test
14212,test
24000,test
29267,test
27363,test
27848,test
20962,test
8080,test
26611,test
22876,test
12503,test
14967,test
3610,test
23904,test
26602,test
21632,test
1571,test
30066,test
8082,test
29151,test
21234,test
2545,test
3929,test
28787,test
13868,test
3384,test
28822,test
8790,test
29826,test
6237,test
22503,test
28740,test
16172,test
20208,test
6568,test
7745,test
4677,test
17261,test
29339,test
2921,test
4014,test
4914,test
23819,test
8135,test
26244,test
28009,test
2079,test
20813,test
27392,test
22131,test
11964,test
25884,test
24004,test
7916,test
22277,test
12149,test
24919,test
5788,test
10047,test
23429,test
2083,test
10732,test
2400,test
23379,test
25714,test
9973,test
20256,test
9688,test
30267,test
9952,test
17404,test
18554,test
12833,test
18033,test
16699,test
27504,test
15798,test
23593,test
10014,test
27618,test
6777,test
19550,test
23483,test
10127,test
20657,test
28769,test
29494,test
4345,test
7230,test
16864,test
14120,test
21872,test
15931,test
2064,test
20436,test
1343,test
20527,test
16816,test
1218,test
2495,test
9913,test
12335,test
26294,test
22442,test
29311,test
1730,test
17373,test
30237,test
26302,test
12103,test
8629,test
1008,test
18928,test
22709,test
2942,test
872,test
19869,test
15907,test
24536,test
5548,test
6993,test
9058,test
28992,test
30627,test
14927,test
6833,test
1528,test
4438,test
382,test
17985,test
20146,test
5240,test
4873,test
3046,test
5846,test
23109,test
19915,test
29322,test
24341,test
4119,test
12963,test
8128,test
19460,test
20865,test
20675,test
16283,test
20339,test
14097,test
4703,test
2781,test
885,test
26706,test
30339,test
4173,test
3116,test
1450,test
13572,test
8962,test
9089,test
3327,test
6573,test
13528,test
23609,test
9286,test
23508,test
3573,test
29896,test
18849,test
27629,test
14979,test
3806,test
18689,test
20748,test
2786,test
9958,test
4348,test
12383,test
29660,test
23490,test
2344,test
6692,test
18914,test
19899,test
10553,test
16368,test
29030,test
6693,test
30609,test
28049,test
25604,test
6556,test
17657,test
17976,test
9706,test
10999,test
5968,test
2701,test
12134,test
5164,test
22847,test
21353,test
6452,test
28743,test
16098,test
15375,test
3655,test
22684,test
24770,test
23932,test
23189,test
8907,test
28716,test
20671,test
18939,test
11516,test
30535,test
11392,test
4273,test
5204,test
6998,test
4530,test
13664,test
20345,test
17064,test
22627,test
5687,test
15255,test
25736,test
1408,test
27830,test
20643,test
21014,test
20771,test
24461,test
9611,test
3874,test
18691,test
17794,test
20099,test
30406,test
9462,test
30198,test
10163,test
10638,test
20757,test
24490,test
28455,test
8491,test
13268,test
9907,test
18108,test
18791,test
8160,test
30529,test
22053,test
16076,test
9830,test
18754,test
20730,test
21230,test
7640,test
14884,test
15189,test
10783,test
26786,test
861,test
29058,test
21272,test
25428,test
18124,test
7151,test
26794,test
23137,test
27240,test
28703,test
21163,test
18351,test
20126,test
15059,test
14911,test
5676,test
14495,test
701,test
3986,test
5632,test
22607,test
25650,test
16902,test
27211,test
3258,test
16722,test
17962,test
10774,test
14838,test
3001,test
2631,test
4891,test
23783,test
22888,test
16689,test
13924,test
19100,test
6632,test
11168,test
13130,test
11364,test
2556,test
7381,test
21355,test
29403,test
1448,test
18402,test
21562,test
583,test
21710,test
1404,test
1285,test
1485,test
19441,test
19446,test
20240,test
4630,test
1894,test
9020,test
7174,test
16760,test
13021,test
433,test
24389,test
20693,test
3679,test
14994,test
11525,test
22624,test
26838,test
2727,test
25719,test
3154,test
21229,test
28446,test
24646,test
2951,test
5761,test
3246,test
18350,test
1680,test
17069,test
11888,test
26566,test
19872,test
25927,test
23536,test
3583,test
16544,test
28427,test
5618,test
12818,test
28908,test
18990,test
4986,test
9513,test
25698,test
11744,test
26247,test
28577,test
26596,test
2129,test
17021,test
28424,test
8796,test
21733,test
15830,test
18266,test
17531,test
3314,test
7172,test
18040,test
15498,test
5867,test
28160,test
16655,test
17006,test
8889,test
28878,test
4300,test
23249,test
19229,test
25986,test
1074,test
11363,test
29300,test
2489,test
9339,test
30606,test
23058,test
19887,test
282,test
9628,test
6348,test
2082,test
28666,test
15733,test
27804,test
14381,test
19583,test
24007,test
3392,test
1803,test
695,test
1135,test
25146,test
6233,test
24697,test
12086,test
26936,test
23730,test
26546,test
11454,test
15153,test
13477,test
12843,test
8318,test
12314,test
14601,test
3401,test
8013,test
26865,test
2268,test
6258,test
27046,test
14209,test
12545,test
24564,test
26534,test
25300,test
16430,test
10248,test
18910,test
1,test
11567,test
12139,test
3385,test
19018,test
27752,test
5693,test
16171,test
26964,test
23082,test
1707,test
30552,test
12733,test
21905,test
25249,test
16653,test
22625,test
19101,test
7507,test
11234,test
9433,test
29555,test
3052,test
23088,test
15507,test
11850,test
18441,test
2905,test
7625,test
14888,test
9609,test
398,test
2962,test
14711,test
21944,test
8998,test
2691,test
17743,test
10439,test
14760,test
30353,test
30021,test
6935,test
12043,test
1081,test
25288,test
17269,test
23057,test
22835,test
28930,test
28611,test
19775,test
3445,test
19634,test
12584,test
17223,test
24192,test
15992,test
16795,test
21883,test
13124,test
19360,test
28975,test
17168,test
28929,test
11321,test
21896,test
17998,test
15046,test
4435,test
2601,test
15434,test
20460,test
18053,test
30250,test
15286,test
14944,test
20925,test
19122,test
19157,test
28567,test
19573,test
21220,test
6131,test
23026,test
4836,test
8598,test
17050,test
9945,test
9600,test
19203,test
22312,test
26931,test
8737,test
2276,test
11615,test
23218,test
19614,test
12764,test
2377,test
20793,test
6013,test
6399,test
10836,test
21598,test
21765,test
22034,test
4588,test
11552,test
11942,test
17282,test
6909,test
2432,test
496,test
10330,test
26914,test
3112,test
26356,test
14529,test
27413,test
29694,test
4451,test
17431,test
9554,test
1869,test
11682,test
3410,test
4370,test
28706,test
26608,test
17654,test
4923,test
21540,test
15473,test
7973,test
20649,test
26606,test
19592,test
11887,test
4646,test
6627,test
27648,test
19959,test
25960,test
14980,test
25704,test
25021,test
2149,test
26110,test
30297,test
23074,test
27457,test
30321,test
21561,test
20764,test
14617,test
2679,test
28154,test
13165,test
17726,test
9145,test
13478,test
8710,test
6037,test
3120,test
13380,test
21625,test
28650,test
6779,test
7077,test
18444,test
24839,test
18558,test
11023,test
26111,test
8886,test
13642,test
214,test
5655,test
12769,test
3528,test
2467,test
7118,test
17776,test
24525,test
2024,test
10771,test
11195,test
3932,test
7062,test
11587,test
25901,test
7178,test
18684,test
23271,test
19110,test
5177,test
10279,test
11756,test
26555,test
5719,test
14955,test
18461,test
20658,test
29153,test
16508,test
5357,test
7224,test
2637,test
23353,test
27907,test
21754,test
14646,test
7038,test
13135,test
20450,test
9011,test
20361,test
17117,test
22470,test
27939,test
26577,test
2687,test
18400,test
24413,test
8860,test
23106,test
12628,test
23621,test
11931,test
13598,test
22214,test
20116,test
15132,test
23873,test
18889,test
7093,test
18071,test
1854,test
11668,test
13206,test
5521,test
24594,test
6702,test
6164,test
13027,test
29505,test
346,test
15859,test
5991,test
1011,test
10664,test
5136,test
7893,test
843,test
15248,test
3508,test
13656,test
14682,test
29784,test
4922,test
18779,test
24545,test
6471,test
21646,test
8799,test
12640,test
3644,test
9222,test
1522,test
13518,test
15558,test
17594,test
7176,test
13037,test
11345,test
15293,test
20320,test
11747,test
8394,test
10099,test
23782,test
5731,test
22410,test
29210,test
14615,test
18,test
16314,test
27591,test
22485,test
26380,test
27664,test
1647,test
19942,test
14414,test
2821,test
11196,test
1159,test
22224,test
17557,test
11738,test
14719,test
3858,test
9243,test
20025,test
22757,test
21243,test
4049,test
2934,test
176,test
6581,test
18283,test
4798,test
339,test
124,test
26976,test
2179,test
30803,test
6511,test
14858,test
9989,test
26181,test
16958,test
25093,test
24991,test
28124,test
19258,test
30754,test
15937,test
902,test
7478,test
17711,test
11248,test
7465,test
4068,test
20439,test
29807,test
23557,test
26725,test
26384,test
16553,test
7652,test
9925,test
25343,test
4367,test
13083,test
2191,test
24505,test
5173,test
5940,test
27187,test
1539,test
1208,test
2249,test
24585,test
26075,test
4725,test
29124,test
13777,test
26563,test
5211,test
714,test
1543,test
25532,test
9832,test
27532,test
28913,test
9346,test
4329,test
26727,test
8025,test
7352,test
9152,test
29594,test
12510,test
17813,test
29342,test
26590,test
8150,test
285,test
19697,test
1736,test
19159,test
26358,test
30087,test
218,test
22934,test
13858,test
2070,test
28957,test
9556,test
24303,test
4608,test
9520,test
23206,test
30473,test
4107,test
15228,test
18406,test
12369,test
25507,test
11009,test
27508,test
26764,test
7073,test
9249,test
14214,test
2266,test
5901,test
8712,test
3173,test
10850,test
9175,test
17132,test
397,test
24732,test
18469,test
3073,test
13344,test
18718,test
24812,test
27486,test
24835,test
18635,test
26081,test
14853,test
396,test
2817,test
2546,test
27380,test
3096,test
11285,test
3598,test
2382,test
22295,test
15435,test
9073,test
2660,test
25359,test
13425,test
2540,test
8637,test
26765,test
28466,test
10506,test
22198,test
15797,test
4057,test
29128,test
13374,test
20082,test
2124,test
24087,test
6810,test
13723,test
23709,test
21953,test
10193,test
22367,test
12536,test
8220,test
13749,test
26009,test
7182,test
7525,test
16975,test
24720,test
9188,test
28546,test
12734,test
9349,test
17767,test
3890,test
18903,test
7719,test
5998,test
16222,test
23713,test
10069,test
27575,test
12136,test
26628,test
27459,test
25616,test
13666,test
27338,test
21849,test
23464,test
12059,test
2911,test
19445,test
